2026-02-23 21:35:20 | INFO | underwater_sensor_ga.pso_runner | ================================================================================
2026-02-23 21:35:20 | INFO | underwater_sensor_ga.pso_runner | Running PSO for number_of_sensors=3
2026-02-23 21:35:20 | INFO | underwater_sensor_ga.pso | PSO seeds | pso_seed=321 | scenario_seed=123
2026-02-23 21:35:22 | INFO | underwater_sensor_ga.pso | PSO iter 1/80 | best_global_cost=272.680 | iter_best=272.680
2026-02-23 21:35:22 | INFO | underwater_sensor_ga.pso | PSO iter 2/80 | best_global_cost=272.680 | iter_best=274.918
2026-02-23 21:35:22 | INFO | underwater_sensor_ga.pso | PSO iter 3/80 | best_global_cost=272.680 | iter_best=272.680
2026-02-23 21:35:22 | INFO | underwater_sensor_ga.pso | PSO iter 4/80 | best_global_cost=272.680 | iter_best=275.220
2026-02-23 21:35:22 | INFO | underwater_sensor_ga.pso | PSO iter 5/80 | best_global_cost=272.680 | iter_best=274.918
2026-02-23 21:35:22 | INFO | underwater_sensor_ga.pso | PSO iter 6/80 | best_global_cost=272.680 | iter_best=273.595
2026-02-23 21:35:22 | INFO | underwater_sensor_ga.pso | PSO iter 7/80 | best_global_cost=272.680 | iter_best=272.680
2026-02-23 21:35:23 | INFO | underwater_sensor_ga.pso | PSO iter 8/80 | best_global_cost=272.680 | iter_best=275.220
2026-02-23 21:35:23 | INFO | underwater_sensor_ga.pso | PSO iter 9/80 | best_global_cost=272.680 | iter_best=272.680
2026-02-23 21:35:23 | INFO | underwater_sensor_ga.pso | PSO iter 10/80 | best_global_cost=272.680 | iter_best=275.220
2026-02-23 21:35:23 | INFO | underwater_sensor_ga.pso | PSO iter 11/80 | best_global_cost=272.680 | iter_best=275.220
2026-02-23 21:35:23 | INFO | underwater_sensor_ga.pso | PSO iter 12/80 | best_global_cost=272.680 | iter_best=274.918
2026-02-23 21:35:23 | INFO | underwater_sensor_ga.pso | PSO iter 13/80 | best_global_cost=272.680 | iter_best=273.595
2026-02-23 21:35:23 | INFO | underwater_sensor_ga.pso | PSO iter 14/80 | best_global_cost=272.680 | iter_best=274.232
2026-02-23 21:35:23 | INFO | underwater_sensor_ga.pso | PSO iter 15/80 | best_global_cost=272.680 | iter_best=272.680
2026-02-23 21:35:23 | INFO | underwater_sensor_ga.pso | PSO iter 16/80 | best_global_cost=272.680 | iter_best=272.680
2026-02-23 21:35:23 | INFO | underwater_sensor_ga.pso | PSO iter 17/80 | best_global_cost=272.680 | iter_best=272.680
2026-02-23 21:35:23 | INFO | underwater_sensor_ga.pso | PSO iter 18/80 | best_global_cost=272.680 | iter_best=274.898
2026-02-23 21:35:23 | INFO | underwater_sensor_ga.pso | PSO iter 19/80 | best_global_cost=272.680 | iter_best=275.832
2026-02-23 21:35:23 | INFO | underwater_sensor_ga.pso | PSO iter 20/80 | best_global_cost=272.680 | iter_best=273.595
2026-02-23 21:35:23 | INFO | underwater_sensor_ga.pso | PSO iter 21/80 | best_global_cost=272.680 | iter_best=272.680
2026-02-23 21:35:23 | INFO | underwater_sensor_ga.pso | PSO iter 22/80 | best_global_cost=272.680 | iter_best=274.918
2026-02-23 21:35:23 | INFO | underwater_sensor_ga.pso | PSO iter 23/80 | best_global_cost=272.680 | iter_best=275.220
2026-02-23 21:35:23 | INFO | underwater_sensor_ga.pso | PSO iter 24/80 | best_global_cost=272.680 | iter_best=274.918
2026-02-23 21:35:23 | INFO | underwater_sensor_ga.pso | PSO iter 25/80 | best_global_cost=272.680 | iter_best=274.918
2026-02-23 21:35:23 | INFO | underwater_sensor_ga.pso | PSO iter 26/80 | best_global_cost=272.680 | iter_best=273.595
2026-02-23 21:35:23 | INFO | underwater_sensor_ga.pso | PSO iter 27/80 | best_global_cost=272.680 | iter_best=273.595
2026-02-23 21:35:23 | INFO | underwater_sensor_ga.pso | PSO iter 28/80 | best_global_cost=272.680 | iter_best=274.232
2026-02-23 21:35:23 | INFO | underwater_sensor_ga.pso | PSO iter 29/80 | best_global_cost=272.680 | iter_best=274.232
2026-02-23 21:35:23 | INFO | underwater_sensor_ga.pso | PSO iter 30/80 | best_global_cost=272.680 | iter_best=272.680
2026-02-23 21:35:23 | INFO | underwater_sensor_ga.pso | PSO iter 31/80 | best_global_cost=272.680 | iter_best=274.232
2026-02-23 21:35:23 | INFO | underwater_sensor_ga.pso | PSO iter 32/80 | best_global_cost=272.680 | iter_best=272.680
2026-02-23 21:35:23 | INFO | underwater_sensor_ga.pso | PSO iter 33/80 | best_global_cost=272.680 | iter_best=273.595
2026-02-23 21:35:23 | INFO | underwater_sensor_ga.pso | PSO iter 34/80 | best_global_cost=272.680 | iter_best=273.595
2026-02-23 21:35:23 | INFO | underwater_sensor_ga.pso | PSO iter 35/80 | best_global_cost=272.680 | iter_best=272.680
2026-02-23 21:35:23 | INFO | underwater_sensor_ga.pso | PSO iter 36/80 | best_global_cost=272.680 | iter_best=272.680
2026-02-23 21:35:23 | INFO | underwater_sensor_ga.pso | PSO iter 37/80 | best_global_cost=272.680 | iter_best=273.406
2026-02-23 21:35:23 | INFO | underwater_sensor_ga.pso | PSO iter 38/80 | best_global_cost=272.680 | iter_best=275.220
2026-02-23 21:35:23 | INFO | underwater_sensor_ga.pso | PSO iter 39/80 | best_global_cost=272.680 | iter_best=272.680
2026-02-23 21:35:24 | INFO | underwater_sensor_ga.pso | PSO iter 40/80 | best_global_cost=272.680 | iter_best=272.680
2026-02-23 21:35:24 | INFO | underwater_sensor_ga.pso | PSO iter 41/80 | best_global_cost=272.680 | iter_best=272.680
2026-02-23 21:35:24 | INFO | underwater_sensor_ga.pso | PSO iter 42/80 | best_global_cost=272.680 | iter_best=275.220
2026-02-23 21:35:24 | INFO | underwater_sensor_ga.pso | PSO iter 43/80 | best_global_cost=272.680 | iter_best=275.220
2026-02-23 21:35:24 | INFO | underwater_sensor_ga.pso | PSO iter 44/80 | best_global_cost=272.680 | iter_best=272.680
2026-02-23 21:35:24 | INFO | underwater_sensor_ga.pso | PSO iter 45/80 | best_global_cost=272.680 | iter_best=275.220
2026-02-23 21:35:24 | INFO | underwater_sensor_ga.pso | PSO iter 46/80 | best_global_cost=272.680 | iter_best=272.680
2026-02-23 21:35:24 | INFO | underwater_sensor_ga.pso | PSO iter 47/80 | best_global_cost=272.680 | iter_best=276.281
2026-02-23 21:35:24 | INFO | underwater_sensor_ga.pso | PSO iter 48/80 | best_global_cost=272.680 | iter_best=274.232
2026-02-23 21:35:24 | INFO | underwater_sensor_ga.pso | PSO iter 49/80 | best_global_cost=272.680 | iter_best=273.506
2026-02-23 21:35:24 | INFO | underwater_sensor_ga.pso | PSO iter 50/80 | best_global_cost=272.680 | iter_best=274.232
2026-02-23 21:35:24 | INFO | underwater_sensor_ga.pso | PSO iter 51/80 | best_global_cost=272.680 | iter_best=272.680
2026-02-23 21:35:24 | INFO | underwater_sensor_ga.pso | PSO iter 52/80 | best_global_cost=272.680 | iter_best=275.220
2026-02-23 21:35:24 | INFO | underwater_sensor_ga.pso | PSO iter 53/80 | best_global_cost=272.680 | iter_best=272.680
2026-02-23 21:35:24 | INFO | underwater_sensor_ga.pso | PSO iter 54/80 | best_global_cost=272.680 | iter_best=273.595
2026-02-23 21:35:24 | INFO | underwater_sensor_ga.pso | PSO iter 55/80 | best_global_cost=272.680 | iter_best=277.471
2026-02-23 21:35:24 | INFO | underwater_sensor_ga.pso | PSO iter 56/80 | best_global_cost=272.680 | iter_best=274.918
2026-02-23 21:35:24 | INFO | underwater_sensor_ga.pso | PSO iter 57/80 | best_global_cost=272.680 | iter_best=274.232
2026-02-23 21:35:24 | INFO | underwater_sensor_ga.pso | PSO iter 58/80 | best_global_cost=272.680 | iter_best=275.220
2026-02-23 21:35:24 | INFO | underwater_sensor_ga.pso | PSO iter 59/80 | best_global_cost=272.680 | iter_best=273.506
2026-02-23 21:35:24 | INFO | underwater_sensor_ga.pso | PSO iter 60/80 | best_global_cost=272.680 | iter_best=273.595
2026-02-23 21:35:24 | INFO | underwater_sensor_ga.pso | PSO iter 61/80 | best_global_cost=272.680 | iter_best=274.232
2026-02-23 21:35:24 | INFO | underwater_sensor_ga.pso | PSO iter 62/80 | best_global_cost=272.680 | iter_best=272.680
2026-02-23 21:35:24 | INFO | underwater_sensor_ga.pso | PSO iter 63/80 | best_global_cost=272.680 | iter_best=272.680
2026-02-23 21:35:24 | INFO | underwater_sensor_ga.pso | PSO iter 64/80 | best_global_cost=272.680 | iter_best=272.680
2026-02-23 21:35:24 | INFO | underwater_sensor_ga.pso | PSO iter 65/80 | best_global_cost=272.680 | iter_best=274.918
2026-02-23 21:35:24 | INFO | underwater_sensor_ga.pso | PSO iter 66/80 | best_global_cost=272.680 | iter_best=277.471
2026-02-23 21:35:24 | INFO | underwater_sensor_ga.pso | PSO iter 67/80 | best_global_cost=272.680 | iter_best=275.220
2026-02-23 21:35:24 | INFO | underwater_sensor_ga.pso | PSO iter 68/80 | best_global_cost=272.680 | iter_best=272.680
2026-02-23 21:35:24 | INFO | underwater_sensor_ga.pso | PSO iter 69/80 | best_global_cost=272.680 | iter_best=273.595
2026-02-23 21:35:24 | INFO | underwater_sensor_ga.pso | PSO iter 70/80 | best_global_cost=272.680 | iter_best=275.220
2026-02-23 21:35:25 | INFO | underwater_sensor_ga.pso | PSO iter 71/80 | best_global_cost=272.680 | iter_best=272.680
2026-02-23 21:35:25 | INFO | underwater_sensor_ga.pso | PSO iter 72/80 | best_global_cost=272.680 | iter_best=275.220
2026-02-23 21:35:25 | INFO | underwater_sensor_ga.pso | PSO iter 73/80 | best_global_cost=272.680 | iter_best=272.680
2026-02-23 21:35:25 | INFO | underwater_sensor_ga.pso | PSO iter 74/80 | best_global_cost=272.680 | iter_best=274.918
2026-02-23 21:35:25 | INFO | underwater_sensor_ga.pso | PSO iter 75/80 | best_global_cost=272.680 | iter_best=273.595
2026-02-23 21:35:25 | INFO | underwater_sensor_ga.pso | PSO iter 76/80 | best_global_cost=272.680 | iter_best=272.680
2026-02-23 21:35:25 | INFO | underwater_sensor_ga.pso | PSO iter 77/80 | best_global_cost=272.680 | iter_best=274.232
2026-02-23 21:35:25 | INFO | underwater_sensor_ga.pso | PSO iter 78/80 | best_global_cost=272.680 | iter_best=273.506
2026-02-23 21:35:25 | INFO | underwater_sensor_ga.pso | PSO iter 79/80 | best_global_cost=272.680 | iter_best=272.680
2026-02-23 21:35:25 | INFO | underwater_sensor_ga.pso | PSO iter 80/80 | best_global_cost=272.680 | iter_best=272.680
2026-02-23 21:35:25 | INFO | underwater_sensor_ga.pso_runner | Final PSO best cost (N=3): 272.680
2026-02-23 21:35:25 | INFO | underwater_sensor_ga.pso_runner | ================================================================================
2026-02-23 21:35:25 | INFO | underwater_sensor_ga.pso_runner | Running PSO for number_of_sensors=4
2026-02-23 21:35:25 | INFO | underwater_sensor_ga.pso | PSO seeds | pso_seed=321 | scenario_seed=123
2026-02-23 21:35:25 | INFO | underwater_sensor_ga.pso | PSO iter 1/80 | best_global_cost=28.053 | iter_best=28.053
2026-02-23 21:35:25 | INFO | underwater_sensor_ga.pso | PSO iter 2/80 | best_global_cost=20.773 | iter_best=20.773
2026-02-23 21:35:25 | INFO | underwater_sensor_ga.pso | PSO iter 3/80 | best_global_cost=20.773 | iter_best=24.464
2026-02-23 21:35:26 | INFO | underwater_sensor_ga.pso | PSO iter 4/80 | best_global_cost=20.773 | iter_best=27.403
2026-02-23 21:35:26 | INFO | underwater_sensor_ga.pso | PSO iter 5/80 | best_global_cost=12.991 | iter_best=12.991
2026-02-23 21:35:26 | INFO | underwater_sensor_ga.pso | PSO iter 6/80 | best_global_cost=12.991 | iter_best=24.675
2026-02-23 21:35:26 | INFO | underwater_sensor_ga.pso | PSO iter 7/80 | best_global_cost=12.991 | iter_best=16.008
2026-02-23 21:35:26 | INFO | underwater_sensor_ga.pso | PSO iter 8/80 | best_global_cost=12.991 | iter_best=17.609
2026-02-23 21:35:26 | INFO | underwater_sensor_ga.pso | PSO iter 9/80 | best_global_cost=12.991 | iter_best=21.878
2026-02-23 21:35:26 | INFO | underwater_sensor_ga.pso | PSO iter 10/80 | best_global_cost=12.312 | iter_best=12.312
2026-02-23 21:35:26 | INFO | underwater_sensor_ga.pso | PSO iter 11/80 | best_global_cost=12.312 | iter_best=16.955
2026-02-23 21:35:27 | INFO | underwater_sensor_ga.pso | PSO iter 12/80 | best_global_cost=12.312 | iter_best=18.437
2026-02-23 21:35:27 | INFO | underwater_sensor_ga.pso | PSO iter 13/80 | best_global_cost=12.312 | iter_best=34.726
2026-02-23 21:35:27 | INFO | underwater_sensor_ga.pso | PSO iter 14/80 | best_global_cost=12.312 | iter_best=21.644
2026-02-23 21:35:27 | INFO | underwater_sensor_ga.pso | PSO iter 15/80 | best_global_cost=12.312 | iter_best=22.490
2026-02-23 21:35:27 | INFO | underwater_sensor_ga.pso | PSO iter 16/80 | best_global_cost=12.312 | iter_best=28.647
2026-02-23 21:35:27 | INFO | underwater_sensor_ga.pso | PSO iter 17/80 | best_global_cost=12.312 | iter_best=31.338
2026-02-23 21:35:27 | INFO | underwater_sensor_ga.pso | PSO iter 18/80 | best_global_cost=12.312 | iter_best=19.874
2026-02-23 21:35:27 | INFO | underwater_sensor_ga.pso | PSO iter 19/80 | best_global_cost=12.312 | iter_best=32.415
2026-02-23 21:35:27 | INFO | underwater_sensor_ga.pso | PSO iter 20/80 | best_global_cost=12.312 | iter_best=17.827
2026-02-23 21:35:28 | INFO | underwater_sensor_ga.pso | PSO iter 21/80 | best_global_cost=12.312 | iter_best=30.372
2026-02-23 21:35:28 | INFO | underwater_sensor_ga.pso | PSO iter 22/80 | best_global_cost=12.312 | iter_best=26.499
2026-02-23 21:35:28 | INFO | underwater_sensor_ga.pso | PSO iter 23/80 | best_global_cost=12.312 | iter_best=23.701
2026-02-23 21:35:28 | INFO | underwater_sensor_ga.pso | PSO iter 24/80 | best_global_cost=12.312 | iter_best=14.328
2026-02-23 21:35:28 | INFO | underwater_sensor_ga.pso | PSO iter 25/80 | best_global_cost=12.312 | iter_best=21.502
2026-02-23 21:35:28 | INFO | underwater_sensor_ga.pso | PSO iter 26/80 | best_global_cost=12.312 | iter_best=14.637
2026-02-23 21:35:28 | INFO | underwater_sensor_ga.pso | PSO iter 27/80 | best_global_cost=12.312 | iter_best=23.711
2026-02-23 21:35:28 | INFO | underwater_sensor_ga.pso | PSO iter 28/80 | best_global_cost=12.312 | iter_best=24.037
2026-02-23 21:35:28 | INFO | underwater_sensor_ga.pso | PSO iter 29/80 | best_global_cost=12.312 | iter_best=18.706
2026-02-23 21:35:28 | INFO | underwater_sensor_ga.pso | PSO iter 30/80 | best_global_cost=12.312 | iter_best=21.543
2026-02-23 21:35:29 | INFO | underwater_sensor_ga.pso | PSO iter 31/80 | best_global_cost=12.312 | iter_best=23.892
2026-02-23 21:35:29 | INFO | underwater_sensor_ga.pso | PSO iter 32/80 | best_global_cost=12.312 | iter_best=39.728
2026-02-23 21:35:29 | INFO | underwater_sensor_ga.pso | PSO iter 33/80 | best_global_cost=12.312 | iter_best=24.510
2026-02-23 21:35:29 | INFO | underwater_sensor_ga.pso | PSO iter 34/80 | best_global_cost=12.312 | iter_best=29.302
2026-02-23 21:35:29 | INFO | underwater_sensor_ga.pso | PSO iter 35/80 | best_global_cost=12.312 | iter_best=20.590
2026-02-23 21:35:29 | INFO | underwater_sensor_ga.pso | PSO iter 36/80 | best_global_cost=12.312 | iter_best=19.159
2026-02-23 21:35:29 | INFO | underwater_sensor_ga.pso | PSO iter 37/80 | best_global_cost=12.312 | iter_best=17.484
2026-02-23 21:35:29 | INFO | underwater_sensor_ga.pso | PSO iter 38/80 | best_global_cost=12.312 | iter_best=20.464
2026-02-23 21:35:29 | INFO | underwater_sensor_ga.pso | PSO iter 39/80 | best_global_cost=12.312 | iter_best=26.328
2026-02-23 21:35:29 | INFO | underwater_sensor_ga.pso | PSO iter 40/80 | best_global_cost=12.312 | iter_best=14.232
2026-02-23 21:35:30 | INFO | underwater_sensor_ga.pso | PSO iter 41/80 | best_global_cost=12.312 | iter_best=13.804
2026-02-23 21:35:30 | INFO | underwater_sensor_ga.pso | PSO iter 42/80 | best_global_cost=12.312 | iter_best=22.334
2026-02-23 21:35:30 | INFO | underwater_sensor_ga.pso | PSO iter 43/80 | best_global_cost=12.312 | iter_best=18.745
2026-02-23 21:35:30 | INFO | underwater_sensor_ga.pso | PSO iter 44/80 | best_global_cost=12.312 | iter_best=29.902
2026-02-23 21:35:30 | INFO | underwater_sensor_ga.pso | PSO iter 45/80 | best_global_cost=12.312 | iter_best=22.894
2026-02-23 21:35:30 | INFO | underwater_sensor_ga.pso | PSO iter 46/80 | best_global_cost=12.312 | iter_best=24.676
2026-02-23 21:35:30 | INFO | underwater_sensor_ga.pso | PSO iter 47/80 | best_global_cost=12.312 | iter_best=27.253
2026-02-23 21:35:30 | INFO | underwater_sensor_ga.pso | PSO iter 48/80 | best_global_cost=12.312 | iter_best=25.264
2026-02-23 21:35:30 | INFO | underwater_sensor_ga.pso | PSO iter 49/80 | best_global_cost=12.312 | iter_best=15.819
2026-02-23 21:35:31 | INFO | underwater_sensor_ga.pso | PSO iter 50/80 | best_global_cost=11.120 | iter_best=11.120
2026-02-23 21:35:31 | INFO | underwater_sensor_ga.pso | PSO iter 51/80 | best_global_cost=11.120 | iter_best=22.587
2026-02-23 21:35:31 | INFO | underwater_sensor_ga.pso | PSO iter 52/80 | best_global_cost=11.120 | iter_best=23.229
2026-02-23 21:35:31 | INFO | underwater_sensor_ga.pso | PSO iter 53/80 | best_global_cost=11.120 | iter_best=25.743
2026-02-23 21:35:31 | INFO | underwater_sensor_ga.pso | PSO iter 54/80 | best_global_cost=11.120 | iter_best=16.720
2026-02-23 21:35:31 | INFO | underwater_sensor_ga.pso | PSO iter 55/80 | best_global_cost=11.120 | iter_best=16.495
2026-02-23 21:35:31 | INFO | underwater_sensor_ga.pso | PSO iter 56/80 | best_global_cost=11.120 | iter_best=18.546
2026-02-23 21:35:31 | INFO | underwater_sensor_ga.pso | PSO iter 57/80 | best_global_cost=11.120 | iter_best=20.198
2026-02-23 21:35:31 | INFO | underwater_sensor_ga.pso | PSO iter 58/80 | best_global_cost=11.120 | iter_best=22.624
2026-02-23 21:35:31 | INFO | underwater_sensor_ga.pso | PSO iter 59/80 | best_global_cost=11.120 | iter_best=30.585
2026-02-23 21:35:32 | INFO | underwater_sensor_ga.pso | PSO iter 60/80 | best_global_cost=11.120 | iter_best=19.806
2026-02-23 21:35:32 | INFO | underwater_sensor_ga.pso | PSO iter 61/80 | best_global_cost=11.120 | iter_best=18.646
2026-02-23 21:35:32 | INFO | underwater_sensor_ga.pso | PSO iter 62/80 | best_global_cost=11.120 | iter_best=21.067
2026-02-23 21:35:32 | INFO | underwater_sensor_ga.pso | PSO iter 63/80 | best_global_cost=11.120 | iter_best=20.391
2026-02-23 21:35:32 | INFO | underwater_sensor_ga.pso | PSO iter 64/80 | best_global_cost=11.120 | iter_best=26.447
2026-02-23 21:35:32 | INFO | underwater_sensor_ga.pso | PSO iter 65/80 | best_global_cost=11.120 | iter_best=29.927
2026-02-23 21:35:32 | INFO | underwater_sensor_ga.pso | PSO iter 66/80 | best_global_cost=11.120 | iter_best=22.325
2026-02-23 21:35:32 | INFO | underwater_sensor_ga.pso | PSO iter 67/80 | best_global_cost=11.120 | iter_best=20.609
2026-02-23 21:35:32 | INFO | underwater_sensor_ga.pso | PSO iter 68/80 | best_global_cost=11.120 | iter_best=13.572
2026-02-23 21:35:32 | INFO | underwater_sensor_ga.pso | PSO iter 69/80 | best_global_cost=11.120 | iter_best=18.212
2026-02-23 21:35:33 | INFO | underwater_sensor_ga.pso | PSO iter 70/80 | best_global_cost=11.120 | iter_best=18.606
2026-02-23 21:35:33 | INFO | underwater_sensor_ga.pso | PSO iter 71/80 | best_global_cost=11.120 | iter_best=16.855
2026-02-23 21:35:33 | INFO | underwater_sensor_ga.pso | PSO iter 72/80 | best_global_cost=11.120 | iter_best=15.532
2026-02-23 21:35:33 | INFO | underwater_sensor_ga.pso | PSO iter 73/80 | best_global_cost=11.120 | iter_best=14.234
2026-02-23 21:35:33 | INFO | underwater_sensor_ga.pso | PSO iter 74/80 | best_global_cost=11.120 | iter_best=20.020
2026-02-23 21:35:33 | INFO | underwater_sensor_ga.pso | PSO iter 75/80 | best_global_cost=11.120 | iter_best=22.296
2026-02-23 21:35:33 | INFO | underwater_sensor_ga.pso | PSO iter 76/80 | best_global_cost=11.120 | iter_best=38.778
2026-02-23 21:35:33 | INFO | underwater_sensor_ga.pso | PSO iter 77/80 | best_global_cost=11.120 | iter_best=21.145
2026-02-23 21:35:33 | INFO | underwater_sensor_ga.pso | PSO iter 78/80 | best_global_cost=11.120 | iter_best=21.247
2026-02-23 21:35:33 | INFO | underwater_sensor_ga.pso | PSO iter 79/80 | best_global_cost=11.120 | iter_best=20.492
2026-02-23 21:35:34 | INFO | underwater_sensor_ga.pso | PSO iter 80/80 | best_global_cost=11.120 | iter_best=26.535
2026-02-23 21:35:34 | INFO | underwater_sensor_ga.pso_runner | Final PSO best cost (N=4): 11.120
2026-02-23 21:35:34 | INFO | underwater_sensor_ga.pso_runner | ================================================================================
2026-02-23 21:35:34 | INFO | underwater_sensor_ga.pso_runner | Running PSO for number_of_sensors=5
2026-02-23 21:35:34 | INFO | underwater_sensor_ga.pso | PSO seeds | pso_seed=321 | scenario_seed=123
2026-02-23 21:35:34 | INFO | underwater_sensor_ga.pso | PSO iter 1/80 | best_global_cost=104.451 | iter_best=104.451
2026-02-23 21:35:34 | INFO | underwater_sensor_ga.pso | PSO iter 2/80 | best_global_cost=78.474 | iter_best=78.474
2026-02-23 21:35:34 | INFO | underwater_sensor_ga.pso | PSO iter 3/80 | best_global_cost=78.474 | iter_best=145.448
2026-02-23 21:35:34 | INFO | underwater_sensor_ga.pso | PSO iter 4/80 | best_global_cost=52.435 | iter_best=52.435
2026-02-23 21:35:35 | INFO | underwater_sensor_ga.pso | PSO iter 5/80 | best_global_cost=52.435 | iter_best=112.982
2026-02-23 21:35:35 | INFO | underwater_sensor_ga.pso | PSO iter 6/80 | best_global_cost=52.435 | iter_best=72.860
2026-02-23 21:35:35 | INFO | underwater_sensor_ga.pso | PSO iter 7/80 | best_global_cost=52.435 | iter_best=95.428
2026-02-23 21:35:35 | INFO | underwater_sensor_ga.pso | PSO iter 8/80 | best_global_cost=52.435 | iter_best=89.705
2026-02-23 21:35:35 | INFO | underwater_sensor_ga.pso | PSO iter 9/80 | best_global_cost=52.435 | iter_best=79.189
2026-02-23 21:35:35 | INFO | underwater_sensor_ga.pso | PSO iter 10/80 | best_global_cost=52.435 | iter_best=103.232
2026-02-23 21:35:35 | INFO | underwater_sensor_ga.pso | PSO iter 11/80 | best_global_cost=52.435 | iter_best=59.401
2026-02-23 21:35:35 | INFO | underwater_sensor_ga.pso | PSO iter 12/80 | best_global_cost=51.721 | iter_best=51.721
2026-02-23 21:35:36 | INFO | underwater_sensor_ga.pso | PSO iter 13/80 | best_global_cost=51.721 | iter_best=147.374
2026-02-23 21:35:36 | INFO | underwater_sensor_ga.pso | PSO iter 14/80 | best_global_cost=51.721 | iter_best=82.017
2026-02-23 21:35:36 | INFO | underwater_sensor_ga.pso | PSO iter 15/80 | best_global_cost=51.721 | iter_best=61.577
2026-02-23 21:35:36 | INFO | underwater_sensor_ga.pso | PSO iter 16/80 | best_global_cost=51.721 | iter_best=73.495
2026-02-23 21:35:36 | INFO | underwater_sensor_ga.pso | PSO iter 17/80 | best_global_cost=51.721 | iter_best=79.710
2026-02-23 21:35:36 | INFO | underwater_sensor_ga.pso | PSO iter 18/80 | best_global_cost=51.465 | iter_best=51.465
2026-02-23 21:35:36 | INFO | underwater_sensor_ga.pso | PSO iter 19/80 | best_global_cost=51.465 | iter_best=70.225
2026-02-23 21:35:36 | INFO | underwater_sensor_ga.pso | PSO iter 20/80 | best_global_cost=51.465 | iter_best=99.304
2026-02-23 21:35:37 | INFO | underwater_sensor_ga.pso | PSO iter 21/80 | best_global_cost=51.465 | iter_best=81.586
2026-02-23 21:35:37 | INFO | underwater_sensor_ga.pso | PSO iter 22/80 | best_global_cost=51.465 | iter_best=59.667
2026-02-23 21:35:37 | INFO | underwater_sensor_ga.pso | PSO iter 23/80 | best_global_cost=51.465 | iter_best=90.249
2026-02-23 21:35:37 | INFO | underwater_sensor_ga.pso | PSO iter 24/80 | best_global_cost=51.465 | iter_best=51.701
2026-02-23 21:35:37 | INFO | underwater_sensor_ga.pso | PSO iter 25/80 | best_global_cost=51.465 | iter_best=83.742
2026-02-23 21:35:37 | INFO | underwater_sensor_ga.pso | PSO iter 26/80 | best_global_cost=51.465 | iter_best=124.596
2026-02-23 21:35:37 | INFO | underwater_sensor_ga.pso | PSO iter 27/80 | best_global_cost=51.465 | iter_best=88.706
2026-02-23 21:35:37 | INFO | underwater_sensor_ga.pso | PSO iter 28/80 | best_global_cost=51.465 | iter_best=88.645
2026-02-23 21:35:37 | INFO | underwater_sensor_ga.pso | PSO iter 29/80 | best_global_cost=51.465 | iter_best=66.391
2026-02-23 21:35:38 | INFO | underwater_sensor_ga.pso | PSO iter 30/80 | best_global_cost=51.465 | iter_best=77.383
2026-02-23 21:35:38 | INFO | underwater_sensor_ga.pso | PSO iter 31/80 | best_global_cost=50.657 | iter_best=50.657
2026-02-23 21:35:38 | INFO | underwater_sensor_ga.pso | PSO iter 32/80 | best_global_cost=50.657 | iter_best=62.629
2026-02-23 21:35:38 | INFO | underwater_sensor_ga.pso | PSO iter 33/80 | best_global_cost=50.657 | iter_best=51.898
2026-02-23 21:35:38 | INFO | underwater_sensor_ga.pso | PSO iter 34/80 | best_global_cost=50.657 | iter_best=65.830
2026-02-23 21:35:38 | INFO | underwater_sensor_ga.pso | PSO iter 35/80 | best_global_cost=50.657 | iter_best=56.404
2026-02-23 21:35:38 | INFO | underwater_sensor_ga.pso | PSO iter 36/80 | best_global_cost=50.657 | iter_best=86.068
2026-02-23 21:35:38 | INFO | underwater_sensor_ga.pso | PSO iter 37/80 | best_global_cost=50.657 | iter_best=78.898
2026-02-23 21:35:38 | INFO | underwater_sensor_ga.pso | PSO iter 38/80 | best_global_cost=50.657 | iter_best=108.507
2026-02-23 21:35:39 | INFO | underwater_sensor_ga.pso | PSO iter 39/80 | best_global_cost=50.657 | iter_best=115.481
2026-02-23 21:35:39 | INFO | underwater_sensor_ga.pso | PSO iter 40/80 | best_global_cost=50.657 | iter_best=78.631
2026-02-23 21:35:39 | INFO | underwater_sensor_ga.pso | PSO iter 41/80 | best_global_cost=50.657 | iter_best=80.668
2026-02-23 21:35:39 | INFO | underwater_sensor_ga.pso | PSO iter 42/80 | best_global_cost=50.657 | iter_best=80.852
2026-02-23 21:35:39 | INFO | underwater_sensor_ga.pso | PSO iter 43/80 | best_global_cost=50.657 | iter_best=63.924
2026-02-23 21:35:39 | INFO | underwater_sensor_ga.pso | PSO iter 44/80 | best_global_cost=50.657 | iter_best=52.212
2026-02-23 21:35:39 | INFO | underwater_sensor_ga.pso | PSO iter 45/80 | best_global_cost=50.657 | iter_best=110.799
2026-02-23 21:35:39 | INFO | underwater_sensor_ga.pso | PSO iter 46/80 | best_global_cost=50.657 | iter_best=111.030
2026-02-23 21:35:39 | INFO | underwater_sensor_ga.pso | PSO iter 47/80 | best_global_cost=50.657 | iter_best=56.574
2026-02-23 21:35:40 | INFO | underwater_sensor_ga.pso | PSO iter 48/80 | best_global_cost=50.657 | iter_best=70.154
2026-02-23 21:35:40 | INFO | underwater_sensor_ga.pso | PSO iter 49/80 | best_global_cost=50.657 | iter_best=70.824
2026-02-23 21:35:40 | INFO | underwater_sensor_ga.pso | PSO iter 50/80 | best_global_cost=50.657 | iter_best=122.943
2026-02-23 21:35:40 | INFO | underwater_sensor_ga.pso | PSO iter 51/80 | best_global_cost=50.657 | iter_best=68.394
2026-02-23 21:35:40 | INFO | underwater_sensor_ga.pso | PSO iter 52/80 | best_global_cost=50.657 | iter_best=57.752
2026-02-23 21:35:40 | INFO | underwater_sensor_ga.pso | PSO iter 53/80 | best_global_cost=50.657 | iter_best=75.185
2026-02-23 21:35:40 | INFO | underwater_sensor_ga.pso | PSO iter 54/80 | best_global_cost=50.657 | iter_best=68.535
2026-02-23 21:35:40 | INFO | underwater_sensor_ga.pso | PSO iter 55/80 | best_global_cost=50.657 | iter_best=78.273
2026-02-23 21:35:41 | INFO | underwater_sensor_ga.pso | PSO iter 56/80 | best_global_cost=50.657 | iter_best=72.530
2026-02-23 21:35:41 | INFO | underwater_sensor_ga.pso | PSO iter 57/80 | best_global_cost=50.657 | iter_best=82.495
2026-02-23 21:35:41 | INFO | underwater_sensor_ga.pso | PSO iter 58/80 | best_global_cost=50.657 | iter_best=67.674
2026-02-23 21:35:41 | INFO | underwater_sensor_ga.pso | PSO iter 59/80 | best_global_cost=50.657 | iter_best=56.943
2026-02-23 21:35:41 | INFO | underwater_sensor_ga.pso | PSO iter 60/80 | best_global_cost=50.657 | iter_best=59.361
2026-02-23 21:35:41 | INFO | underwater_sensor_ga.pso | PSO iter 61/80 | best_global_cost=50.657 | iter_best=145.667
2026-02-23 21:35:41 | INFO | underwater_sensor_ga.pso | PSO iter 62/80 | best_global_cost=50.657 | iter_best=151.244
2026-02-23 21:35:41 | INFO | underwater_sensor_ga.pso | PSO iter 63/80 | best_global_cost=50.657 | iter_best=58.043
2026-02-23 21:35:41 | INFO | underwater_sensor_ga.pso | PSO iter 64/80 | best_global_cost=50.657 | iter_best=95.257
2026-02-23 21:35:42 | INFO | underwater_sensor_ga.pso | PSO iter 65/80 | best_global_cost=50.657 | iter_best=115.554
2026-02-23 21:35:42 | INFO | underwater_sensor_ga.pso | PSO iter 66/80 | best_global_cost=50.657 | iter_best=116.581
2026-02-23 21:35:42 | INFO | underwater_sensor_ga.pso | PSO iter 67/80 | best_global_cost=50.657 | iter_best=77.331
2026-02-23 21:35:42 | INFO | underwater_sensor_ga.pso | PSO iter 68/80 | best_global_cost=50.657 | iter_best=69.530
2026-02-23 21:35:42 | INFO | underwater_sensor_ga.pso | PSO iter 69/80 | best_global_cost=50.657 | iter_best=126.687
2026-02-23 21:35:42 | INFO | underwater_sensor_ga.pso | PSO iter 70/80 | best_global_cost=50.657 | iter_best=67.567
2026-02-23 21:35:42 | INFO | underwater_sensor_ga.pso | PSO iter 71/80 | best_global_cost=50.657 | iter_best=69.153
2026-02-23 21:35:42 | INFO | underwater_sensor_ga.pso | PSO iter 72/80 | best_global_cost=50.657 | iter_best=107.124
2026-02-23 21:35:42 | INFO | underwater_sensor_ga.pso | PSO iter 73/80 | best_global_cost=50.657 | iter_best=73.541
2026-02-23 21:35:43 | INFO | underwater_sensor_ga.pso | PSO iter 74/80 | best_global_cost=50.657 | iter_best=117.457
2026-02-23 21:35:43 | INFO | underwater_sensor_ga.pso | PSO iter 75/80 | best_global_cost=50.657 | iter_best=74.088
2026-02-23 21:35:43 | INFO | underwater_sensor_ga.pso | PSO iter 76/80 | best_global_cost=50.657 | iter_best=72.472
2026-02-23 21:35:43 | INFO | underwater_sensor_ga.pso | PSO iter 77/80 | best_global_cost=50.657 | iter_best=108.842
2026-02-23 21:35:43 | INFO | underwater_sensor_ga.pso | PSO iter 78/80 | best_global_cost=50.657 | iter_best=80.678
2026-02-23 21:35:43 | INFO | underwater_sensor_ga.pso | PSO iter 79/80 | best_global_cost=50.657 | iter_best=85.870
2026-02-23 21:35:43 | INFO | underwater_sensor_ga.pso | PSO iter 80/80 | best_global_cost=50.657 | iter_best=60.004
2026-02-23 21:35:43 | INFO | underwater_sensor_ga.pso_runner | Final PSO best cost (N=5): 50.657
2026-02-23 21:35:43 | INFO | underwater_sensor_ga.pso_runner | All PSO experiments finished. Outputs under 'outputs'
2026-02-23 21:40:07 | INFO | underwater_sensor_ga.pso_runner | ================================================================================
2026-02-23 21:40:07 | INFO | underwater_sensor_ga.pso_runner | Running PSO for number_of_sensors=3
2026-02-23 21:40:07 | INFO | underwater_sensor_ga.pso | PSO seeds | pso_seed=321 | scenario_seed=123
2026-02-23 21:40:07 | INFO | underwater_sensor_ga.pso | PSO iter 1/300 | best_global_cost=272.680 | iter_best=272.680
2026-02-23 21:40:07 | INFO | underwater_sensor_ga.pso | PSO iter 2/300 | best_global_cost=272.680 | iter_best=274.918
2026-02-23 21:40:07 | INFO | underwater_sensor_ga.pso | PSO iter 3/300 | best_global_cost=272.680 | iter_best=272.680
2026-02-23 21:40:07 | INFO | underwater_sensor_ga.pso | PSO iter 4/300 | best_global_cost=272.680 | iter_best=275.220
2026-02-23 21:40:07 | INFO | underwater_sensor_ga.pso | PSO iter 5/300 | best_global_cost=272.680 | iter_best=274.918
2026-02-23 21:40:07 | INFO | underwater_sensor_ga.pso | PSO iter 6/300 | best_global_cost=272.680 | iter_best=273.595
2026-02-23 21:40:07 | INFO | underwater_sensor_ga.pso | PSO iter 7/300 | best_global_cost=272.680 | iter_best=272.680
2026-02-23 21:40:07 | INFO | underwater_sensor_ga.pso | PSO iter 8/300 | best_global_cost=272.680 | iter_best=275.220
2026-02-23 21:40:07 | INFO | underwater_sensor_ga.pso | PSO iter 9/300 | best_global_cost=272.680 | iter_best=272.680
2026-02-23 21:40:08 | INFO | underwater_sensor_ga.pso | PSO iter 10/300 | best_global_cost=272.680 | iter_best=275.220
2026-02-23 21:40:08 | INFO | underwater_sensor_ga.pso | PSO iter 11/300 | best_global_cost=272.680 | iter_best=275.220
2026-02-23 21:40:08 | INFO | underwater_sensor_ga.pso | PSO iter 12/300 | best_global_cost=272.680 | iter_best=274.918
2026-02-23 21:40:08 | INFO | underwater_sensor_ga.pso | PSO iter 13/300 | best_global_cost=272.680 | iter_best=273.595
2026-02-23 21:40:08 | INFO | underwater_sensor_ga.pso | PSO iter 14/300 | best_global_cost=272.680 | iter_best=274.232
2026-02-23 21:40:08 | INFO | underwater_sensor_ga.pso | PSO iter 15/300 | best_global_cost=272.680 | iter_best=272.680
2026-02-23 21:40:08 | INFO | underwater_sensor_ga.pso | PSO iter 16/300 | best_global_cost=272.680 | iter_best=272.680
2026-02-23 21:40:08 | INFO | underwater_sensor_ga.pso | PSO iter 17/300 | best_global_cost=272.680 | iter_best=272.680
2026-02-23 21:40:08 | INFO | underwater_sensor_ga.pso | PSO iter 18/300 | best_global_cost=272.680 | iter_best=274.898
2026-02-23 21:40:08 | INFO | underwater_sensor_ga.pso | PSO iter 19/300 | best_global_cost=272.680 | iter_best=275.832
2026-02-23 21:40:08 | INFO | underwater_sensor_ga.pso | PSO iter 20/300 | best_global_cost=272.680 | iter_best=273.595
2026-02-23 21:40:08 | INFO | underwater_sensor_ga.pso | PSO iter 21/300 | best_global_cost=272.680 | iter_best=272.680
2026-02-23 21:40:08 | INFO | underwater_sensor_ga.pso | PSO iter 22/300 | best_global_cost=272.680 | iter_best=274.918
2026-02-23 21:40:08 | INFO | underwater_sensor_ga.pso | PSO iter 23/300 | best_global_cost=272.680 | iter_best=275.220
2026-02-23 21:40:08 | INFO | underwater_sensor_ga.pso | PSO iter 24/300 | best_global_cost=272.680 | iter_best=274.918
2026-02-23 21:40:08 | INFO | underwater_sensor_ga.pso | PSO iter 25/300 | best_global_cost=272.680 | iter_best=274.918
2026-02-23 21:40:08 | INFO | underwater_sensor_ga.pso | PSO iter 26/300 | best_global_cost=272.680 | iter_best=273.595
2026-02-23 21:40:08 | INFO | underwater_sensor_ga.pso | PSO iter 27/300 | best_global_cost=272.680 | iter_best=273.595
2026-02-23 21:40:08 | INFO | underwater_sensor_ga.pso | PSO iter 28/300 | best_global_cost=272.680 | iter_best=274.232
2026-02-23 21:40:08 | INFO | underwater_sensor_ga.pso | PSO iter 29/300 | best_global_cost=272.680 | iter_best=274.232
2026-02-23 21:40:08 | INFO | underwater_sensor_ga.pso | PSO iter 30/300 | best_global_cost=272.680 | iter_best=272.680
2026-02-23 21:40:08 | INFO | underwater_sensor_ga.pso | PSO iter 31/300 | best_global_cost=272.680 | iter_best=274.232
2026-02-23 21:40:08 | INFO | underwater_sensor_ga.pso | PSO iter 32/300 | best_global_cost=272.680 | iter_best=272.680
2026-02-23 21:40:08 | INFO | underwater_sensor_ga.pso | PSO iter 33/300 | best_global_cost=272.680 | iter_best=273.595
2026-02-23 21:40:08 | INFO | underwater_sensor_ga.pso | PSO iter 34/300 | best_global_cost=272.680 | iter_best=273.595
2026-02-23 21:40:08 | INFO | underwater_sensor_ga.pso | PSO iter 35/300 | best_global_cost=272.680 | iter_best=272.680
2026-02-23 21:40:08 | INFO | underwater_sensor_ga.pso | PSO iter 36/300 | best_global_cost=272.680 | iter_best=272.680
2026-02-23 21:40:08 | INFO | underwater_sensor_ga.pso | PSO iter 37/300 | best_global_cost=272.680 | iter_best=273.406
2026-02-23 21:40:08 | INFO | underwater_sensor_ga.pso | PSO iter 38/300 | best_global_cost=272.680 | iter_best=275.220
2026-02-23 21:40:08 | INFO | underwater_sensor_ga.pso | PSO iter 39/300 | best_global_cost=272.680 | iter_best=272.680
2026-02-23 21:40:09 | INFO | underwater_sensor_ga.pso | PSO iter 40/300 | best_global_cost=272.680 | iter_best=272.680
2026-02-23 21:40:09 | INFO | underwater_sensor_ga.pso | PSO iter 41/300 | best_global_cost=272.680 | iter_best=272.680
2026-02-23 21:40:09 | INFO | underwater_sensor_ga.pso | PSO iter 42/300 | best_global_cost=272.680 | iter_best=275.220
2026-02-23 21:40:09 | INFO | underwater_sensor_ga.pso | PSO iter 43/300 | best_global_cost=272.680 | iter_best=275.220
2026-02-23 21:40:09 | INFO | underwater_sensor_ga.pso | PSO iter 44/300 | best_global_cost=272.680 | iter_best=272.680
2026-02-23 21:40:09 | INFO | underwater_sensor_ga.pso | PSO iter 45/300 | best_global_cost=272.680 | iter_best=275.220
2026-02-23 21:40:09 | INFO | underwater_sensor_ga.pso | PSO iter 46/300 | best_global_cost=272.680 | iter_best=272.680
2026-02-23 21:40:09 | INFO | underwater_sensor_ga.pso | PSO iter 47/300 | best_global_cost=272.680 | iter_best=276.281
2026-02-23 21:40:09 | INFO | underwater_sensor_ga.pso | PSO iter 48/300 | best_global_cost=272.680 | iter_best=274.232
2026-02-23 21:40:09 | INFO | underwater_sensor_ga.pso | PSO iter 49/300 | best_global_cost=272.680 | iter_best=273.506
2026-02-23 21:40:09 | INFO | underwater_sensor_ga.pso | PSO iter 50/300 | best_global_cost=272.680 | iter_best=274.232
2026-02-23 21:40:09 | INFO | underwater_sensor_ga.pso | PSO iter 51/300 | best_global_cost=272.680 | iter_best=272.680
2026-02-23 21:40:09 | INFO | underwater_sensor_ga.pso | PSO iter 52/300 | best_global_cost=272.680 | iter_best=275.220
2026-02-23 21:40:09 | INFO | underwater_sensor_ga.pso | PSO iter 53/300 | best_global_cost=272.680 | iter_best=272.680
2026-02-23 21:40:09 | INFO | underwater_sensor_ga.pso | PSO iter 54/300 | best_global_cost=272.680 | iter_best=273.595
2026-02-23 21:40:09 | INFO | underwater_sensor_ga.pso | PSO iter 55/300 | best_global_cost=272.680 | iter_best=277.471
2026-02-23 21:40:09 | INFO | underwater_sensor_ga.pso | PSO iter 56/300 | best_global_cost=272.680 | iter_best=274.918
2026-02-23 21:40:09 | INFO | underwater_sensor_ga.pso | PSO iter 57/300 | best_global_cost=272.680 | iter_best=274.232
2026-02-23 21:40:09 | INFO | underwater_sensor_ga.pso | PSO iter 58/300 | best_global_cost=272.680 | iter_best=275.220
2026-02-23 21:40:09 | INFO | underwater_sensor_ga.pso | PSO iter 59/300 | best_global_cost=272.680 | iter_best=273.506
2026-02-23 21:40:09 | INFO | underwater_sensor_ga.pso | PSO iter 60/300 | best_global_cost=272.680 | iter_best=273.595
2026-02-23 21:40:09 | INFO | underwater_sensor_ga.pso | PSO iter 61/300 | best_global_cost=272.680 | iter_best=274.232
2026-02-23 21:40:09 | INFO | underwater_sensor_ga.pso | PSO iter 62/300 | best_global_cost=272.680 | iter_best=272.680
2026-02-23 21:40:09 | INFO | underwater_sensor_ga.pso | PSO iter 63/300 | best_global_cost=272.680 | iter_best=272.680
2026-02-23 21:40:09 | INFO | underwater_sensor_ga.pso | PSO iter 64/300 | best_global_cost=272.680 | iter_best=272.680
2026-02-23 21:40:09 | INFO | underwater_sensor_ga.pso | PSO iter 65/300 | best_global_cost=272.680 | iter_best=274.918
2026-02-23 21:40:09 | INFO | underwater_sensor_ga.pso | PSO iter 66/300 | best_global_cost=272.680 | iter_best=277.471
2026-02-23 21:40:09 | INFO | underwater_sensor_ga.pso | PSO iter 67/300 | best_global_cost=272.680 | iter_best=275.220
2026-02-23 21:40:09 | INFO | underwater_sensor_ga.pso | PSO iter 68/300 | best_global_cost=272.680 | iter_best=272.680
2026-02-23 21:40:09 | INFO | underwater_sensor_ga.pso | PSO iter 69/300 | best_global_cost=272.680 | iter_best=273.595
2026-02-23 21:40:09 | INFO | underwater_sensor_ga.pso | PSO iter 70/300 | best_global_cost=272.680 | iter_best=275.220
2026-02-23 21:40:09 | INFO | underwater_sensor_ga.pso | PSO iter 71/300 | best_global_cost=272.680 | iter_best=272.680
2026-02-23 21:40:10 | INFO | underwater_sensor_ga.pso | PSO iter 72/300 | best_global_cost=272.680 | iter_best=275.220
2026-02-23 21:40:10 | INFO | underwater_sensor_ga.pso | PSO iter 73/300 | best_global_cost=272.680 | iter_best=272.680
2026-02-23 21:40:10 | INFO | underwater_sensor_ga.pso | PSO iter 74/300 | best_global_cost=272.680 | iter_best=274.918
2026-02-23 21:40:10 | INFO | underwater_sensor_ga.pso | PSO iter 75/300 | best_global_cost=272.680 | iter_best=273.595
2026-02-23 21:40:10 | INFO | underwater_sensor_ga.pso | PSO iter 76/300 | best_global_cost=272.680 | iter_best=272.680
2026-02-23 21:40:10 | INFO | underwater_sensor_ga.pso | PSO iter 77/300 | best_global_cost=272.680 | iter_best=274.232
2026-02-23 21:40:10 | INFO | underwater_sensor_ga.pso | PSO iter 78/300 | best_global_cost=272.680 | iter_best=273.506
2026-02-23 21:40:10 | INFO | underwater_sensor_ga.pso | PSO iter 79/300 | best_global_cost=272.680 | iter_best=272.680
2026-02-23 21:40:10 | INFO | underwater_sensor_ga.pso | PSO iter 80/300 | best_global_cost=272.680 | iter_best=272.680
2026-02-23 21:40:10 | INFO | underwater_sensor_ga.pso | PSO iter 81/300 | best_global_cost=272.680 | iter_best=274.918
2026-02-23 21:40:10 | INFO | underwater_sensor_ga.pso | PSO iter 82/300 | best_global_cost=272.680 | iter_best=272.680
2026-02-23 21:40:10 | INFO | underwater_sensor_ga.pso | PSO iter 83/300 | best_global_cost=272.680 | iter_best=275.220
2026-02-23 21:40:10 | INFO | underwater_sensor_ga.pso | PSO iter 84/300 | best_global_cost=272.680 | iter_best=274.918
2026-02-23 21:40:10 | INFO | underwater_sensor_ga.pso | PSO iter 85/300 | best_global_cost=272.680 | iter_best=274.918
2026-02-23 21:40:10 | INFO | underwater_sensor_ga.pso | PSO iter 86/300 | best_global_cost=272.680 | iter_best=272.680
2026-02-23 21:40:10 | INFO | underwater_sensor_ga.pso | PSO iter 87/300 | best_global_cost=272.680 | iter_best=272.680
2026-02-23 21:40:10 | INFO | underwater_sensor_ga.pso | PSO iter 88/300 | best_global_cost=272.680 | iter_best=273.595
2026-02-23 21:40:10 | INFO | underwater_sensor_ga.pso | PSO iter 89/300 | best_global_cost=272.680 | iter_best=273.595
2026-02-23 21:40:10 | INFO | underwater_sensor_ga.pso | PSO iter 90/300 | best_global_cost=272.680 | iter_best=275.220
2026-02-23 21:40:10 | INFO | underwater_sensor_ga.pso | PSO iter 91/300 | best_global_cost=272.680 | iter_best=274.918
2026-02-23 21:40:10 | INFO | underwater_sensor_ga.pso | PSO iter 92/300 | best_global_cost=272.680 | iter_best=274.232
2026-02-23 21:40:10 | INFO | underwater_sensor_ga.pso | PSO iter 93/300 | best_global_cost=272.680 | iter_best=272.680
2026-02-23 21:40:10 | INFO | underwater_sensor_ga.pso | PSO iter 94/300 | best_global_cost=272.680 | iter_best=275.220
2026-02-23 21:40:10 | INFO | underwater_sensor_ga.pso | PSO iter 95/300 | best_global_cost=272.680 | iter_best=274.918
2026-02-23 21:40:10 | INFO | underwater_sensor_ga.pso | PSO iter 96/300 | best_global_cost=272.680 | iter_best=273.595
2026-02-23 21:40:10 | INFO | underwater_sensor_ga.pso | PSO iter 97/300 | best_global_cost=272.680 | iter_best=272.680
2026-02-23 21:40:10 | INFO | underwater_sensor_ga.pso | PSO iter 98/300 | best_global_cost=272.680 | iter_best=272.680
2026-02-23 21:40:10 | INFO | underwater_sensor_ga.pso | PSO iter 99/300 | best_global_cost=272.680 | iter_best=272.680
2026-02-23 21:40:10 | INFO | underwater_sensor_ga.pso | PSO iter 100/300 | best_global_cost=272.680 | iter_best=275.220
2026-02-23 21:40:10 | INFO | underwater_sensor_ga.pso | PSO iter 101/300 | best_global_cost=272.680 | iter_best=275.220
2026-02-23 21:40:10 | INFO | underwater_sensor_ga.pso | PSO iter 102/300 | best_global_cost=272.680 | iter_best=274.232
2026-02-23 21:40:11 | INFO | underwater_sensor_ga.pso | PSO iter 103/300 | best_global_cost=272.680 | iter_best=273.506
2026-02-23 21:40:11 | INFO | underwater_sensor_ga.pso | PSO iter 104/300 | best_global_cost=272.680 | iter_best=275.220
2026-02-23 21:40:11 | INFO | underwater_sensor_ga.pso | PSO iter 105/300 | best_global_cost=272.680 | iter_best=272.680
2026-02-23 21:40:11 | INFO | underwater_sensor_ga.pso | PSO iter 106/300 | best_global_cost=272.680 | iter_best=273.595
2026-02-23 21:40:11 | INFO | underwater_sensor_ga.pso | PSO iter 107/300 | best_global_cost=272.680 | iter_best=272.680
2026-02-23 21:40:11 | INFO | underwater_sensor_ga.pso | PSO iter 108/300 | best_global_cost=272.680 | iter_best=274.918
2026-02-23 21:40:11 | INFO | underwater_sensor_ga.pso | PSO iter 109/300 | best_global_cost=272.680 | iter_best=272.680
2026-02-23 21:40:11 | INFO | underwater_sensor_ga.pso | PSO iter 110/300 | best_global_cost=272.680 | iter_best=272.680
2026-02-23 21:40:11 | INFO | underwater_sensor_ga.pso | PSO iter 111/300 | best_global_cost=272.680 | iter_best=273.595
2026-02-23 21:40:11 | INFO | underwater_sensor_ga.pso | PSO iter 112/300 | best_global_cost=272.680 | iter_best=272.680
2026-02-23 21:40:11 | INFO | underwater_sensor_ga.pso | PSO iter 113/300 | best_global_cost=272.680 | iter_best=274.918
2026-02-23 21:40:11 | INFO | underwater_sensor_ga.pso | PSO iter 114/300 | best_global_cost=272.680 | iter_best=273.406
2026-02-23 21:40:11 | INFO | underwater_sensor_ga.pso | PSO iter 115/300 | best_global_cost=272.680 | iter_best=273.595
2026-02-23 21:40:11 | INFO | underwater_sensor_ga.pso | PSO iter 116/300 | best_global_cost=272.680 | iter_best=274.918
2026-02-23 21:40:11 | INFO | underwater_sensor_ga.pso | PSO iter 117/300 | best_global_cost=272.680 | iter_best=272.680
2026-02-23 21:40:11 | INFO | underwater_sensor_ga.pso | PSO iter 118/300 | best_global_cost=272.680 | iter_best=273.506
2026-02-23 21:40:11 | INFO | underwater_sensor_ga.pso | PSO iter 119/300 | best_global_cost=272.680 | iter_best=274.918
2026-02-23 21:40:11 | INFO | underwater_sensor_ga.pso | PSO iter 120/300 | best_global_cost=272.680 | iter_best=272.680
2026-02-23 21:40:11 | INFO | underwater_sensor_ga.pso | PSO iter 121/300 | best_global_cost=272.680 | iter_best=272.680
2026-02-23 21:40:11 | INFO | underwater_sensor_ga.pso | PSO iter 122/300 | best_global_cost=272.680 | iter_best=274.232
2026-02-23 21:40:11 | INFO | underwater_sensor_ga.pso | PSO iter 123/300 | best_global_cost=272.680 | iter_best=272.680
2026-02-23 21:40:11 | INFO | underwater_sensor_ga.pso | PSO iter 124/300 | best_global_cost=272.680 | iter_best=274.918
2026-02-23 21:40:11 | INFO | underwater_sensor_ga.pso | PSO iter 125/300 | best_global_cost=272.680 | iter_best=274.918
2026-02-23 21:40:11 | INFO | underwater_sensor_ga.pso | PSO iter 126/300 | best_global_cost=272.680 | iter_best=272.680
2026-02-23 21:40:11 | INFO | underwater_sensor_ga.pso | PSO iter 127/300 | best_global_cost=272.680 | iter_best=272.680
2026-02-23 21:40:11 | INFO | underwater_sensor_ga.pso | PSO iter 128/300 | best_global_cost=272.680 | iter_best=275.220
2026-02-23 21:40:11 | INFO | underwater_sensor_ga.pso | PSO iter 129/300 | best_global_cost=272.680 | iter_best=272.680
2026-02-23 21:40:11 | INFO | underwater_sensor_ga.pso | PSO iter 130/300 | best_global_cost=272.680 | iter_best=272.680
2026-02-23 21:40:11 | INFO | underwater_sensor_ga.pso | PSO iter 131/300 | best_global_cost=272.680 | iter_best=272.680
2026-02-23 21:40:11 | INFO | underwater_sensor_ga.pso | PSO iter 132/300 | best_global_cost=272.680 | iter_best=272.680
2026-02-23 21:40:11 | INFO | underwater_sensor_ga.pso | PSO iter 133/300 | best_global_cost=272.680 | iter_best=275.220
2026-02-23 21:40:12 | INFO | underwater_sensor_ga.pso | PSO iter 134/300 | best_global_cost=272.680 | iter_best=275.220
2026-02-23 21:40:12 | INFO | underwater_sensor_ga.pso | PSO iter 135/300 | best_global_cost=272.680 | iter_best=273.506
2026-02-23 21:40:12 | INFO | underwater_sensor_ga.pso | PSO iter 136/300 | best_global_cost=272.680 | iter_best=273.506
2026-02-23 21:40:12 | INFO | underwater_sensor_ga.pso | PSO iter 137/300 | best_global_cost=272.680 | iter_best=273.506
2026-02-23 21:40:12 | INFO | underwater_sensor_ga.pso | PSO iter 138/300 | best_global_cost=272.680 | iter_best=275.220
2026-02-23 21:40:12 | INFO | underwater_sensor_ga.pso | PSO iter 139/300 | best_global_cost=272.680 | iter_best=274.918
2026-02-23 21:40:12 | INFO | underwater_sensor_ga.pso | PSO iter 140/300 | best_global_cost=272.680 | iter_best=275.220
2026-02-23 21:40:12 | INFO | underwater_sensor_ga.pso | PSO iter 141/300 | best_global_cost=272.680 | iter_best=272.680
2026-02-23 21:40:12 | INFO | underwater_sensor_ga.pso | PSO iter 142/300 | best_global_cost=272.680 | iter_best=275.220
2026-02-23 21:40:12 | INFO | underwater_sensor_ga.pso | PSO iter 143/300 | best_global_cost=272.680 | iter_best=272.680
2026-02-23 21:40:12 | INFO | underwater_sensor_ga.pso | PSO iter 144/300 | best_global_cost=272.680 | iter_best=272.680
2026-02-23 21:40:12 | INFO | underwater_sensor_ga.pso | PSO iter 145/300 | best_global_cost=272.680 | iter_best=273.595
2026-02-23 21:40:12 | INFO | underwater_sensor_ga.pso | PSO iter 146/300 | best_global_cost=272.680 | iter_best=274.918
2026-02-23 21:40:12 | INFO | underwater_sensor_ga.pso | PSO iter 147/300 | best_global_cost=272.680 | iter_best=274.918
2026-02-23 21:40:12 | INFO | underwater_sensor_ga.pso | PSO iter 148/300 | best_global_cost=272.680 | iter_best=272.680
2026-02-23 21:40:12 | INFO | underwater_sensor_ga.pso | PSO iter 149/300 | best_global_cost=272.680 | iter_best=272.680
2026-02-23 21:40:12 | INFO | underwater_sensor_ga.pso | PSO iter 150/300 | best_global_cost=272.680 | iter_best=273.595
2026-02-23 21:40:12 | INFO | underwater_sensor_ga.pso | PSO iter 151/300 | best_global_cost=272.680 | iter_best=272.680
2026-02-23 21:40:12 | INFO | underwater_sensor_ga.pso | PSO iter 152/300 | best_global_cost=272.680 | iter_best=273.595
2026-02-23 21:40:12 | INFO | underwater_sensor_ga.pso | PSO iter 153/300 | best_global_cost=272.680 | iter_best=275.220
2026-02-23 21:40:12 | INFO | underwater_sensor_ga.pso | PSO iter 154/300 | best_global_cost=272.680 | iter_best=274.918
2026-02-23 21:40:12 | INFO | underwater_sensor_ga.pso | PSO iter 155/300 | best_global_cost=272.680 | iter_best=273.595
2026-02-23 21:40:12 | INFO | underwater_sensor_ga.pso | PSO iter 156/300 | best_global_cost=272.680 | iter_best=273.506
2026-02-23 21:40:12 | INFO | underwater_sensor_ga.pso | PSO iter 157/300 | best_global_cost=272.680 | iter_best=274.918
2026-02-23 21:40:12 | INFO | underwater_sensor_ga.pso | PSO iter 158/300 | best_global_cost=272.680 | iter_best=272.680
2026-02-23 21:40:12 | INFO | underwater_sensor_ga.pso | PSO iter 159/300 | best_global_cost=272.680 | iter_best=272.680
2026-02-23 21:40:12 | INFO | underwater_sensor_ga.pso | PSO iter 160/300 | best_global_cost=272.680 | iter_best=272.680
2026-02-23 21:40:12 | INFO | underwater_sensor_ga.pso | PSO iter 161/300 | best_global_cost=272.680 | iter_best=275.220
2026-02-23 21:40:12 | INFO | underwater_sensor_ga.pso | PSO iter 162/300 | best_global_cost=272.680 | iter_best=275.220
2026-02-23 21:40:12 | INFO | underwater_sensor_ga.pso | PSO iter 163/300 | best_global_cost=272.680 | iter_best=272.680
2026-02-23 21:40:12 | INFO | underwater_sensor_ga.pso | PSO iter 164/300 | best_global_cost=272.680 | iter_best=272.680
2026-02-23 21:40:12 | INFO | underwater_sensor_ga.pso | PSO iter 165/300 | best_global_cost=272.680 | iter_best=273.506
2026-02-23 21:40:12 | INFO | underwater_sensor_ga.pso | PSO iter 166/300 | best_global_cost=272.680 | iter_best=272.680
2026-02-23 21:40:13 | INFO | underwater_sensor_ga.pso | PSO iter 167/300 | best_global_cost=272.680 | iter_best=274.918
2026-02-23 21:40:13 | INFO | underwater_sensor_ga.pso | PSO iter 168/300 | best_global_cost=272.680 | iter_best=272.680
2026-02-23 21:40:13 | INFO | underwater_sensor_ga.pso | PSO iter 169/300 | best_global_cost=272.680 | iter_best=272.680
2026-02-23 21:40:13 | INFO | underwater_sensor_ga.pso | PSO iter 170/300 | best_global_cost=272.680 | iter_best=272.680
2026-02-23 21:40:13 | INFO | underwater_sensor_ga.pso | PSO iter 171/300 | best_global_cost=272.680 | iter_best=275.220
2026-02-23 21:40:13 | INFO | underwater_sensor_ga.pso | PSO iter 172/300 | best_global_cost=272.680 | iter_best=277.471
2026-02-23 21:40:13 | INFO | underwater_sensor_ga.pso | PSO iter 173/300 | best_global_cost=272.680 | iter_best=272.680
2026-02-23 21:40:13 | INFO | underwater_sensor_ga.pso | PSO iter 174/300 | best_global_cost=272.680 | iter_best=272.680
2026-02-23 21:40:13 | INFO | underwater_sensor_ga.pso | PSO iter 175/300 | best_global_cost=272.680 | iter_best=275.220
2026-02-23 21:40:13 | INFO | underwater_sensor_ga.pso | PSO iter 176/300 | best_global_cost=272.680 | iter_best=275.220
2026-02-23 21:40:13 | INFO | underwater_sensor_ga.pso | PSO iter 177/300 | best_global_cost=272.680 | iter_best=274.918
2026-02-23 21:40:13 | INFO | underwater_sensor_ga.pso | PSO iter 178/300 | best_global_cost=272.680 | iter_best=272.680
2026-02-23 21:40:13 | INFO | underwater_sensor_ga.pso | PSO iter 179/300 | best_global_cost=272.680 | iter_best=272.680
2026-02-23 21:40:13 | INFO | underwater_sensor_ga.pso | PSO iter 180/300 | best_global_cost=272.680 | iter_best=273.595
2026-02-23 21:40:13 | INFO | underwater_sensor_ga.pso | PSO iter 181/300 | best_global_cost=272.680 | iter_best=274.232
2026-02-23 21:40:13 | INFO | underwater_sensor_ga.pso | PSO iter 182/300 | best_global_cost=272.680 | iter_best=272.680
2026-02-23 21:40:13 | INFO | underwater_sensor_ga.pso | PSO iter 183/300 | best_global_cost=272.680 | iter_best=273.595
2026-02-23 21:40:13 | INFO | underwater_sensor_ga.pso | PSO iter 184/300 | best_global_cost=272.680 | iter_best=275.220
2026-02-23 21:40:13 | INFO | underwater_sensor_ga.pso | PSO iter 185/300 | best_global_cost=272.680 | iter_best=273.506
2026-02-23 21:40:13 | INFO | underwater_sensor_ga.pso | PSO iter 186/300 | best_global_cost=272.680 | iter_best=272.680
2026-02-23 21:40:13 | INFO | underwater_sensor_ga.pso | PSO iter 187/300 | best_global_cost=272.680 | iter_best=274.918
2026-02-23 21:40:13 | INFO | underwater_sensor_ga.pso | PSO iter 188/300 | best_global_cost=272.680 | iter_best=272.680
2026-02-23 21:40:13 | INFO | underwater_sensor_ga.pso | PSO iter 189/300 | best_global_cost=272.680 | iter_best=273.506
2026-02-23 21:40:13 | INFO | underwater_sensor_ga.pso | PSO iter 190/300 | best_global_cost=272.680 | iter_best=273.595
2026-02-23 21:40:13 | INFO | underwater_sensor_ga.pso | PSO iter 191/300 | best_global_cost=272.680 | iter_best=277.471
2026-02-23 21:40:13 | INFO | underwater_sensor_ga.pso | PSO iter 192/300 | best_global_cost=272.680 | iter_best=275.220
2026-02-23 21:40:13 | INFO | underwater_sensor_ga.pso | PSO iter 193/300 | best_global_cost=272.680 | iter_best=273.506
2026-02-23 21:40:13 | INFO | underwater_sensor_ga.pso | PSO iter 194/300 | best_global_cost=272.680 | iter_best=272.680
2026-02-23 21:40:13 | INFO | underwater_sensor_ga.pso | PSO iter 195/300 | best_global_cost=272.680 | iter_best=274.918
2026-02-23 21:40:13 | INFO | underwater_sensor_ga.pso | PSO iter 196/300 | best_global_cost=272.680 | iter_best=272.680
2026-02-23 21:40:13 | INFO | underwater_sensor_ga.pso | PSO iter 197/300 | best_global_cost=272.680 | iter_best=272.680
2026-02-23 21:40:13 | INFO | underwater_sensor_ga.pso | PSO iter 198/300 | best_global_cost=272.680 | iter_best=273.506
2026-02-23 21:40:14 | INFO | underwater_sensor_ga.pso | PSO iter 199/300 | best_global_cost=272.680 | iter_best=272.680
2026-02-23 21:40:14 | INFO | underwater_sensor_ga.pso | PSO iter 200/300 | best_global_cost=272.680 | iter_best=272.680
2026-02-23 21:40:14 | INFO | underwater_sensor_ga.pso | PSO iter 201/300 | best_global_cost=272.680 | iter_best=273.506
2026-02-23 21:40:14 | INFO | underwater_sensor_ga.pso | PSO iter 202/300 | best_global_cost=272.680 | iter_best=274.918
2026-02-23 21:40:14 | INFO | underwater_sensor_ga.pso | PSO iter 203/300 | best_global_cost=272.680 | iter_best=273.506
2026-02-23 21:40:14 | INFO | underwater_sensor_ga.pso | PSO iter 204/300 | best_global_cost=272.680 | iter_best=273.595
2026-02-23 21:40:14 | INFO | underwater_sensor_ga.pso | PSO iter 205/300 | best_global_cost=272.680 | iter_best=272.680
2026-02-23 21:40:14 | INFO | underwater_sensor_ga.pso | PSO iter 206/300 | best_global_cost=272.680 | iter_best=273.595
2026-02-23 21:40:14 | INFO | underwater_sensor_ga.pso | PSO iter 207/300 | best_global_cost=272.680 | iter_best=272.680
2026-02-23 21:40:14 | INFO | underwater_sensor_ga.pso | PSO iter 208/300 | best_global_cost=272.680 | iter_best=274.232
2026-02-23 21:40:14 | INFO | underwater_sensor_ga.pso | PSO iter 209/300 | best_global_cost=272.680 | iter_best=272.680
2026-02-23 21:40:14 | INFO | underwater_sensor_ga.pso | PSO iter 210/300 | best_global_cost=272.680 | iter_best=274.918
2026-02-23 21:40:14 | INFO | underwater_sensor_ga.pso | PSO iter 211/300 | best_global_cost=272.680 | iter_best=272.680
2026-02-23 21:40:14 | INFO | underwater_sensor_ga.pso | PSO iter 212/300 | best_global_cost=272.680 | iter_best=273.506
2026-02-23 21:40:14 | INFO | underwater_sensor_ga.pso | PSO iter 213/300 | best_global_cost=272.680 | iter_best=274.918
2026-02-23 21:40:14 | INFO | underwater_sensor_ga.pso | PSO iter 214/300 | best_global_cost=272.680 | iter_best=272.680
2026-02-23 21:40:14 | INFO | underwater_sensor_ga.pso | PSO iter 215/300 | best_global_cost=272.680 | iter_best=277.195
2026-02-23 21:40:14 | INFO | underwater_sensor_ga.pso | PSO iter 216/300 | best_global_cost=272.680 | iter_best=272.680
2026-02-23 21:40:14 | INFO | underwater_sensor_ga.pso | PSO iter 217/300 | best_global_cost=272.680 | iter_best=272.680
2026-02-23 21:40:14 | INFO | underwater_sensor_ga.pso | PSO iter 218/300 | best_global_cost=272.680 | iter_best=273.595
2026-02-23 21:40:14 | INFO | underwater_sensor_ga.pso | PSO iter 219/300 | best_global_cost=272.680 | iter_best=272.680
2026-02-23 21:40:14 | INFO | underwater_sensor_ga.pso | PSO iter 220/300 | best_global_cost=272.680 | iter_best=274.918
2026-02-23 21:40:14 | INFO | underwater_sensor_ga.pso | PSO iter 221/300 | best_global_cost=272.680 | iter_best=272.680
2026-02-23 21:40:14 | INFO | underwater_sensor_ga.pso | PSO iter 222/300 | best_global_cost=272.680 | iter_best=273.506
2026-02-23 21:40:14 | INFO | underwater_sensor_ga.pso | PSO iter 223/300 | best_global_cost=272.680 | iter_best=274.918
2026-02-23 21:40:14 | INFO | underwater_sensor_ga.pso | PSO iter 224/300 | best_global_cost=272.680 | iter_best=272.680
2026-02-23 21:40:14 | INFO | underwater_sensor_ga.pso | PSO iter 225/300 | best_global_cost=272.680 | iter_best=275.220
2026-02-23 21:40:14 | INFO | underwater_sensor_ga.pso | PSO iter 226/300 | best_global_cost=272.680 | iter_best=272.680
2026-02-23 21:40:14 | INFO | underwater_sensor_ga.pso | PSO iter 227/300 | best_global_cost=272.680 | iter_best=274.918
2026-02-23 21:40:14 | INFO | underwater_sensor_ga.pso | PSO iter 228/300 | best_global_cost=272.680 | iter_best=274.232
2026-02-23 21:40:14 | INFO | underwater_sensor_ga.pso | PSO iter 229/300 | best_global_cost=272.680 | iter_best=273.211
2026-02-23 21:40:14 | INFO | underwater_sensor_ga.pso | PSO iter 230/300 | best_global_cost=272.680 | iter_best=274.232
2026-02-23 21:40:14 | INFO | underwater_sensor_ga.pso | PSO iter 231/300 | best_global_cost=272.680 | iter_best=272.680
2026-02-23 21:40:15 | INFO | underwater_sensor_ga.pso | PSO iter 232/300 | best_global_cost=272.680 | iter_best=273.595
2026-02-23 21:40:15 | INFO | underwater_sensor_ga.pso | PSO iter 233/300 | best_global_cost=272.680 | iter_best=272.680
2026-02-23 21:40:15 | INFO | underwater_sensor_ga.pso | PSO iter 234/300 | best_global_cost=272.680 | iter_best=273.595
2026-02-23 21:40:15 | INFO | underwater_sensor_ga.pso | PSO iter 235/300 | best_global_cost=272.680 | iter_best=275.220
2026-02-23 21:40:15 | INFO | underwater_sensor_ga.pso | PSO iter 236/300 | best_global_cost=272.680 | iter_best=274.918
2026-02-23 21:40:15 | INFO | underwater_sensor_ga.pso | PSO iter 237/300 | best_global_cost=272.680 | iter_best=272.680
2026-02-23 21:40:15 | INFO | underwater_sensor_ga.pso | PSO iter 238/300 | best_global_cost=272.680 | iter_best=274.232
2026-02-23 21:40:15 | INFO | underwater_sensor_ga.pso | PSO iter 239/300 | best_global_cost=272.680 | iter_best=273.506
2026-02-23 21:40:15 | INFO | underwater_sensor_ga.pso | PSO iter 240/300 | best_global_cost=272.680 | iter_best=272.680
2026-02-23 21:40:15 | INFO | underwater_sensor_ga.pso | PSO iter 241/300 | best_global_cost=272.680 | iter_best=273.595
2026-02-23 21:40:15 | INFO | underwater_sensor_ga.pso | PSO iter 242/300 | best_global_cost=272.680 | iter_best=272.680
2026-02-23 21:40:15 | INFO | underwater_sensor_ga.pso | PSO iter 243/300 | best_global_cost=272.680 | iter_best=272.680
2026-02-23 21:40:15 | INFO | underwater_sensor_ga.pso | PSO iter 244/300 | best_global_cost=272.680 | iter_best=274.232
2026-02-23 21:40:15 | INFO | underwater_sensor_ga.pso | PSO iter 245/300 | best_global_cost=272.680 | iter_best=273.506
2026-02-23 21:40:15 | INFO | underwater_sensor_ga.pso | PSO iter 246/300 | best_global_cost=272.680 | iter_best=272.680
2026-02-23 21:40:15 | INFO | underwater_sensor_ga.pso | PSO iter 247/300 | best_global_cost=272.680 | iter_best=272.680
2026-02-23 21:40:15 | INFO | underwater_sensor_ga.pso | PSO iter 248/300 | best_global_cost=272.680 | iter_best=274.918
2026-02-23 21:40:15 | INFO | underwater_sensor_ga.pso | PSO iter 249/300 | best_global_cost=272.680 | iter_best=275.220
2026-02-23 21:40:15 | INFO | underwater_sensor_ga.pso | PSO iter 250/300 | best_global_cost=272.680 | iter_best=275.220
2026-02-23 21:40:15 | INFO | underwater_sensor_ga.pso | PSO iter 251/300 | best_global_cost=272.680 | iter_best=274.918
2026-02-23 21:40:15 | INFO | underwater_sensor_ga.pso | PSO iter 252/300 | best_global_cost=272.680 | iter_best=274.918
2026-02-23 21:40:15 | INFO | underwater_sensor_ga.pso | PSO iter 253/300 | best_global_cost=272.680 | iter_best=272.680
2026-02-23 21:40:15 | INFO | underwater_sensor_ga.pso | PSO iter 254/300 | best_global_cost=272.680 | iter_best=272.680
2026-02-23 21:40:15 | INFO | underwater_sensor_ga.pso | PSO iter 255/300 | best_global_cost=272.680 | iter_best=274.918
2026-02-23 21:40:15 | INFO | underwater_sensor_ga.pso | PSO iter 256/300 | best_global_cost=272.680 | iter_best=277.471
2026-02-23 21:40:15 | INFO | underwater_sensor_ga.pso | PSO iter 257/300 | best_global_cost=272.680 | iter_best=273.595
2026-02-23 21:40:15 | INFO | underwater_sensor_ga.pso | PSO iter 258/300 | best_global_cost=272.680 | iter_best=272.680
2026-02-23 21:40:15 | INFO | underwater_sensor_ga.pso | PSO iter 259/300 | best_global_cost=272.680 | iter_best=272.680
2026-02-23 21:40:15 | INFO | underwater_sensor_ga.pso | PSO iter 260/300 | best_global_cost=272.680 | iter_best=272.680
2026-02-23 21:40:15 | INFO | underwater_sensor_ga.pso | PSO iter 261/300 | best_global_cost=272.680 | iter_best=275.220
2026-02-23 21:40:15 | INFO | underwater_sensor_ga.pso | PSO iter 262/300 | best_global_cost=272.680 | iter_best=274.918
2026-02-23 21:40:15 | INFO | underwater_sensor_ga.pso | PSO iter 263/300 | best_global_cost=272.680 | iter_best=274.918
2026-02-23 21:40:15 | INFO | underwater_sensor_ga.pso | PSO iter 264/300 | best_global_cost=272.680 | iter_best=272.680
2026-02-23 21:40:16 | INFO | underwater_sensor_ga.pso | PSO iter 265/300 | best_global_cost=272.680 | iter_best=274.232
2026-02-23 21:40:16 | INFO | underwater_sensor_ga.pso | PSO iter 266/300 | best_global_cost=272.680 | iter_best=274.918
2026-02-23 21:40:16 | INFO | underwater_sensor_ga.pso | PSO iter 267/300 | best_global_cost=272.680 | iter_best=272.680
2026-02-23 21:40:16 | INFO | underwater_sensor_ga.pso | PSO iter 268/300 | best_global_cost=272.680 | iter_best=272.680
2026-02-23 21:40:16 | INFO | underwater_sensor_ga.pso | PSO iter 269/300 | best_global_cost=272.680 | iter_best=272.680
2026-02-23 21:40:16 | INFO | underwater_sensor_ga.pso | PSO iter 270/300 | best_global_cost=272.680 | iter_best=272.680
2026-02-23 21:40:16 | INFO | underwater_sensor_ga.pso | PSO iter 271/300 | best_global_cost=272.680 | iter_best=272.680
2026-02-23 21:40:16 | INFO | underwater_sensor_ga.pso | PSO iter 272/300 | best_global_cost=272.680 | iter_best=275.220
2026-02-23 21:40:16 | INFO | underwater_sensor_ga.pso | PSO iter 273/300 | best_global_cost=272.680 | iter_best=274.918
2026-02-23 21:40:16 | INFO | underwater_sensor_ga.pso | PSO iter 274/300 | best_global_cost=272.680 | iter_best=272.680
2026-02-23 21:40:16 | INFO | underwater_sensor_ga.pso | PSO iter 275/300 | best_global_cost=272.680 | iter_best=274.918
2026-02-23 21:40:16 | INFO | underwater_sensor_ga.pso | PSO iter 276/300 | best_global_cost=272.680 | iter_best=272.680
2026-02-23 21:40:16 | INFO | underwater_sensor_ga.pso | PSO iter 277/300 | best_global_cost=272.680 | iter_best=273.595
2026-02-23 21:40:16 | INFO | underwater_sensor_ga.pso | PSO iter 278/300 | best_global_cost=272.680 | iter_best=274.232
2026-02-23 21:40:16 | INFO | underwater_sensor_ga.pso | PSO iter 279/300 | best_global_cost=272.680 | iter_best=273.595
2026-02-23 21:40:16 | INFO | underwater_sensor_ga.pso | PSO iter 280/300 | best_global_cost=272.680 | iter_best=272.680
2026-02-23 21:40:16 | INFO | underwater_sensor_ga.pso | PSO iter 281/300 | best_global_cost=272.680 | iter_best=274.918
2026-02-23 21:40:16 | INFO | underwater_sensor_ga.pso | PSO iter 282/300 | best_global_cost=272.680 | iter_best=272.680
2026-02-23 21:40:16 | INFO | underwater_sensor_ga.pso | PSO iter 283/300 | best_global_cost=272.680 | iter_best=273.595
2026-02-23 21:40:16 | INFO | underwater_sensor_ga.pso | PSO iter 284/300 | best_global_cost=272.680 | iter_best=272.680
2026-02-23 21:40:16 | INFO | underwater_sensor_ga.pso | PSO iter 285/300 | best_global_cost=272.680 | iter_best=272.680
2026-02-23 21:40:16 | INFO | underwater_sensor_ga.pso | PSO iter 286/300 | best_global_cost=272.680 | iter_best=272.680
2026-02-23 21:40:16 | INFO | underwater_sensor_ga.pso | PSO iter 287/300 | best_global_cost=272.680 | iter_best=275.220
2026-02-23 21:40:16 | INFO | underwater_sensor_ga.pso | PSO iter 288/300 | best_global_cost=272.680 | iter_best=272.680
2026-02-23 21:40:16 | INFO | underwater_sensor_ga.pso | PSO iter 289/300 | best_global_cost=272.680 | iter_best=272.680
2026-02-23 21:40:16 | INFO | underwater_sensor_ga.pso | PSO iter 290/300 | best_global_cost=272.680 | iter_best=273.506
2026-02-23 21:40:16 | INFO | underwater_sensor_ga.pso | PSO iter 291/300 | best_global_cost=272.680 | iter_best=273.595
2026-02-23 21:40:16 | INFO | underwater_sensor_ga.pso | PSO iter 292/300 | best_global_cost=272.680 | iter_best=272.680
2026-02-23 21:40:16 | INFO | underwater_sensor_ga.pso | PSO iter 293/300 | best_global_cost=272.680 | iter_best=272.680
2026-02-23 21:40:16 | INFO | underwater_sensor_ga.pso | PSO iter 294/300 | best_global_cost=272.680 | iter_best=273.506
2026-02-23 21:40:16 | INFO | underwater_sensor_ga.pso | PSO iter 295/300 | best_global_cost=272.680 | iter_best=272.680
2026-02-23 21:40:16 | INFO | underwater_sensor_ga.pso | PSO iter 296/300 | best_global_cost=272.680 | iter_best=275.220
2026-02-23 21:40:16 | INFO | underwater_sensor_ga.pso | PSO iter 297/300 | best_global_cost=272.680 | iter_best=275.220
2026-02-23 21:40:17 | INFO | underwater_sensor_ga.pso | PSO iter 298/300 | best_global_cost=272.680 | iter_best=272.680
2026-02-23 21:40:17 | INFO | underwater_sensor_ga.pso | PSO iter 299/300 | best_global_cost=272.680 | iter_best=273.595
2026-02-23 21:40:17 | INFO | underwater_sensor_ga.pso | PSO iter 300/300 | best_global_cost=272.680 | iter_best=274.918
2026-02-23 21:40:17 | INFO | underwater_sensor_ga.pso_runner | Final PSO best cost (N=3): 272.680
2026-02-23 21:40:17 | INFO | underwater_sensor_ga.pso_runner | ================================================================================
2026-02-23 21:40:17 | INFO | underwater_sensor_ga.pso_runner | Running PSO for number_of_sensors=4
2026-02-23 21:40:17 | INFO | underwater_sensor_ga.pso | PSO seeds | pso_seed=321 | scenario_seed=123
2026-02-23 21:40:17 | INFO | underwater_sensor_ga.pso | PSO iter 1/300 | best_global_cost=28.053 | iter_best=28.053
2026-02-23 21:40:17 | INFO | underwater_sensor_ga.pso | PSO iter 2/300 | best_global_cost=20.773 | iter_best=20.773
2026-02-23 21:40:17 | INFO | underwater_sensor_ga.pso | PSO iter 3/300 | best_global_cost=20.773 | iter_best=24.512
2026-02-23 21:40:17 | INFO | underwater_sensor_ga.pso | PSO iter 4/300 | best_global_cost=20.773 | iter_best=27.403
2026-02-23 21:40:17 | INFO | underwater_sensor_ga.pso | PSO iter 5/300 | best_global_cost=12.991 | iter_best=12.991
2026-02-23 21:40:18 | INFO | underwater_sensor_ga.pso | PSO iter 6/300 | best_global_cost=12.991 | iter_best=24.442
2026-02-23 21:40:18 | INFO | underwater_sensor_ga.pso | PSO iter 7/300 | best_global_cost=12.991 | iter_best=16.008
2026-02-23 21:40:18 | INFO | underwater_sensor_ga.pso | PSO iter 8/300 | best_global_cost=12.991 | iter_best=17.609
2026-02-23 21:40:18 | INFO | underwater_sensor_ga.pso | PSO iter 9/300 | best_global_cost=12.991 | iter_best=21.878
2026-02-23 21:40:18 | INFO | underwater_sensor_ga.pso | PSO iter 10/300 | best_global_cost=12.312 | iter_best=12.312
2026-02-23 21:40:18 | INFO | underwater_sensor_ga.pso | PSO iter 11/300 | best_global_cost=12.312 | iter_best=16.955
2026-02-23 21:40:18 | INFO | underwater_sensor_ga.pso | PSO iter 12/300 | best_global_cost=12.312 | iter_best=18.437
2026-02-23 21:40:18 | INFO | underwater_sensor_ga.pso | PSO iter 13/300 | best_global_cost=12.312 | iter_best=34.726
2026-02-23 21:40:19 | INFO | underwater_sensor_ga.pso | PSO iter 14/300 | best_global_cost=12.312 | iter_best=21.644
2026-02-23 21:40:19 | INFO | underwater_sensor_ga.pso | PSO iter 15/300 | best_global_cost=12.312 | iter_best=22.490
2026-02-23 21:40:19 | INFO | underwater_sensor_ga.pso | PSO iter 16/300 | best_global_cost=12.312 | iter_best=28.647
2026-02-23 21:40:19 | INFO | underwater_sensor_ga.pso | PSO iter 17/300 | best_global_cost=12.312 | iter_best=31.338
2026-02-23 21:40:19 | INFO | underwater_sensor_ga.pso | PSO iter 18/300 | best_global_cost=12.312 | iter_best=20.040
2026-02-23 21:40:19 | INFO | underwater_sensor_ga.pso | PSO iter 19/300 | best_global_cost=12.312 | iter_best=32.415
2026-02-23 21:40:19 | INFO | underwater_sensor_ga.pso | PSO iter 20/300 | best_global_cost=12.312 | iter_best=17.827
2026-02-23 21:40:19 | INFO | underwater_sensor_ga.pso | PSO iter 21/300 | best_global_cost=12.312 | iter_best=30.372
2026-02-23 21:40:19 | INFO | underwater_sensor_ga.pso | PSO iter 22/300 | best_global_cost=12.312 | iter_best=26.499
2026-02-23 21:40:20 | INFO | underwater_sensor_ga.pso | PSO iter 23/300 | best_global_cost=12.312 | iter_best=23.701
2026-02-23 21:40:20 | INFO | underwater_sensor_ga.pso | PSO iter 24/300 | best_global_cost=12.312 | iter_best=14.328
2026-02-23 21:40:20 | INFO | underwater_sensor_ga.pso | PSO iter 25/300 | best_global_cost=12.312 | iter_best=21.502
2026-02-23 21:40:20 | INFO | underwater_sensor_ga.pso | PSO iter 26/300 | best_global_cost=12.312 | iter_best=14.637
2026-02-23 21:40:20 | INFO | underwater_sensor_ga.pso | PSO iter 27/300 | best_global_cost=12.312 | iter_best=23.711
2026-02-23 21:40:20 | INFO | underwater_sensor_ga.pso | PSO iter 28/300 | best_global_cost=12.312 | iter_best=24.037
2026-02-23 21:40:20 | INFO | underwater_sensor_ga.pso | PSO iter 29/300 | best_global_cost=12.312 | iter_best=18.706
2026-02-23 21:40:20 | INFO | underwater_sensor_ga.pso | PSO iter 30/300 | best_global_cost=12.312 | iter_best=21.543
2026-02-23 21:40:20 | INFO | underwater_sensor_ga.pso | PSO iter 31/300 | best_global_cost=12.312 | iter_best=23.892
2026-02-23 21:40:20 | INFO | underwater_sensor_ga.pso | PSO iter 32/300 | best_global_cost=12.312 | iter_best=39.728
2026-02-23 21:40:21 | INFO | underwater_sensor_ga.pso | PSO iter 33/300 | best_global_cost=12.312 | iter_best=24.510
2026-02-23 21:40:21 | INFO | underwater_sensor_ga.pso | PSO iter 34/300 | best_global_cost=12.312 | iter_best=29.302
2026-02-23 21:40:21 | INFO | underwater_sensor_ga.pso | PSO iter 35/300 | best_global_cost=12.312 | iter_best=20.590
2026-02-23 21:40:21 | INFO | underwater_sensor_ga.pso | PSO iter 36/300 | best_global_cost=12.312 | iter_best=19.159
2026-02-23 21:40:21 | INFO | underwater_sensor_ga.pso | PSO iter 37/300 | best_global_cost=12.312 | iter_best=17.484
2026-02-23 21:40:21 | INFO | underwater_sensor_ga.pso | PSO iter 38/300 | best_global_cost=12.312 | iter_best=20.464
2026-02-23 21:40:21 | INFO | underwater_sensor_ga.pso | PSO iter 39/300 | best_global_cost=12.312 | iter_best=26.328
2026-02-23 21:40:21 | INFO | underwater_sensor_ga.pso | PSO iter 40/300 | best_global_cost=12.312 | iter_best=14.232
2026-02-23 21:40:21 | INFO | underwater_sensor_ga.pso | PSO iter 41/300 | best_global_cost=12.312 | iter_best=13.804
2026-02-23 21:40:22 | INFO | underwater_sensor_ga.pso | PSO iter 42/300 | best_global_cost=12.312 | iter_best=21.931
2026-02-23 21:40:22 | INFO | underwater_sensor_ga.pso | PSO iter 43/300 | best_global_cost=12.312 | iter_best=18.745
2026-02-23 21:40:22 | INFO | underwater_sensor_ga.pso | PSO iter 44/300 | best_global_cost=12.312 | iter_best=29.902
2026-02-23 21:40:22 | INFO | underwater_sensor_ga.pso | PSO iter 45/300 | best_global_cost=12.312 | iter_best=22.894
2026-02-23 21:40:22 | INFO | underwater_sensor_ga.pso | PSO iter 46/300 | best_global_cost=12.312 | iter_best=24.676
2026-02-23 21:40:22 | INFO | underwater_sensor_ga.pso | PSO iter 47/300 | best_global_cost=12.312 | iter_best=27.253
2026-02-23 21:40:22 | INFO | underwater_sensor_ga.pso | PSO iter 48/300 | best_global_cost=12.312 | iter_best=25.264
2026-02-23 21:40:22 | INFO | underwater_sensor_ga.pso | PSO iter 49/300 | best_global_cost=12.312 | iter_best=15.819
2026-02-23 21:40:22 | INFO | underwater_sensor_ga.pso | PSO iter 50/300 | best_global_cost=11.120 | iter_best=11.120
2026-02-23 21:40:22 | INFO | underwater_sensor_ga.pso | PSO iter 51/300 | best_global_cost=11.120 | iter_best=22.587
2026-02-23 21:40:23 | INFO | underwater_sensor_ga.pso | PSO iter 52/300 | best_global_cost=11.120 | iter_best=23.229
2026-02-23 21:40:23 | INFO | underwater_sensor_ga.pso | PSO iter 53/300 | best_global_cost=11.120 | iter_best=25.743
2026-02-23 21:40:23 | INFO | underwater_sensor_ga.pso | PSO iter 54/300 | best_global_cost=11.120 | iter_best=16.720
2026-02-23 21:40:23 | INFO | underwater_sensor_ga.pso | PSO iter 55/300 | best_global_cost=11.120 | iter_best=16.495
2026-02-23 21:40:23 | INFO | underwater_sensor_ga.pso | PSO iter 56/300 | best_global_cost=11.120 | iter_best=18.546
2026-02-23 21:40:23 | INFO | underwater_sensor_ga.pso | PSO iter 57/300 | best_global_cost=11.120 | iter_best=20.198
2026-02-23 21:40:23 | INFO | underwater_sensor_ga.pso | PSO iter 58/300 | best_global_cost=11.120 | iter_best=22.624
2026-02-23 21:40:23 | INFO | underwater_sensor_ga.pso | PSO iter 59/300 | best_global_cost=11.120 | iter_best=30.585
2026-02-23 21:40:23 | INFO | underwater_sensor_ga.pso | PSO iter 60/300 | best_global_cost=11.120 | iter_best=19.806
2026-02-23 21:40:23 | INFO | underwater_sensor_ga.pso | PSO iter 61/300 | best_global_cost=11.120 | iter_best=18.646
2026-02-23 21:40:24 | INFO | underwater_sensor_ga.pso | PSO iter 62/300 | best_global_cost=11.120 | iter_best=21.067
2026-02-23 21:40:24 | INFO | underwater_sensor_ga.pso | PSO iter 63/300 | best_global_cost=11.120 | iter_best=20.391
2026-02-23 21:40:24 | INFO | underwater_sensor_ga.pso | PSO iter 64/300 | best_global_cost=11.120 | iter_best=26.447
2026-02-23 21:40:24 | INFO | underwater_sensor_ga.pso | PSO iter 65/300 | best_global_cost=11.120 | iter_best=29.927
2026-02-23 21:40:24 | INFO | underwater_sensor_ga.pso | PSO iter 66/300 | best_global_cost=11.120 | iter_best=22.325
2026-02-23 21:40:24 | INFO | underwater_sensor_ga.pso | PSO iter 67/300 | best_global_cost=11.120 | iter_best=20.609
2026-02-23 21:40:24 | INFO | underwater_sensor_ga.pso | PSO iter 68/300 | best_global_cost=11.120 | iter_best=13.572
2026-02-23 21:40:24 | INFO | underwater_sensor_ga.pso | PSO iter 69/300 | best_global_cost=11.120 | iter_best=18.212
2026-02-23 21:40:24 | INFO | underwater_sensor_ga.pso | PSO iter 70/300 | best_global_cost=11.120 | iter_best=18.606
2026-02-23 21:40:25 | INFO | underwater_sensor_ga.pso | PSO iter 71/300 | best_global_cost=11.120 | iter_best=16.855
2026-02-23 21:40:25 | INFO | underwater_sensor_ga.pso | PSO iter 72/300 | best_global_cost=11.120 | iter_best=15.532
2026-02-23 21:40:25 | INFO | underwater_sensor_ga.pso | PSO iter 73/300 | best_global_cost=11.120 | iter_best=14.234
2026-02-23 21:40:25 | INFO | underwater_sensor_ga.pso | PSO iter 74/300 | best_global_cost=11.120 | iter_best=20.020
2026-02-23 21:40:25 | INFO | underwater_sensor_ga.pso | PSO iter 75/300 | best_global_cost=11.120 | iter_best=22.296
2026-02-23 21:40:25 | INFO | underwater_sensor_ga.pso | PSO iter 76/300 | best_global_cost=11.120 | iter_best=38.778
2026-02-23 21:40:25 | INFO | underwater_sensor_ga.pso | PSO iter 77/300 | best_global_cost=11.120 | iter_best=21.145
2026-02-23 21:40:25 | INFO | underwater_sensor_ga.pso | PSO iter 78/300 | best_global_cost=11.120 | iter_best=21.247
2026-02-23 21:40:25 | INFO | underwater_sensor_ga.pso | PSO iter 79/300 | best_global_cost=11.120 | iter_best=20.492
2026-02-23 21:40:25 | INFO | underwater_sensor_ga.pso | PSO iter 80/300 | best_global_cost=11.120 | iter_best=26.535
2026-02-23 21:40:26 | INFO | underwater_sensor_ga.pso | PSO iter 81/300 | best_global_cost=11.120 | iter_best=12.168
2026-02-23 21:40:26 | INFO | underwater_sensor_ga.pso | PSO iter 82/300 | best_global_cost=11.120 | iter_best=22.267
2026-02-23 21:40:26 | INFO | underwater_sensor_ga.pso | PSO iter 83/300 | best_global_cost=11.120 | iter_best=28.152
2026-02-23 21:40:26 | INFO | underwater_sensor_ga.pso | PSO iter 84/300 | best_global_cost=11.120 | iter_best=19.661
2026-02-23 21:40:26 | INFO | underwater_sensor_ga.pso | PSO iter 85/300 | best_global_cost=11.120 | iter_best=22.179
2026-02-23 21:40:26 | INFO | underwater_sensor_ga.pso | PSO iter 86/300 | best_global_cost=11.120 | iter_best=25.319
2026-02-23 21:40:26 | INFO | underwater_sensor_ga.pso | PSO iter 87/300 | best_global_cost=11.120 | iter_best=17.474
2026-02-23 21:40:26 | INFO | underwater_sensor_ga.pso | PSO iter 88/300 | best_global_cost=11.120 | iter_best=30.743
2026-02-23 21:40:26 | INFO | underwater_sensor_ga.pso | PSO iter 89/300 | best_global_cost=11.120 | iter_best=28.139
2026-02-23 21:40:26 | INFO | underwater_sensor_ga.pso | PSO iter 90/300 | best_global_cost=11.120 | iter_best=16.518
2026-02-23 21:40:27 | INFO | underwater_sensor_ga.pso | PSO iter 91/300 | best_global_cost=11.120 | iter_best=29.781
2026-02-23 21:40:27 | INFO | underwater_sensor_ga.pso | PSO iter 92/300 | best_global_cost=11.120 | iter_best=26.312
2026-02-23 21:40:27 | INFO | underwater_sensor_ga.pso | PSO iter 93/300 | best_global_cost=11.120 | iter_best=15.849
2026-02-23 21:40:27 | INFO | underwater_sensor_ga.pso | PSO iter 94/300 | best_global_cost=11.120 | iter_best=24.920
2026-02-23 21:40:27 | INFO | underwater_sensor_ga.pso | PSO iter 95/300 | best_global_cost=11.120 | iter_best=20.091
2026-02-23 21:40:27 | INFO | underwater_sensor_ga.pso | PSO iter 96/300 | best_global_cost=11.120 | iter_best=31.840
2026-02-23 21:40:27 | INFO | underwater_sensor_ga.pso | PSO iter 97/300 | best_global_cost=11.120 | iter_best=27.809
2026-02-23 21:40:27 | INFO | underwater_sensor_ga.pso | PSO iter 98/300 | best_global_cost=11.120 | iter_best=21.844
2026-02-23 21:40:27 | INFO | underwater_sensor_ga.pso | PSO iter 99/300 | best_global_cost=11.120 | iter_best=29.686
2026-02-23 21:40:28 | INFO | underwater_sensor_ga.pso | PSO iter 100/300 | best_global_cost=11.120 | iter_best=15.395
2026-02-23 21:40:28 | INFO | underwater_sensor_ga.pso | PSO iter 101/300 | best_global_cost=11.120 | iter_best=28.499
2026-02-23 21:40:28 | INFO | underwater_sensor_ga.pso | PSO iter 102/300 | best_global_cost=11.120 | iter_best=20.169
2026-02-23 21:40:28 | INFO | underwater_sensor_ga.pso | PSO iter 103/300 | best_global_cost=11.120 | iter_best=18.706
2026-02-23 21:40:28 | INFO | underwater_sensor_ga.pso | PSO iter 104/300 | best_global_cost=11.120 | iter_best=24.358
2026-02-23 21:40:28 | INFO | underwater_sensor_ga.pso | PSO iter 105/300 | best_global_cost=11.120 | iter_best=17.561
2026-02-23 21:40:28 | INFO | underwater_sensor_ga.pso | PSO iter 106/300 | best_global_cost=11.120 | iter_best=13.881
2026-02-23 21:40:28 | INFO | underwater_sensor_ga.pso | PSO iter 107/300 | best_global_cost=11.120 | iter_best=21.989
2026-02-23 21:40:28 | INFO | underwater_sensor_ga.pso | PSO iter 108/300 | best_global_cost=11.120 | iter_best=17.425
2026-02-23 21:40:28 | INFO | underwater_sensor_ga.pso | PSO iter 109/300 | best_global_cost=11.120 | iter_best=23.001
2026-02-23 21:40:29 | INFO | underwater_sensor_ga.pso | PSO iter 110/300 | best_global_cost=11.120 | iter_best=32.747
2026-02-23 21:40:29 | INFO | underwater_sensor_ga.pso | PSO iter 111/300 | best_global_cost=11.120 | iter_best=26.644
2026-02-23 21:40:29 | INFO | underwater_sensor_ga.pso | PSO iter 112/300 | best_global_cost=11.120 | iter_best=24.138
2026-02-23 21:40:29 | INFO | underwater_sensor_ga.pso | PSO iter 113/300 | best_global_cost=11.120 | iter_best=15.818
2026-02-23 21:40:29 | INFO | underwater_sensor_ga.pso | PSO iter 114/300 | best_global_cost=11.120 | iter_best=27.460
2026-02-23 21:40:29 | INFO | underwater_sensor_ga.pso | PSO iter 115/300 | best_global_cost=11.120 | iter_best=17.598
2026-02-23 21:40:29 | INFO | underwater_sensor_ga.pso | PSO iter 116/300 | best_global_cost=11.120 | iter_best=15.562
2026-02-23 21:40:29 | INFO | underwater_sensor_ga.pso | PSO iter 117/300 | best_global_cost=11.120 | iter_best=14.005
2026-02-23 21:40:29 | INFO | underwater_sensor_ga.pso | PSO iter 118/300 | best_global_cost=11.120 | iter_best=21.977
2026-02-23 21:40:29 | INFO | underwater_sensor_ga.pso | PSO iter 119/300 | best_global_cost=11.120 | iter_best=16.067
2026-02-23 21:40:30 | INFO | underwater_sensor_ga.pso | PSO iter 120/300 | best_global_cost=11.120 | iter_best=20.927
2026-02-23 21:40:30 | INFO | underwater_sensor_ga.pso | PSO iter 121/300 | best_global_cost=11.120 | iter_best=18.212
2026-02-23 21:40:30 | INFO | underwater_sensor_ga.pso | PSO iter 122/300 | best_global_cost=11.120 | iter_best=32.218
2026-02-23 21:40:30 | INFO | underwater_sensor_ga.pso | PSO iter 123/300 | best_global_cost=11.120 | iter_best=15.722
2026-02-23 21:40:30 | INFO | underwater_sensor_ga.pso | PSO iter 124/300 | best_global_cost=11.120 | iter_best=25.961
2026-02-23 21:40:30 | INFO | underwater_sensor_ga.pso | PSO iter 125/300 | best_global_cost=11.120 | iter_best=31.159
2026-02-23 21:40:30 | INFO | underwater_sensor_ga.pso | PSO iter 126/300 | best_global_cost=11.120 | iter_best=27.064
2026-02-23 21:40:30 | INFO | underwater_sensor_ga.pso | PSO iter 127/300 | best_global_cost=11.120 | iter_best=19.995
2026-02-23 21:40:30 | INFO | underwater_sensor_ga.pso | PSO iter 128/300 | best_global_cost=11.120 | iter_best=23.316
2026-02-23 21:40:30 | INFO | underwater_sensor_ga.pso | PSO iter 129/300 | best_global_cost=11.120 | iter_best=19.549
2026-02-23 21:40:31 | INFO | underwater_sensor_ga.pso | PSO iter 130/300 | best_global_cost=11.120 | iter_best=17.149
2026-02-23 21:40:31 | INFO | underwater_sensor_ga.pso | PSO iter 131/300 | best_global_cost=11.120 | iter_best=25.054
2026-02-23 21:40:31 | INFO | underwater_sensor_ga.pso | PSO iter 132/300 | best_global_cost=11.120 | iter_best=15.640
2026-02-23 21:40:31 | INFO | underwater_sensor_ga.pso | PSO iter 133/300 | best_global_cost=11.120 | iter_best=21.720
2026-02-23 21:40:31 | INFO | underwater_sensor_ga.pso | PSO iter 134/300 | best_global_cost=11.120 | iter_best=17.585
2026-02-23 21:40:31 | INFO | underwater_sensor_ga.pso | PSO iter 135/300 | best_global_cost=11.120 | iter_best=13.885
2026-02-23 21:40:31 | INFO | underwater_sensor_ga.pso | PSO iter 136/300 | best_global_cost=11.120 | iter_best=13.574
2026-02-23 21:40:31 | INFO | underwater_sensor_ga.pso | PSO iter 137/300 | best_global_cost=11.120 | iter_best=20.096
2026-02-23 21:40:31 | INFO | underwater_sensor_ga.pso | PSO iter 138/300 | best_global_cost=11.120 | iter_best=20.714
2026-02-23 21:40:31 | INFO | underwater_sensor_ga.pso | PSO iter 139/300 | best_global_cost=11.120 | iter_best=23.007
2026-02-23 21:40:32 | INFO | underwater_sensor_ga.pso | PSO iter 140/300 | best_global_cost=11.120 | iter_best=15.537
2026-02-23 21:40:32 | INFO | underwater_sensor_ga.pso | PSO iter 141/300 | best_global_cost=11.120 | iter_best=14.953
2026-02-23 21:40:32 | INFO | underwater_sensor_ga.pso | PSO iter 142/300 | best_global_cost=11.120 | iter_best=30.644
2026-02-23 21:40:32 | INFO | underwater_sensor_ga.pso | PSO iter 143/300 | best_global_cost=11.120 | iter_best=23.340
2026-02-23 21:40:32 | INFO | underwater_sensor_ga.pso | PSO iter 144/300 | best_global_cost=11.120 | iter_best=16.243
2026-02-23 21:40:32 | INFO | underwater_sensor_ga.pso | PSO iter 145/300 | best_global_cost=11.120 | iter_best=23.205
2026-02-23 21:40:32 | INFO | underwater_sensor_ga.pso | PSO iter 146/300 | best_global_cost=11.120 | iter_best=34.318
2026-02-23 21:40:32 | INFO | underwater_sensor_ga.pso | PSO iter 147/300 | best_global_cost=11.120 | iter_best=15.221
2026-02-23 21:40:32 | INFO | underwater_sensor_ga.pso | PSO iter 148/300 | best_global_cost=11.120 | iter_best=26.579
2026-02-23 21:40:32 | INFO | underwater_sensor_ga.pso | PSO iter 149/300 | best_global_cost=11.120 | iter_best=15.095
2026-02-23 21:40:33 | INFO | underwater_sensor_ga.pso | PSO iter 150/300 | best_global_cost=11.120 | iter_best=19.809
2026-02-23 21:40:33 | INFO | underwater_sensor_ga.pso | PSO iter 151/300 | best_global_cost=11.120 | iter_best=17.776
2026-02-23 21:40:33 | INFO | underwater_sensor_ga.pso | PSO iter 152/300 | best_global_cost=11.120 | iter_best=21.214
2026-02-23 21:40:33 | INFO | underwater_sensor_ga.pso | PSO iter 153/300 | best_global_cost=11.120 | iter_best=22.812
2026-02-23 21:40:33 | INFO | underwater_sensor_ga.pso | PSO iter 154/300 | best_global_cost=11.120 | iter_best=18.652
2026-02-23 21:40:33 | INFO | underwater_sensor_ga.pso | PSO iter 155/300 | best_global_cost=11.120 | iter_best=25.522
2026-02-23 21:40:33 | INFO | underwater_sensor_ga.pso | PSO iter 156/300 | best_global_cost=11.120 | iter_best=18.299
2026-02-23 21:40:33 | INFO | underwater_sensor_ga.pso | PSO iter 157/300 | best_global_cost=11.120 | iter_best=22.867
2026-02-23 21:40:33 | INFO | underwater_sensor_ga.pso | PSO iter 158/300 | best_global_cost=11.120 | iter_best=15.757
2026-02-23 21:40:33 | INFO | underwater_sensor_ga.pso | PSO iter 159/300 | best_global_cost=11.120 | iter_best=20.447
2026-02-23 21:40:34 | INFO | underwater_sensor_ga.pso | PSO iter 160/300 | best_global_cost=11.120 | iter_best=23.225
2026-02-23 21:40:34 | INFO | underwater_sensor_ga.pso | PSO iter 161/300 | best_global_cost=11.120 | iter_best=30.943
2026-02-23 21:40:34 | INFO | underwater_sensor_ga.pso | PSO iter 162/300 | best_global_cost=11.120 | iter_best=21.108
2026-02-23 21:40:34 | INFO | underwater_sensor_ga.pso | PSO iter 163/300 | best_global_cost=11.120 | iter_best=29.137
2026-02-23 21:40:34 | INFO | underwater_sensor_ga.pso | PSO iter 164/300 | best_global_cost=11.120 | iter_best=19.499
2026-02-23 21:40:34 | INFO | underwater_sensor_ga.pso | PSO iter 165/300 | best_global_cost=11.120 | iter_best=13.292
2026-02-23 21:40:34 | INFO | underwater_sensor_ga.pso | PSO iter 166/300 | best_global_cost=11.120 | iter_best=23.076
2026-02-23 21:40:34 | INFO | underwater_sensor_ga.pso | PSO iter 167/300 | best_global_cost=11.120 | iter_best=33.907
2026-02-23 21:40:34 | INFO | underwater_sensor_ga.pso | PSO iter 168/300 | best_global_cost=11.120 | iter_best=29.942
2026-02-23 21:40:35 | INFO | underwater_sensor_ga.pso | PSO iter 169/300 | best_global_cost=11.120 | iter_best=16.776
2026-02-23 21:40:35 | INFO | underwater_sensor_ga.pso | PSO iter 170/300 | best_global_cost=11.120 | iter_best=20.260
2026-02-23 21:40:35 | INFO | underwater_sensor_ga.pso | PSO iter 171/300 | best_global_cost=11.120 | iter_best=24.675
2026-02-23 21:40:35 | INFO | underwater_sensor_ga.pso | PSO iter 172/300 | best_global_cost=11.120 | iter_best=12.662
2026-02-23 21:40:35 | INFO | underwater_sensor_ga.pso | PSO iter 173/300 | best_global_cost=11.120 | iter_best=16.945
2026-02-23 21:40:35 | INFO | underwater_sensor_ga.pso | PSO iter 174/300 | best_global_cost=11.120 | iter_best=24.871
2026-02-23 21:40:35 | INFO | underwater_sensor_ga.pso | PSO iter 175/300 | best_global_cost=11.120 | iter_best=14.387
2026-02-23 21:40:35 | INFO | underwater_sensor_ga.pso | PSO iter 176/300 | best_global_cost=11.120 | iter_best=23.661
2026-02-23 21:40:35 | INFO | underwater_sensor_ga.pso | PSO iter 177/300 | best_global_cost=11.120 | iter_best=31.497
2026-02-23 21:40:35 | INFO | underwater_sensor_ga.pso | PSO iter 178/300 | best_global_cost=11.120 | iter_best=26.213
2026-02-23 21:40:36 | INFO | underwater_sensor_ga.pso | PSO iter 179/300 | best_global_cost=11.120 | iter_best=20.729
2026-02-23 21:40:36 | INFO | underwater_sensor_ga.pso | PSO iter 180/300 | best_global_cost=11.120 | iter_best=17.014
2026-02-23 21:40:36 | INFO | underwater_sensor_ga.pso | PSO iter 181/300 | best_global_cost=11.120 | iter_best=16.759
2026-02-23 21:40:36 | INFO | underwater_sensor_ga.pso | PSO iter 182/300 | best_global_cost=11.120 | iter_best=21.115
2026-02-23 21:40:36 | INFO | underwater_sensor_ga.pso | PSO iter 183/300 | best_global_cost=11.120 | iter_best=21.463
2026-02-23 21:40:36 | INFO | underwater_sensor_ga.pso | PSO iter 184/300 | best_global_cost=11.120 | iter_best=32.827
2026-02-23 21:40:36 | INFO | underwater_sensor_ga.pso | PSO iter 185/300 | best_global_cost=11.120 | iter_best=18.874
2026-02-23 21:40:36 | INFO | underwater_sensor_ga.pso | PSO iter 186/300 | best_global_cost=11.120 | iter_best=27.457
2026-02-23 21:40:36 | INFO | underwater_sensor_ga.pso | PSO iter 187/300 | best_global_cost=11.120 | iter_best=27.641
2026-02-23 21:40:36 | INFO | underwater_sensor_ga.pso | PSO iter 188/300 | best_global_cost=11.120 | iter_best=13.509
2026-02-23 21:40:37 | INFO | underwater_sensor_ga.pso | PSO iter 189/300 | best_global_cost=11.120 | iter_best=14.134
2026-02-23 21:40:37 | INFO | underwater_sensor_ga.pso | PSO iter 190/300 | best_global_cost=11.120 | iter_best=23.244
2026-02-23 21:40:37 | INFO | underwater_sensor_ga.pso | PSO iter 191/300 | best_global_cost=11.120 | iter_best=16.787
2026-02-23 21:40:37 | INFO | underwater_sensor_ga.pso | PSO iter 192/300 | best_global_cost=11.120 | iter_best=12.014
2026-02-23 21:40:37 | INFO | underwater_sensor_ga.pso | PSO iter 193/300 | best_global_cost=11.120 | iter_best=17.286
2026-02-23 21:40:37 | INFO | underwater_sensor_ga.pso | PSO iter 194/300 | best_global_cost=11.120 | iter_best=15.733
2026-02-23 21:40:37 | INFO | underwater_sensor_ga.pso | PSO iter 195/300 | best_global_cost=11.120 | iter_best=18.206
2026-02-23 21:40:37 | INFO | underwater_sensor_ga.pso | PSO iter 196/300 | best_global_cost=11.120 | iter_best=20.748
2026-02-23 21:40:37 | INFO | underwater_sensor_ga.pso | PSO iter 197/300 | best_global_cost=11.120 | iter_best=21.013
2026-02-23 21:40:37 | INFO | underwater_sensor_ga.pso | PSO iter 198/300 | best_global_cost=11.120 | iter_best=24.706
2026-02-23 21:40:38 | INFO | underwater_sensor_ga.pso | PSO iter 199/300 | best_global_cost=11.120 | iter_best=19.425
2026-02-23 21:40:38 | INFO | underwater_sensor_ga.pso | PSO iter 200/300 | best_global_cost=11.120 | iter_best=14.763
2026-02-23 21:40:38 | INFO | underwater_sensor_ga.pso | PSO iter 201/300 | best_global_cost=11.120 | iter_best=16.533
2026-02-23 21:40:38 | INFO | underwater_sensor_ga.pso | PSO iter 202/300 | best_global_cost=11.120 | iter_best=23.072
2026-02-23 21:40:38 | INFO | underwater_sensor_ga.pso | PSO iter 203/300 | best_global_cost=11.120 | iter_best=19.290
2026-02-23 21:40:38 | INFO | underwater_sensor_ga.pso | PSO iter 204/300 | best_global_cost=11.120 | iter_best=26.724
2026-02-23 21:40:38 | INFO | underwater_sensor_ga.pso | PSO iter 205/300 | best_global_cost=11.120 | iter_best=20.388
2026-02-23 21:40:38 | INFO | underwater_sensor_ga.pso | PSO iter 206/300 | best_global_cost=11.120 | iter_best=32.324
2026-02-23 21:40:38 | INFO | underwater_sensor_ga.pso | PSO iter 207/300 | best_global_cost=11.120 | iter_best=27.925
2026-02-23 21:40:39 | INFO | underwater_sensor_ga.pso | PSO iter 208/300 | best_global_cost=11.120 | iter_best=20.659
2026-02-23 21:40:39 | INFO | underwater_sensor_ga.pso | PSO iter 209/300 | best_global_cost=11.120 | iter_best=19.934
2026-02-23 21:40:39 | INFO | underwater_sensor_ga.pso | PSO iter 210/300 | best_global_cost=11.120 | iter_best=27.684
2026-02-23 21:40:39 | INFO | underwater_sensor_ga.pso | PSO iter 211/300 | best_global_cost=11.120 | iter_best=22.317
2026-02-23 21:40:39 | INFO | underwater_sensor_ga.pso | PSO iter 212/300 | best_global_cost=11.120 | iter_best=16.047
2026-02-23 21:40:39 | INFO | underwater_sensor_ga.pso | PSO iter 213/300 | best_global_cost=11.120 | iter_best=17.985
2026-02-23 21:40:39 | INFO | underwater_sensor_ga.pso | PSO iter 214/300 | best_global_cost=11.120 | iter_best=17.839
2026-02-23 21:40:39 | INFO | underwater_sensor_ga.pso | PSO iter 215/300 | best_global_cost=11.120 | iter_best=20.732
2026-02-23 21:40:39 | INFO | underwater_sensor_ga.pso | PSO iter 216/300 | best_global_cost=11.120 | iter_best=20.538
2026-02-23 21:40:40 | INFO | underwater_sensor_ga.pso | PSO iter 217/300 | best_global_cost=11.120 | iter_best=16.589
2026-02-23 21:40:40 | INFO | underwater_sensor_ga.pso | PSO iter 218/300 | best_global_cost=11.120 | iter_best=16.532
2026-02-23 21:40:40 | INFO | underwater_sensor_ga.pso | PSO iter 219/300 | best_global_cost=11.120 | iter_best=19.441
2026-02-23 21:40:40 | INFO | underwater_sensor_ga.pso | PSO iter 220/300 | best_global_cost=11.120 | iter_best=22.082
2026-02-23 21:40:40 | INFO | underwater_sensor_ga.pso | PSO iter 221/300 | best_global_cost=11.120 | iter_best=21.229
2026-02-23 21:40:40 | INFO | underwater_sensor_ga.pso | PSO iter 222/300 | best_global_cost=11.120 | iter_best=16.732
2026-02-23 21:40:40 | INFO | underwater_sensor_ga.pso | PSO iter 223/300 | best_global_cost=11.120 | iter_best=29.760
2026-02-23 21:40:40 | INFO | underwater_sensor_ga.pso | PSO iter 224/300 | best_global_cost=11.120 | iter_best=18.016
2026-02-23 21:40:40 | INFO | underwater_sensor_ga.pso | PSO iter 225/300 | best_global_cost=11.120 | iter_best=18.032
2026-02-23 21:40:40 | INFO | underwater_sensor_ga.pso | PSO iter 226/300 | best_global_cost=11.120 | iter_best=23.391
2026-02-23 21:40:41 | INFO | underwater_sensor_ga.pso | PSO iter 227/300 | best_global_cost=11.120 | iter_best=22.613
2026-02-23 21:40:41 | INFO | underwater_sensor_ga.pso | PSO iter 228/300 | best_global_cost=11.120 | iter_best=23.554
2026-02-23 21:40:41 | INFO | underwater_sensor_ga.pso | PSO iter 229/300 | best_global_cost=11.120 | iter_best=22.535
2026-02-23 21:40:41 | INFO | underwater_sensor_ga.pso | PSO iter 230/300 | best_global_cost=11.120 | iter_best=22.293
2026-02-23 21:40:41 | INFO | underwater_sensor_ga.pso | PSO iter 231/300 | best_global_cost=11.120 | iter_best=21.863
2026-02-23 21:40:41 | INFO | underwater_sensor_ga.pso | PSO iter 232/300 | best_global_cost=11.120 | iter_best=23.341
2026-02-23 21:40:41 | INFO | underwater_sensor_ga.pso | PSO iter 233/300 | best_global_cost=11.120 | iter_best=24.656
2026-02-23 21:40:41 | INFO | underwater_sensor_ga.pso | PSO iter 234/300 | best_global_cost=11.120 | iter_best=27.823
2026-02-23 21:40:41 | INFO | underwater_sensor_ga.pso | PSO iter 235/300 | best_global_cost=11.120 | iter_best=25.404
2026-02-23 21:40:41 | INFO | underwater_sensor_ga.pso | PSO iter 236/300 | best_global_cost=11.120 | iter_best=32.900
2026-02-23 21:40:42 | INFO | underwater_sensor_ga.pso | PSO iter 237/300 | best_global_cost=11.120 | iter_best=14.795
2026-02-23 21:40:42 | INFO | underwater_sensor_ga.pso | PSO iter 238/300 | best_global_cost=11.120 | iter_best=13.987
2026-02-23 21:40:42 | INFO | underwater_sensor_ga.pso | PSO iter 239/300 | best_global_cost=11.120 | iter_best=18.231
2026-02-23 21:40:42 | INFO | underwater_sensor_ga.pso | PSO iter 240/300 | best_global_cost=11.120 | iter_best=31.068
2026-02-23 21:40:42 | INFO | underwater_sensor_ga.pso | PSO iter 241/300 | best_global_cost=11.120 | iter_best=29.634
2026-02-23 21:40:42 | INFO | underwater_sensor_ga.pso | PSO iter 242/300 | best_global_cost=11.120 | iter_best=29.124
2026-02-23 21:40:42 | INFO | underwater_sensor_ga.pso | PSO iter 243/300 | best_global_cost=11.120 | iter_best=23.512
2026-02-23 21:40:42 | INFO | underwater_sensor_ga.pso | PSO iter 244/300 | best_global_cost=11.120 | iter_best=18.196
2026-02-23 21:40:42 | INFO | underwater_sensor_ga.pso | PSO iter 245/300 | best_global_cost=11.120 | iter_best=26.860
2026-02-23 21:40:42 | INFO | underwater_sensor_ga.pso | PSO iter 246/300 | best_global_cost=11.120 | iter_best=13.117
2026-02-23 21:40:43 | INFO | underwater_sensor_ga.pso | PSO iter 247/300 | best_global_cost=11.120 | iter_best=23.955
2026-02-23 21:40:43 | INFO | underwater_sensor_ga.pso | PSO iter 248/300 | best_global_cost=11.120 | iter_best=27.318
2026-02-23 21:40:43 | INFO | underwater_sensor_ga.pso | PSO iter 249/300 | best_global_cost=11.120 | iter_best=13.763
2026-02-23 21:40:43 | INFO | underwater_sensor_ga.pso | PSO iter 250/300 | best_global_cost=11.120 | iter_best=12.482
2026-02-23 21:40:43 | INFO | underwater_sensor_ga.pso | PSO iter 251/300 | best_global_cost=11.120 | iter_best=25.157
2026-02-23 21:40:43 | INFO | underwater_sensor_ga.pso | PSO iter 252/300 | best_global_cost=11.120 | iter_best=29.068
2026-02-23 21:40:43 | INFO | underwater_sensor_ga.pso | PSO iter 253/300 | best_global_cost=11.120 | iter_best=22.746
2026-02-23 21:40:43 | INFO | underwater_sensor_ga.pso | PSO iter 254/300 | best_global_cost=11.120 | iter_best=26.045
2026-02-23 21:40:43 | INFO | underwater_sensor_ga.pso | PSO iter 255/300 | best_global_cost=11.120 | iter_best=18.099
2026-02-23 21:40:43 | INFO | underwater_sensor_ga.pso | PSO iter 256/300 | best_global_cost=11.120 | iter_best=19.021
2026-02-23 21:40:44 | INFO | underwater_sensor_ga.pso | PSO iter 257/300 | best_global_cost=11.120 | iter_best=28.836
2026-02-23 21:40:44 | INFO | underwater_sensor_ga.pso | PSO iter 258/300 | best_global_cost=11.120 | iter_best=27.363
2026-02-23 21:40:44 | INFO | underwater_sensor_ga.pso | PSO iter 259/300 | best_global_cost=11.120 | iter_best=20.166
2026-02-23 21:40:44 | INFO | underwater_sensor_ga.pso | PSO iter 260/300 | best_global_cost=11.120 | iter_best=18.888
2026-02-23 21:40:44 | INFO | underwater_sensor_ga.pso | PSO iter 261/300 | best_global_cost=11.120 | iter_best=22.128
2026-02-23 21:40:44 | INFO | underwater_sensor_ga.pso | PSO iter 262/300 | best_global_cost=11.120 | iter_best=13.513
2026-02-23 21:40:44 | INFO | underwater_sensor_ga.pso | PSO iter 263/300 | best_global_cost=11.120 | iter_best=27.501
2026-02-23 21:40:44 | INFO | underwater_sensor_ga.pso | PSO iter 264/300 | best_global_cost=11.120 | iter_best=14.497
2026-02-23 21:40:44 | INFO | underwater_sensor_ga.pso | PSO iter 265/300 | best_global_cost=11.120 | iter_best=24.056
2026-02-23 21:40:44 | INFO | underwater_sensor_ga.pso | PSO iter 266/300 | best_global_cost=11.120 | iter_best=28.253
2026-02-23 21:40:45 | INFO | underwater_sensor_ga.pso | PSO iter 267/300 | best_global_cost=11.120 | iter_best=19.035
2026-02-23 21:40:45 | INFO | underwater_sensor_ga.pso | PSO iter 268/300 | best_global_cost=11.120 | iter_best=20.881
2026-02-23 21:40:45 | INFO | underwater_sensor_ga.pso | PSO iter 269/300 | best_global_cost=11.120 | iter_best=21.189
2026-02-23 21:40:45 | INFO | underwater_sensor_ga.pso | PSO iter 270/300 | best_global_cost=11.120 | iter_best=20.634
2026-02-23 21:40:45 | INFO | underwater_sensor_ga.pso | PSO iter 271/300 | best_global_cost=11.120 | iter_best=22.462
2026-02-23 21:40:45 | INFO | underwater_sensor_ga.pso | PSO iter 272/300 | best_global_cost=11.120 | iter_best=24.272
2026-02-23 21:40:45 | INFO | underwater_sensor_ga.pso | PSO iter 273/300 | best_global_cost=11.120 | iter_best=17.237
2026-02-23 21:40:45 | INFO | underwater_sensor_ga.pso | PSO iter 274/300 | best_global_cost=11.120 | iter_best=22.451
2026-02-23 21:40:45 | INFO | underwater_sensor_ga.pso | PSO iter 275/300 | best_global_cost=11.120 | iter_best=25.258
2026-02-23 21:40:46 | INFO | underwater_sensor_ga.pso | PSO iter 276/300 | best_global_cost=11.120 | iter_best=16.181
2026-02-23 21:40:46 | INFO | underwater_sensor_ga.pso | PSO iter 277/300 | best_global_cost=11.120 | iter_best=33.771
2026-02-23 21:40:46 | INFO | underwater_sensor_ga.pso | PSO iter 278/300 | best_global_cost=11.120 | iter_best=14.419
2026-02-23 21:40:46 | INFO | underwater_sensor_ga.pso | PSO iter 279/300 | best_global_cost=11.120 | iter_best=15.661
2026-02-23 21:40:46 | INFO | underwater_sensor_ga.pso | PSO iter 280/300 | best_global_cost=11.120 | iter_best=20.683
2026-02-23 21:40:46 | INFO | underwater_sensor_ga.pso | PSO iter 281/300 | best_global_cost=11.120 | iter_best=18.916
2026-02-23 21:40:46 | INFO | underwater_sensor_ga.pso | PSO iter 282/300 | best_global_cost=11.120 | iter_best=14.633
2026-02-23 21:40:46 | INFO | underwater_sensor_ga.pso | PSO iter 283/300 | best_global_cost=11.120 | iter_best=18.099
2026-02-23 21:40:46 | INFO | underwater_sensor_ga.pso | PSO iter 284/300 | best_global_cost=11.120 | iter_best=17.219
2026-02-23 21:40:46 | INFO | underwater_sensor_ga.pso | PSO iter 285/300 | best_global_cost=11.120 | iter_best=12.141
2026-02-23 21:40:47 | INFO | underwater_sensor_ga.pso | PSO iter 286/300 | best_global_cost=11.120 | iter_best=26.711
2026-02-23 21:40:47 | INFO | underwater_sensor_ga.pso | PSO iter 287/300 | best_global_cost=11.120 | iter_best=20.010
2026-02-23 21:40:47 | INFO | underwater_sensor_ga.pso | PSO iter 288/300 | best_global_cost=11.120 | iter_best=22.319
2026-02-23 21:40:47 | INFO | underwater_sensor_ga.pso | PSO iter 289/300 | best_global_cost=11.120 | iter_best=22.166
2026-02-23 21:40:47 | INFO | underwater_sensor_ga.pso | PSO iter 290/300 | best_global_cost=11.120 | iter_best=23.736
2026-02-23 21:40:47 | INFO | underwater_sensor_ga.pso | PSO iter 291/300 | best_global_cost=11.120 | iter_best=22.276
2026-02-23 21:40:47 | INFO | underwater_sensor_ga.pso | PSO iter 292/300 | best_global_cost=11.120 | iter_best=30.393
2026-02-23 21:40:47 | INFO | underwater_sensor_ga.pso | PSO iter 293/300 | best_global_cost=11.120 | iter_best=15.404
2026-02-23 21:40:47 | INFO | underwater_sensor_ga.pso | PSO iter 294/300 | best_global_cost=11.120 | iter_best=21.383
2026-02-23 21:40:47 | INFO | underwater_sensor_ga.pso | PSO iter 295/300 | best_global_cost=11.120 | iter_best=23.434
2026-02-23 21:40:48 | INFO | underwater_sensor_ga.pso | PSO iter 296/300 | best_global_cost=11.120 | iter_best=34.768
2026-02-23 21:40:48 | INFO | underwater_sensor_ga.pso | PSO iter 297/300 | best_global_cost=11.120 | iter_best=18.617
2026-02-23 21:40:48 | INFO | underwater_sensor_ga.pso | PSO iter 298/300 | best_global_cost=11.120 | iter_best=29.621
2026-02-23 21:40:48 | INFO | underwater_sensor_ga.pso | PSO iter 299/300 | best_global_cost=11.120 | iter_best=14.507
2026-02-23 21:40:48 | INFO | underwater_sensor_ga.pso | PSO iter 300/300 | best_global_cost=11.120 | iter_best=22.051
2026-02-23 21:40:48 | INFO | underwater_sensor_ga.pso_runner | Final PSO best cost (N=4): 11.120
2026-02-23 21:40:48 | INFO | underwater_sensor_ga.pso_runner | ================================================================================
2026-02-23 21:40:48 | INFO | underwater_sensor_ga.pso_runner | Running PSO for number_of_sensors=5
2026-02-23 21:40:48 | INFO | underwater_sensor_ga.pso | PSO seeds | pso_seed=321 | scenario_seed=123
2026-02-23 21:40:48 | INFO | underwater_sensor_ga.pso | PSO iter 1/300 | best_global_cost=104.451 | iter_best=104.451
2026-02-23 21:40:49 | INFO | underwater_sensor_ga.pso | PSO iter 2/300 | best_global_cost=78.474 | iter_best=78.474
2026-02-23 21:40:49 | INFO | underwater_sensor_ga.pso | PSO iter 3/300 | best_global_cost=78.474 | iter_best=145.448
2026-02-23 21:40:49 | INFO | underwater_sensor_ga.pso | PSO iter 4/300 | best_global_cost=51.791 | iter_best=51.791
2026-02-23 21:40:49 | INFO | underwater_sensor_ga.pso | PSO iter 5/300 | best_global_cost=51.791 | iter_best=112.982
2026-02-23 21:40:49 | INFO | underwater_sensor_ga.pso | PSO iter 6/300 | best_global_cost=51.791 | iter_best=72.860
2026-02-23 21:40:49 | INFO | underwater_sensor_ga.pso | PSO iter 7/300 | best_global_cost=51.791 | iter_best=95.428
2026-02-23 21:40:49 | INFO | underwater_sensor_ga.pso | PSO iter 8/300 | best_global_cost=51.791 | iter_best=89.705
2026-02-23 21:40:49 | INFO | underwater_sensor_ga.pso | PSO iter 9/300 | best_global_cost=51.791 | iter_best=79.189
2026-02-23 21:40:50 | INFO | underwater_sensor_ga.pso | PSO iter 10/300 | best_global_cost=51.791 | iter_best=103.232
2026-02-23 21:40:50 | INFO | underwater_sensor_ga.pso | PSO iter 11/300 | best_global_cost=51.791 | iter_best=59.401
2026-02-23 21:40:50 | INFO | underwater_sensor_ga.pso | PSO iter 12/300 | best_global_cost=51.721 | iter_best=51.721
2026-02-23 21:40:50 | INFO | underwater_sensor_ga.pso | PSO iter 13/300 | best_global_cost=51.721 | iter_best=147.374
2026-02-23 21:40:50 | INFO | underwater_sensor_ga.pso | PSO iter 14/300 | best_global_cost=51.721 | iter_best=82.017
2026-02-23 21:40:50 | INFO | underwater_sensor_ga.pso | PSO iter 15/300 | best_global_cost=51.721 | iter_best=61.577
2026-02-23 21:40:50 | INFO | underwater_sensor_ga.pso | PSO iter 16/300 | best_global_cost=51.721 | iter_best=73.495
2026-02-23 21:40:50 | INFO | underwater_sensor_ga.pso | PSO iter 17/300 | best_global_cost=51.721 | iter_best=79.710
2026-02-23 21:40:51 | INFO | underwater_sensor_ga.pso | PSO iter 18/300 | best_global_cost=51.721 | iter_best=51.921
2026-02-23 21:40:51 | INFO | underwater_sensor_ga.pso | PSO iter 19/300 | best_global_cost=51.721 | iter_best=70.225
2026-02-23 21:40:51 | INFO | underwater_sensor_ga.pso | PSO iter 20/300 | best_global_cost=51.721 | iter_best=99.304
2026-02-23 21:40:51 | INFO | underwater_sensor_ga.pso | PSO iter 21/300 | best_global_cost=51.721 | iter_best=81.586
2026-02-23 21:40:51 | INFO | underwater_sensor_ga.pso | PSO iter 22/300 | best_global_cost=51.721 | iter_best=59.667
2026-02-23 21:40:51 | INFO | underwater_sensor_ga.pso | PSO iter 23/300 | best_global_cost=51.721 | iter_best=90.249
2026-02-23 21:40:51 | INFO | underwater_sensor_ga.pso | PSO iter 24/300 | best_global_cost=51.701 | iter_best=51.701
2026-02-23 21:40:51 | INFO | underwater_sensor_ga.pso | PSO iter 25/300 | best_global_cost=51.701 | iter_best=83.742
2026-02-23 21:40:51 | INFO | underwater_sensor_ga.pso | PSO iter 26/300 | best_global_cost=51.701 | iter_best=124.596
2026-02-23 21:40:52 | INFO | underwater_sensor_ga.pso | PSO iter 27/300 | best_global_cost=51.701 | iter_best=88.706
2026-02-23 21:40:52 | INFO | underwater_sensor_ga.pso | PSO iter 28/300 | best_global_cost=51.701 | iter_best=88.645
2026-02-23 21:40:52 | INFO | underwater_sensor_ga.pso | PSO iter 29/300 | best_global_cost=51.701 | iter_best=66.391
2026-02-23 21:40:52 | INFO | underwater_sensor_ga.pso | PSO iter 30/300 | best_global_cost=51.701 | iter_best=77.383
2026-02-23 21:40:52 | INFO | underwater_sensor_ga.pso | PSO iter 31/300 | best_global_cost=50.657 | iter_best=50.657
2026-02-23 21:40:52 | INFO | underwater_sensor_ga.pso | PSO iter 32/300 | best_global_cost=50.657 | iter_best=62.629
2026-02-23 21:40:52 | INFO | underwater_sensor_ga.pso | PSO iter 33/300 | best_global_cost=50.657 | iter_best=51.898
2026-02-23 21:40:52 | INFO | underwater_sensor_ga.pso | PSO iter 34/300 | best_global_cost=50.657 | iter_best=65.830
2026-02-23 21:40:52 | INFO | underwater_sensor_ga.pso | PSO iter 35/300 | best_global_cost=50.657 | iter_best=56.404
2026-02-23 21:40:53 | INFO | underwater_sensor_ga.pso | PSO iter 36/300 | best_global_cost=50.657 | iter_best=86.068
2026-02-23 21:40:53 | INFO | underwater_sensor_ga.pso | PSO iter 37/300 | best_global_cost=50.657 | iter_best=78.898
2026-02-23 21:40:53 | INFO | underwater_sensor_ga.pso | PSO iter 38/300 | best_global_cost=50.657 | iter_best=108.507
2026-02-23 21:40:53 | INFO | underwater_sensor_ga.pso | PSO iter 39/300 | best_global_cost=50.657 | iter_best=115.481
2026-02-23 21:40:53 | INFO | underwater_sensor_ga.pso | PSO iter 40/300 | best_global_cost=50.657 | iter_best=78.631
2026-02-23 21:40:53 | INFO | underwater_sensor_ga.pso | PSO iter 41/300 | best_global_cost=50.657 | iter_best=80.668
2026-02-23 21:40:53 | INFO | underwater_sensor_ga.pso | PSO iter 42/300 | best_global_cost=50.657 | iter_best=80.852
2026-02-23 21:40:53 | INFO | underwater_sensor_ga.pso | PSO iter 43/300 | best_global_cost=50.657 | iter_best=63.924
2026-02-23 21:40:53 | INFO | underwater_sensor_ga.pso | PSO iter 44/300 | best_global_cost=50.657 | iter_best=52.212
2026-02-23 21:40:54 | INFO | underwater_sensor_ga.pso | PSO iter 45/300 | best_global_cost=50.657 | iter_best=110.799
2026-02-23 21:40:54 | INFO | underwater_sensor_ga.pso | PSO iter 46/300 | best_global_cost=50.657 | iter_best=111.030
2026-02-23 21:40:54 | INFO | underwater_sensor_ga.pso | PSO iter 47/300 | best_global_cost=50.657 | iter_best=56.574
2026-02-23 21:40:54 | INFO | underwater_sensor_ga.pso | PSO iter 48/300 | best_global_cost=50.657 | iter_best=70.154
2026-02-23 21:40:54 | INFO | underwater_sensor_ga.pso | PSO iter 49/300 | best_global_cost=50.657 | iter_best=70.824
2026-02-23 21:40:54 | INFO | underwater_sensor_ga.pso | PSO iter 50/300 | best_global_cost=50.657 | iter_best=122.943
2026-02-23 21:40:54 | INFO | underwater_sensor_ga.pso | PSO iter 51/300 | best_global_cost=50.657 | iter_best=68.394
2026-02-23 21:40:54 | INFO | underwater_sensor_ga.pso | PSO iter 52/300 | best_global_cost=50.657 | iter_best=57.752
2026-02-23 21:40:55 | INFO | underwater_sensor_ga.pso | PSO iter 53/300 | best_global_cost=50.657 | iter_best=75.185
2026-02-23 21:40:55 | INFO | underwater_sensor_ga.pso | PSO iter 54/300 | best_global_cost=50.657 | iter_best=68.535
2026-02-23 21:40:55 | INFO | underwater_sensor_ga.pso | PSO iter 55/300 | best_global_cost=50.657 | iter_best=78.273
2026-02-23 21:40:55 | INFO | underwater_sensor_ga.pso | PSO iter 56/300 | best_global_cost=50.657 | iter_best=72.530
2026-02-23 21:40:55 | INFO | underwater_sensor_ga.pso | PSO iter 57/300 | best_global_cost=50.657 | iter_best=82.495
2026-02-23 21:40:55 | INFO | underwater_sensor_ga.pso | PSO iter 58/300 | best_global_cost=50.657 | iter_best=67.674
2026-02-23 21:40:55 | INFO | underwater_sensor_ga.pso | PSO iter 59/300 | best_global_cost=50.657 | iter_best=56.943
2026-02-23 21:40:55 | INFO | underwater_sensor_ga.pso | PSO iter 60/300 | best_global_cost=50.657 | iter_best=59.361
2026-02-23 21:40:55 | INFO | underwater_sensor_ga.pso | PSO iter 61/300 | best_global_cost=50.657 | iter_best=141.455
2026-02-23 21:40:56 | INFO | underwater_sensor_ga.pso | PSO iter 62/300 | best_global_cost=50.657 | iter_best=152.185
2026-02-23 21:40:56 | INFO | underwater_sensor_ga.pso | PSO iter 63/300 | best_global_cost=50.657 | iter_best=58.043
2026-02-23 21:40:56 | INFO | underwater_sensor_ga.pso | PSO iter 64/300 | best_global_cost=50.657 | iter_best=95.257
2026-02-23 21:40:56 | INFO | underwater_sensor_ga.pso | PSO iter 65/300 | best_global_cost=50.657 | iter_best=115.554
2026-02-23 21:40:56 | INFO | underwater_sensor_ga.pso | PSO iter 66/300 | best_global_cost=50.657 | iter_best=116.581
2026-02-23 21:40:56 | INFO | underwater_sensor_ga.pso | PSO iter 67/300 | best_global_cost=50.657 | iter_best=77.331
2026-02-23 21:40:56 | INFO | underwater_sensor_ga.pso | PSO iter 68/300 | best_global_cost=50.657 | iter_best=69.530
2026-02-23 21:40:56 | INFO | underwater_sensor_ga.pso | PSO iter 69/300 | best_global_cost=50.657 | iter_best=126.687
2026-02-23 21:40:56 | INFO | underwater_sensor_ga.pso | PSO iter 70/300 | best_global_cost=50.657 | iter_best=67.567
2026-02-23 21:40:57 | INFO | underwater_sensor_ga.pso | PSO iter 71/300 | best_global_cost=50.657 | iter_best=69.153
2026-02-23 21:40:57 | INFO | underwater_sensor_ga.pso | PSO iter 72/300 | best_global_cost=50.657 | iter_best=107.124
2026-02-23 21:40:57 | INFO | underwater_sensor_ga.pso | PSO iter 73/300 | best_global_cost=50.657 | iter_best=73.541
2026-02-23 21:40:57 | INFO | underwater_sensor_ga.pso | PSO iter 74/300 | best_global_cost=50.657 | iter_best=117.457
2026-02-23 21:40:57 | INFO | underwater_sensor_ga.pso | PSO iter 75/300 | best_global_cost=50.657 | iter_best=74.088
2026-02-23 21:40:57 | INFO | underwater_sensor_ga.pso | PSO iter 76/300 | best_global_cost=50.657 | iter_best=72.472
2026-02-23 21:40:57 | INFO | underwater_sensor_ga.pso | PSO iter 77/300 | best_global_cost=50.657 | iter_best=108.842
2026-02-23 21:40:57 | INFO | underwater_sensor_ga.pso | PSO iter 78/300 | best_global_cost=50.657 | iter_best=80.678
2026-02-23 21:40:57 | INFO | underwater_sensor_ga.pso | PSO iter 79/300 | best_global_cost=50.657 | iter_best=85.870
2026-02-23 21:40:58 | INFO | underwater_sensor_ga.pso | PSO iter 80/300 | best_global_cost=50.657 | iter_best=60.004
2026-02-23 21:40:58 | INFO | underwater_sensor_ga.pso | PSO iter 81/300 | best_global_cost=50.657 | iter_best=117.713
2026-02-23 21:40:58 | INFO | underwater_sensor_ga.pso | PSO iter 82/300 | best_global_cost=50.657 | iter_best=58.594
2026-02-23 21:40:58 | INFO | underwater_sensor_ga.pso | PSO iter 83/300 | best_global_cost=50.657 | iter_best=60.318
2026-02-23 21:40:58 | INFO | underwater_sensor_ga.pso | PSO iter 84/300 | best_global_cost=50.657 | iter_best=93.827
2026-02-23 21:40:58 | INFO | underwater_sensor_ga.pso | PSO iter 85/300 | best_global_cost=50.657 | iter_best=102.164
2026-02-23 21:40:58 | INFO | underwater_sensor_ga.pso | PSO iter 86/300 | best_global_cost=50.657 | iter_best=73.658
2026-02-23 21:40:58 | INFO | underwater_sensor_ga.pso | PSO iter 87/300 | best_global_cost=50.657 | iter_best=70.852
2026-02-23 21:40:58 | INFO | underwater_sensor_ga.pso | PSO iter 88/300 | best_global_cost=50.657 | iter_best=80.060
2026-02-23 21:40:59 | INFO | underwater_sensor_ga.pso | PSO iter 89/300 | best_global_cost=50.657 | iter_best=90.386
2026-02-23 21:40:59 | INFO | underwater_sensor_ga.pso | PSO iter 90/300 | best_global_cost=50.657 | iter_best=87.884
2026-02-23 21:40:59 | INFO | underwater_sensor_ga.pso | PSO iter 91/300 | best_global_cost=50.657 | iter_best=66.111
2026-02-23 21:40:59 | INFO | underwater_sensor_ga.pso | PSO iter 92/300 | best_global_cost=50.657 | iter_best=83.247
2026-02-23 21:40:59 | INFO | underwater_sensor_ga.pso | PSO iter 93/300 | best_global_cost=50.657 | iter_best=68.498
2026-02-23 21:40:59 | INFO | underwater_sensor_ga.pso | PSO iter 94/300 | best_global_cost=50.657 | iter_best=111.462
2026-02-23 21:40:59 | INFO | underwater_sensor_ga.pso | PSO iter 95/300 | best_global_cost=50.657 | iter_best=119.149
2026-02-23 21:40:59 | INFO | underwater_sensor_ga.pso | PSO iter 96/300 | best_global_cost=50.657 | iter_best=84.251
2026-02-23 21:40:59 | INFO | underwater_sensor_ga.pso | PSO iter 97/300 | best_global_cost=50.657 | iter_best=102.071
2026-02-23 21:41:00 | INFO | underwater_sensor_ga.pso | PSO iter 98/300 | best_global_cost=50.657 | iter_best=90.989
2026-02-23 21:41:00 | INFO | underwater_sensor_ga.pso | PSO iter 99/300 | best_global_cost=50.657 | iter_best=73.479
2026-02-23 21:41:00 | INFO | underwater_sensor_ga.pso | PSO iter 100/300 | best_global_cost=50.657 | iter_best=64.130
2026-02-23 21:41:00 | INFO | underwater_sensor_ga.pso | PSO iter 101/300 | best_global_cost=50.657 | iter_best=59.053
2026-02-23 21:41:00 | INFO | underwater_sensor_ga.pso | PSO iter 102/300 | best_global_cost=50.657 | iter_best=73.500
2026-02-23 21:41:00 | INFO | underwater_sensor_ga.pso | PSO iter 103/300 | best_global_cost=50.657 | iter_best=118.922
2026-02-23 21:41:00 | INFO | underwater_sensor_ga.pso | PSO iter 104/300 | best_global_cost=50.657 | iter_best=89.847
2026-02-23 21:41:00 | INFO | underwater_sensor_ga.pso | PSO iter 105/300 | best_global_cost=50.657 | iter_best=53.627
2026-02-23 21:41:00 | INFO | underwater_sensor_ga.pso | PSO iter 106/300 | best_global_cost=50.657 | iter_best=52.321
2026-02-23 21:41:01 | INFO | underwater_sensor_ga.pso | PSO iter 107/300 | best_global_cost=50.657 | iter_best=129.534
2026-02-23 21:41:01 | INFO | underwater_sensor_ga.pso | PSO iter 108/300 | best_global_cost=50.657 | iter_best=130.232
2026-02-23 21:41:01 | INFO | underwater_sensor_ga.pso | PSO iter 109/300 | best_global_cost=50.657 | iter_best=116.068
2026-02-23 21:41:01 | INFO | underwater_sensor_ga.pso | PSO iter 110/300 | best_global_cost=50.657 | iter_best=94.994
2026-02-23 21:41:01 | INFO | underwater_sensor_ga.pso | PSO iter 111/300 | best_global_cost=50.657 | iter_best=58.052
2026-02-23 21:41:01 | INFO | underwater_sensor_ga.pso | PSO iter 112/300 | best_global_cost=50.657 | iter_best=94.396
2026-02-23 21:41:01 | INFO | underwater_sensor_ga.pso | PSO iter 113/300 | best_global_cost=50.657 | iter_best=101.458
2026-02-23 21:41:01 | INFO | underwater_sensor_ga.pso | PSO iter 114/300 | best_global_cost=50.657 | iter_best=61.477
2026-02-23 21:41:01 | INFO | underwater_sensor_ga.pso | PSO iter 115/300 | best_global_cost=50.657 | iter_best=123.803
2026-02-23 21:41:02 | INFO | underwater_sensor_ga.pso | PSO iter 116/300 | best_global_cost=50.657 | iter_best=64.059
2026-02-23 21:41:02 | INFO | underwater_sensor_ga.pso | PSO iter 117/300 | best_global_cost=50.657 | iter_best=100.690
2026-02-23 21:41:02 | INFO | underwater_sensor_ga.pso | PSO iter 118/300 | best_global_cost=50.657 | iter_best=71.912
2026-02-23 21:41:02 | INFO | underwater_sensor_ga.pso | PSO iter 119/300 | best_global_cost=50.657 | iter_best=81.628
2026-02-23 21:41:02 | INFO | underwater_sensor_ga.pso | PSO iter 120/300 | best_global_cost=50.657 | iter_best=109.421
2026-02-23 21:41:02 | INFO | underwater_sensor_ga.pso | PSO iter 121/300 | best_global_cost=50.657 | iter_best=112.665
2026-02-23 21:41:02 | INFO | underwater_sensor_ga.pso | PSO iter 122/300 | best_global_cost=50.657 | iter_best=79.859
2026-02-23 21:41:02 | INFO | underwater_sensor_ga.pso | PSO iter 123/300 | best_global_cost=50.657 | iter_best=128.536
2026-02-23 21:41:02 | INFO | underwater_sensor_ga.pso | PSO iter 124/300 | best_global_cost=50.657 | iter_best=103.325
2026-02-23 21:41:03 | INFO | underwater_sensor_ga.pso | PSO iter 125/300 | best_global_cost=50.657 | iter_best=76.705
2026-02-23 21:41:03 | INFO | underwater_sensor_ga.pso | PSO iter 126/300 | best_global_cost=50.657 | iter_best=88.219
2026-02-23 21:41:03 | INFO | underwater_sensor_ga.pso | PSO iter 127/300 | best_global_cost=50.657 | iter_best=60.641
2026-02-23 21:41:03 | INFO | underwater_sensor_ga.pso | PSO iter 128/300 | best_global_cost=50.657 | iter_best=127.392
2026-02-23 21:41:03 | INFO | underwater_sensor_ga.pso | PSO iter 129/300 | best_global_cost=50.657 | iter_best=92.851
2026-02-23 21:41:03 | INFO | underwater_sensor_ga.pso | PSO iter 130/300 | best_global_cost=50.657 | iter_best=84.228
2026-02-23 21:41:03 | INFO | underwater_sensor_ga.pso | PSO iter 131/300 | best_global_cost=50.657 | iter_best=54.936
2026-02-23 21:41:03 | INFO | underwater_sensor_ga.pso | PSO iter 132/300 | best_global_cost=50.657 | iter_best=112.096
2026-02-23 21:41:03 | INFO | underwater_sensor_ga.pso | PSO iter 133/300 | best_global_cost=50.657 | iter_best=104.127
2026-02-23 21:41:04 | INFO | underwater_sensor_ga.pso | PSO iter 134/300 | best_global_cost=50.657 | iter_best=69.665
2026-02-23 21:41:04 | INFO | underwater_sensor_ga.pso | PSO iter 135/300 | best_global_cost=50.657 | iter_best=111.672
2026-02-23 21:41:04 | INFO | underwater_sensor_ga.pso | PSO iter 136/300 | best_global_cost=50.657 | iter_best=89.555
2026-02-23 21:41:04 | INFO | underwater_sensor_ga.pso | PSO iter 137/300 | best_global_cost=50.657 | iter_best=62.999
2026-02-23 21:41:04 | INFO | underwater_sensor_ga.pso | PSO iter 138/300 | best_global_cost=50.657 | iter_best=86.249
2026-02-23 21:41:04 | INFO | underwater_sensor_ga.pso | PSO iter 139/300 | best_global_cost=50.657 | iter_best=122.750
2026-02-23 21:41:04 | INFO | underwater_sensor_ga.pso | PSO iter 140/300 | best_global_cost=50.657 | iter_best=101.466
2026-02-23 21:41:04 | INFO | underwater_sensor_ga.pso | PSO iter 141/300 | best_global_cost=50.657 | iter_best=89.033
2026-02-23 21:41:04 | INFO | underwater_sensor_ga.pso | PSO iter 142/300 | best_global_cost=50.657 | iter_best=57.296
2026-02-23 21:41:05 | INFO | underwater_sensor_ga.pso | PSO iter 143/300 | best_global_cost=50.657 | iter_best=110.196
2026-02-23 21:41:05 | INFO | underwater_sensor_ga.pso | PSO iter 144/300 | best_global_cost=50.657 | iter_best=76.029
2026-02-23 21:41:05 | INFO | underwater_sensor_ga.pso | PSO iter 145/300 | best_global_cost=50.657 | iter_best=119.806
2026-02-23 21:41:05 | INFO | underwater_sensor_ga.pso | PSO iter 146/300 | best_global_cost=50.657 | iter_best=126.850
2026-02-23 21:41:05 | INFO | underwater_sensor_ga.pso | PSO iter 147/300 | best_global_cost=50.657 | iter_best=120.616
2026-02-23 21:41:05 | INFO | underwater_sensor_ga.pso | PSO iter 148/300 | best_global_cost=50.657 | iter_best=109.675
2026-02-23 21:41:05 | INFO | underwater_sensor_ga.pso | PSO iter 149/300 | best_global_cost=50.657 | iter_best=54.353
2026-02-23 21:41:05 | INFO | underwater_sensor_ga.pso | PSO iter 150/300 | best_global_cost=50.657 | iter_best=72.356
2026-02-23 21:41:06 | INFO | underwater_sensor_ga.pso | PSO iter 151/300 | best_global_cost=50.657 | iter_best=90.107
2026-02-23 21:41:06 | INFO | underwater_sensor_ga.pso | PSO iter 152/300 | best_global_cost=50.657 | iter_best=113.100
2026-02-23 21:41:06 | INFO | underwater_sensor_ga.pso | PSO iter 153/300 | best_global_cost=50.657 | iter_best=76.156
2026-02-23 21:41:06 | INFO | underwater_sensor_ga.pso | PSO iter 154/300 | best_global_cost=50.657 | iter_best=73.842
2026-02-23 21:41:06 | INFO | underwater_sensor_ga.pso | PSO iter 155/300 | best_global_cost=50.657 | iter_best=62.479
2026-02-23 21:41:06 | INFO | underwater_sensor_ga.pso | PSO iter 156/300 | best_global_cost=50.657 | iter_best=80.239
2026-02-23 21:41:06 | INFO | underwater_sensor_ga.pso | PSO iter 157/300 | best_global_cost=50.657 | iter_best=90.908
2026-02-23 21:41:06 | INFO | underwater_sensor_ga.pso | PSO iter 158/300 | best_global_cost=50.657 | iter_best=67.668
2026-02-23 21:41:06 | INFO | underwater_sensor_ga.pso | PSO iter 159/300 | best_global_cost=50.657 | iter_best=70.567
2026-02-23 21:41:07 | INFO | underwater_sensor_ga.pso | PSO iter 160/300 | best_global_cost=50.657 | iter_best=96.845
2026-02-23 21:41:07 | INFO | underwater_sensor_ga.pso | PSO iter 161/300 | best_global_cost=50.657 | iter_best=78.267
2026-02-23 21:41:07 | INFO | underwater_sensor_ga.pso | PSO iter 162/300 | best_global_cost=50.657 | iter_best=102.781
2026-02-23 21:41:07 | INFO | underwater_sensor_ga.pso | PSO iter 163/300 | best_global_cost=50.657 | iter_best=77.992
2026-02-23 21:41:07 | INFO | underwater_sensor_ga.pso | PSO iter 164/300 | best_global_cost=50.657 | iter_best=85.657
2026-02-23 21:41:07 | INFO | underwater_sensor_ga.pso | PSO iter 165/300 | best_global_cost=50.657 | iter_best=53.178
2026-02-23 21:41:07 | INFO | underwater_sensor_ga.pso | PSO iter 166/300 | best_global_cost=50.657 | iter_best=54.481
2026-02-23 21:41:07 | INFO | underwater_sensor_ga.pso | PSO iter 167/300 | best_global_cost=50.657 | iter_best=114.424
2026-02-23 21:41:08 | INFO | underwater_sensor_ga.pso | PSO iter 168/300 | best_global_cost=50.657 | iter_best=108.782
2026-02-23 21:41:08 | INFO | underwater_sensor_ga.pso | PSO iter 169/300 | best_global_cost=50.657 | iter_best=87.876
2026-02-23 21:41:08 | INFO | underwater_sensor_ga.pso | PSO iter 170/300 | best_global_cost=50.657 | iter_best=76.942
2026-02-23 21:41:08 | INFO | underwater_sensor_ga.pso | PSO iter 171/300 | best_global_cost=50.657 | iter_best=55.084
2026-02-23 21:41:08 | INFO | underwater_sensor_ga.pso | PSO iter 172/300 | best_global_cost=50.657 | iter_best=126.860
2026-02-23 21:41:08 | INFO | underwater_sensor_ga.pso | PSO iter 173/300 | best_global_cost=50.657 | iter_best=80.282
2026-02-23 21:41:08 | INFO | underwater_sensor_ga.pso | PSO iter 174/300 | best_global_cost=50.657 | iter_best=114.989
2026-02-23 21:41:08 | INFO | underwater_sensor_ga.pso | PSO iter 175/300 | best_global_cost=50.657 | iter_best=89.356
2026-02-23 21:41:08 | INFO | underwater_sensor_ga.pso | PSO iter 176/300 | best_global_cost=50.657 | iter_best=56.672
2026-02-23 21:41:09 | INFO | underwater_sensor_ga.pso | PSO iter 177/300 | best_global_cost=50.657 | iter_best=68.776
2026-02-23 21:41:09 | INFO | underwater_sensor_ga.pso | PSO iter 178/300 | best_global_cost=50.657 | iter_best=60.199
2026-02-23 21:41:09 | INFO | underwater_sensor_ga.pso | PSO iter 179/300 | best_global_cost=50.657 | iter_best=90.596
2026-02-23 21:41:09 | INFO | underwater_sensor_ga.pso | PSO iter 180/300 | best_global_cost=50.657 | iter_best=71.907
2026-02-23 21:41:09 | INFO | underwater_sensor_ga.pso | PSO iter 181/300 | best_global_cost=50.657 | iter_best=84.998
2026-02-23 21:41:09 | INFO | underwater_sensor_ga.pso | PSO iter 182/300 | best_global_cost=50.657 | iter_best=52.655
2026-02-23 21:41:09 | INFO | underwater_sensor_ga.pso | PSO iter 183/300 | best_global_cost=50.657 | iter_best=57.144
2026-02-23 21:41:09 | INFO | underwater_sensor_ga.pso | PSO iter 184/300 | best_global_cost=50.657 | iter_best=62.001
2026-02-23 21:41:09 | INFO | underwater_sensor_ga.pso | PSO iter 185/300 | best_global_cost=50.657 | iter_best=112.559
2026-02-23 21:41:10 | INFO | underwater_sensor_ga.pso | PSO iter 186/300 | best_global_cost=50.657 | iter_best=55.809
2026-02-23 21:41:10 | INFO | underwater_sensor_ga.pso | PSO iter 187/300 | best_global_cost=50.657 | iter_best=103.192
2026-02-23 21:41:10 | INFO | underwater_sensor_ga.pso | PSO iter 188/300 | best_global_cost=50.657 | iter_best=91.548
2026-02-23 21:41:10 | INFO | underwater_sensor_ga.pso | PSO iter 189/300 | best_global_cost=50.657 | iter_best=95.292
2026-02-23 21:41:10 | INFO | underwater_sensor_ga.pso | PSO iter 190/300 | best_global_cost=50.657 | iter_best=73.491
2026-02-23 21:41:10 | INFO | underwater_sensor_ga.pso | PSO iter 191/300 | best_global_cost=50.657 | iter_best=93.422
2026-02-23 21:41:10 | INFO | underwater_sensor_ga.pso | PSO iter 192/300 | best_global_cost=50.657 | iter_best=63.978
2026-02-23 21:41:10 | INFO | underwater_sensor_ga.pso | PSO iter 193/300 | best_global_cost=50.657 | iter_best=118.625
2026-02-23 21:41:10 | INFO | underwater_sensor_ga.pso | PSO iter 194/300 | best_global_cost=50.657 | iter_best=90.023
2026-02-23 21:41:11 | INFO | underwater_sensor_ga.pso | PSO iter 195/300 | best_global_cost=50.657 | iter_best=75.166
2026-02-23 21:41:11 | INFO | underwater_sensor_ga.pso | PSO iter 196/300 | best_global_cost=50.657 | iter_best=52.809
2026-02-23 21:41:11 | INFO | underwater_sensor_ga.pso | PSO iter 197/300 | best_global_cost=50.657 | iter_best=88.574
2026-02-23 21:41:11 | INFO | underwater_sensor_ga.pso | PSO iter 198/300 | best_global_cost=50.657 | iter_best=134.667
2026-02-23 21:41:11 | INFO | underwater_sensor_ga.pso | PSO iter 199/300 | best_global_cost=50.657 | iter_best=64.163
2026-02-23 21:41:11 | INFO | underwater_sensor_ga.pso | PSO iter 200/300 | best_global_cost=50.657 | iter_best=104.449
2026-02-23 21:41:11 | INFO | underwater_sensor_ga.pso | PSO iter 201/300 | best_global_cost=50.657 | iter_best=79.113
2026-02-23 21:41:11 | INFO | underwater_sensor_ga.pso | PSO iter 202/300 | best_global_cost=50.657 | iter_best=66.802
2026-02-23 21:41:11 | INFO | underwater_sensor_ga.pso | PSO iter 203/300 | best_global_cost=50.657 | iter_best=60.522
2026-02-23 21:41:12 | INFO | underwater_sensor_ga.pso | PSO iter 204/300 | best_global_cost=50.657 | iter_best=97.543
2026-02-23 21:41:12 | INFO | underwater_sensor_ga.pso | PSO iter 205/300 | best_global_cost=50.657 | iter_best=79.531
2026-02-23 21:41:12 | INFO | underwater_sensor_ga.pso | PSO iter 206/300 | best_global_cost=50.657 | iter_best=72.092
2026-02-23 21:41:12 | INFO | underwater_sensor_ga.pso | PSO iter 207/300 | best_global_cost=50.657 | iter_best=102.351
2026-02-23 21:41:12 | INFO | underwater_sensor_ga.pso | PSO iter 208/300 | best_global_cost=50.657 | iter_best=85.432
2026-02-23 21:41:12 | INFO | underwater_sensor_ga.pso | PSO iter 209/300 | best_global_cost=50.657 | iter_best=70.173
2026-02-23 21:41:12 | INFO | underwater_sensor_ga.pso | PSO iter 210/300 | best_global_cost=50.657 | iter_best=55.481
2026-02-23 21:41:12 | INFO | underwater_sensor_ga.pso | PSO iter 211/300 | best_global_cost=50.657 | iter_best=72.060
2026-02-23 21:41:12 | INFO | underwater_sensor_ga.pso | PSO iter 212/300 | best_global_cost=50.657 | iter_best=70.008
2026-02-23 21:41:13 | INFO | underwater_sensor_ga.pso | PSO iter 213/300 | best_global_cost=50.657 | iter_best=103.008
2026-02-23 21:41:13 | INFO | underwater_sensor_ga.pso | PSO iter 214/300 | best_global_cost=50.657 | iter_best=76.174
2026-02-23 21:41:13 | INFO | underwater_sensor_ga.pso | PSO iter 215/300 | best_global_cost=50.657 | iter_best=93.783
2026-02-23 21:41:13 | INFO | underwater_sensor_ga.pso | PSO iter 216/300 | best_global_cost=50.657 | iter_best=52.750
2026-02-23 21:41:13 | INFO | underwater_sensor_ga.pso | PSO iter 217/300 | best_global_cost=50.657 | iter_best=80.643
2026-02-23 21:41:13 | INFO | underwater_sensor_ga.pso | PSO iter 218/300 | best_global_cost=50.657 | iter_best=77.258
2026-02-23 21:41:13 | INFO | underwater_sensor_ga.pso | PSO iter 219/300 | best_global_cost=50.657 | iter_best=84.967
2026-02-23 21:41:13 | INFO | underwater_sensor_ga.pso | PSO iter 220/300 | best_global_cost=50.657 | iter_best=66.959
2026-02-23 21:41:13 | INFO | underwater_sensor_ga.pso | PSO iter 221/300 | best_global_cost=50.657 | iter_best=93.463
2026-02-23 21:41:13 | INFO | underwater_sensor_ga.pso | PSO iter 222/300 | best_global_cost=50.657 | iter_best=101.496
2026-02-23 21:41:14 | INFO | underwater_sensor_ga.pso | PSO iter 223/300 | best_global_cost=50.657 | iter_best=106.043
2026-02-23 21:41:14 | INFO | underwater_sensor_ga.pso | PSO iter 224/300 | best_global_cost=50.657 | iter_best=68.670
2026-02-23 21:41:14 | INFO | underwater_sensor_ga.pso | PSO iter 225/300 | best_global_cost=50.657 | iter_best=102.598
2026-02-23 21:41:14 | INFO | underwater_sensor_ga.pso | PSO iter 226/300 | best_global_cost=50.657 | iter_best=91.501
2026-02-23 21:41:14 | INFO | underwater_sensor_ga.pso | PSO iter 227/300 | best_global_cost=50.657 | iter_best=70.257
2026-02-23 21:41:14 | INFO | underwater_sensor_ga.pso | PSO iter 228/300 | best_global_cost=50.657 | iter_best=104.115
2026-02-23 21:41:14 | INFO | underwater_sensor_ga.pso | PSO iter 229/300 | best_global_cost=50.657 | iter_best=73.605
2026-02-23 21:41:14 | INFO | underwater_sensor_ga.pso | PSO iter 230/300 | best_global_cost=50.657 | iter_best=69.563
2026-02-23 21:41:14 | INFO | underwater_sensor_ga.pso | PSO iter 231/300 | best_global_cost=50.657 | iter_best=74.915
2026-02-23 21:41:15 | INFO | underwater_sensor_ga.pso | PSO iter 232/300 | best_global_cost=50.657 | iter_best=96.978
2026-02-23 21:41:15 | INFO | underwater_sensor_ga.pso | PSO iter 233/300 | best_global_cost=50.657 | iter_best=86.632
2026-02-23 21:41:15 | INFO | underwater_sensor_ga.pso | PSO iter 234/300 | best_global_cost=50.657 | iter_best=69.763
2026-02-23 21:41:15 | INFO | underwater_sensor_ga.pso | PSO iter 235/300 | best_global_cost=50.657 | iter_best=83.264
2026-02-23 21:41:15 | INFO | underwater_sensor_ga.pso | PSO iter 236/300 | best_global_cost=50.657 | iter_best=78.522
2026-02-23 21:41:15 | INFO | underwater_sensor_ga.pso | PSO iter 237/300 | best_global_cost=50.657 | iter_best=76.237
2026-02-23 21:41:15 | INFO | underwater_sensor_ga.pso | PSO iter 238/300 | best_global_cost=50.657 | iter_best=64.935
2026-02-23 21:41:15 | INFO | underwater_sensor_ga.pso | PSO iter 239/300 | best_global_cost=50.657 | iter_best=111.863
2026-02-23 21:41:15 | INFO | underwater_sensor_ga.pso | PSO iter 240/300 | best_global_cost=50.657 | iter_best=56.894
2026-02-23 21:41:16 | INFO | underwater_sensor_ga.pso | PSO iter 241/300 | best_global_cost=50.657 | iter_best=64.920
2026-02-23 21:41:16 | INFO | underwater_sensor_ga.pso | PSO iter 242/300 | best_global_cost=50.657 | iter_best=69.610
2026-02-23 21:41:16 | INFO | underwater_sensor_ga.pso | PSO iter 243/300 | best_global_cost=50.657 | iter_best=79.530
2026-02-23 21:41:16 | INFO | underwater_sensor_ga.pso | PSO iter 244/300 | best_global_cost=50.657 | iter_best=112.433
2026-02-23 21:41:16 | INFO | underwater_sensor_ga.pso | PSO iter 245/300 | best_global_cost=50.657 | iter_best=65.260
2026-02-23 21:41:16 | INFO | underwater_sensor_ga.pso | PSO iter 246/300 | best_global_cost=50.657 | iter_best=105.110
2026-02-23 21:41:16 | INFO | underwater_sensor_ga.pso | PSO iter 247/300 | best_global_cost=50.657 | iter_best=65.714
2026-02-23 21:41:16 | INFO | underwater_sensor_ga.pso | PSO iter 248/300 | best_global_cost=50.657 | iter_best=77.231
2026-02-23 21:41:16 | INFO | underwater_sensor_ga.pso | PSO iter 249/300 | best_global_cost=50.657 | iter_best=114.390
2026-02-23 21:41:17 | INFO | underwater_sensor_ga.pso | PSO iter 250/300 | best_global_cost=50.657 | iter_best=65.433
2026-02-23 21:41:17 | INFO | underwater_sensor_ga.pso | PSO iter 251/300 | best_global_cost=50.657 | iter_best=65.615
2026-02-23 21:41:17 | INFO | underwater_sensor_ga.pso | PSO iter 252/300 | best_global_cost=50.657 | iter_best=119.583
2026-02-23 21:41:17 | INFO | underwater_sensor_ga.pso | PSO iter 253/300 | best_global_cost=50.657 | iter_best=62.207
2026-02-23 21:41:17 | INFO | underwater_sensor_ga.pso | PSO iter 254/300 | best_global_cost=50.657 | iter_best=116.933
2026-02-23 21:41:17 | INFO | underwater_sensor_ga.pso | PSO iter 255/300 | best_global_cost=50.657 | iter_best=96.586
2026-02-23 21:41:17 | INFO | underwater_sensor_ga.pso | PSO iter 256/300 | best_global_cost=50.657 | iter_best=56.520
2026-02-23 21:41:17 | INFO | underwater_sensor_ga.pso | PSO iter 257/300 | best_global_cost=50.657 | iter_best=57.595
2026-02-23 21:41:17 | INFO | underwater_sensor_ga.pso | PSO iter 258/300 | best_global_cost=50.657 | iter_best=120.919
2026-02-23 21:41:18 | INFO | underwater_sensor_ga.pso | PSO iter 259/300 | best_global_cost=50.657 | iter_best=54.001
2026-02-23 21:41:18 | INFO | underwater_sensor_ga.pso | PSO iter 260/300 | best_global_cost=50.657 | iter_best=76.077
2026-02-23 21:41:18 | INFO | underwater_sensor_ga.pso | PSO iter 261/300 | best_global_cost=50.657 | iter_best=87.733
2026-02-23 21:41:18 | INFO | underwater_sensor_ga.pso | PSO iter 262/300 | best_global_cost=50.657 | iter_best=70.706
2026-02-23 21:41:18 | INFO | underwater_sensor_ga.pso | PSO iter 263/300 | best_global_cost=50.657 | iter_best=66.701
2026-02-23 21:41:18 | INFO | underwater_sensor_ga.pso | PSO iter 264/300 | best_global_cost=50.657 | iter_best=104.783
2026-02-23 21:41:18 | INFO | underwater_sensor_ga.pso | PSO iter 265/300 | best_global_cost=50.657 | iter_best=111.587
2026-02-23 21:41:18 | INFO | underwater_sensor_ga.pso | PSO iter 266/300 | best_global_cost=50.657 | iter_best=56.354
2026-02-23 21:41:18 | INFO | underwater_sensor_ga.pso | PSO iter 267/300 | best_global_cost=50.657 | iter_best=98.395
2026-02-23 21:41:19 | INFO | underwater_sensor_ga.pso | PSO iter 268/300 | best_global_cost=50.657 | iter_best=84.666
2026-02-23 21:41:19 | INFO | underwater_sensor_ga.pso | PSO iter 269/300 | best_global_cost=50.657 | iter_best=116.705
2026-02-23 21:41:19 | INFO | underwater_sensor_ga.pso | PSO iter 270/300 | best_global_cost=50.657 | iter_best=80.203
2026-02-23 21:41:19 | INFO | underwater_sensor_ga.pso | PSO iter 271/300 | best_global_cost=50.657 | iter_best=61.445
2026-02-23 21:41:19 | INFO | underwater_sensor_ga.pso | PSO iter 272/300 | best_global_cost=50.657 | iter_best=78.222
2026-02-23 21:41:19 | INFO | underwater_sensor_ga.pso | PSO iter 273/300 | best_global_cost=50.657 | iter_best=116.022
2026-02-23 21:41:19 | INFO | underwater_sensor_ga.pso | PSO iter 274/300 | best_global_cost=50.657 | iter_best=112.252
2026-02-23 21:41:19 | INFO | underwater_sensor_ga.pso | PSO iter 275/300 | best_global_cost=50.657 | iter_best=114.910
2026-02-23 21:41:19 | INFO | underwater_sensor_ga.pso | PSO iter 276/300 | best_global_cost=50.657 | iter_best=66.649
2026-02-23 21:41:19 | INFO | underwater_sensor_ga.pso | PSO iter 277/300 | best_global_cost=50.657 | iter_best=74.993
2026-02-23 21:41:20 | INFO | underwater_sensor_ga.pso | PSO iter 278/300 | best_global_cost=50.657 | iter_best=81.023
2026-02-23 21:41:20 | INFO | underwater_sensor_ga.pso | PSO iter 279/300 | best_global_cost=50.657 | iter_best=118.067
2026-02-23 21:41:20 | INFO | underwater_sensor_ga.pso | PSO iter 280/300 | best_global_cost=50.657 | iter_best=121.018
2026-02-23 21:41:20 | INFO | underwater_sensor_ga.pso | PSO iter 281/300 | best_global_cost=50.657 | iter_best=117.405
2026-02-23 21:41:20 | INFO | underwater_sensor_ga.pso | PSO iter 282/300 | best_global_cost=50.657 | iter_best=67.233
2026-02-23 21:41:20 | INFO | underwater_sensor_ga.pso | PSO iter 283/300 | best_global_cost=50.657 | iter_best=99.219
2026-02-23 21:41:20 | INFO | underwater_sensor_ga.pso | PSO iter 284/300 | best_global_cost=50.657 | iter_best=81.823
2026-02-23 21:41:20 | INFO | underwater_sensor_ga.pso | PSO iter 285/300 | best_global_cost=50.657 | iter_best=78.286
2026-02-23 21:41:20 | INFO | underwater_sensor_ga.pso | PSO iter 286/300 | best_global_cost=50.657 | iter_best=98.568
2026-02-23 21:41:21 | INFO | underwater_sensor_ga.pso | PSO iter 287/300 | best_global_cost=50.657 | iter_best=61.136
2026-02-23 21:41:21 | INFO | underwater_sensor_ga.pso | PSO iter 288/300 | best_global_cost=50.657 | iter_best=85.445
2026-02-23 21:41:21 | INFO | underwater_sensor_ga.pso | PSO iter 289/300 | best_global_cost=50.657 | iter_best=127.237
2026-02-23 21:41:21 | INFO | underwater_sensor_ga.pso | PSO iter 290/300 | best_global_cost=50.657 | iter_best=96.383
2026-02-23 21:41:21 | INFO | underwater_sensor_ga.pso | PSO iter 291/300 | best_global_cost=50.657 | iter_best=76.282
2026-02-23 21:41:21 | INFO | underwater_sensor_ga.pso | PSO iter 292/300 | best_global_cost=50.657 | iter_best=108.689
2026-02-23 21:41:21 | INFO | underwater_sensor_ga.pso | PSO iter 293/300 | best_global_cost=50.657 | iter_best=66.083
2026-02-23 21:41:21 | INFO | underwater_sensor_ga.pso | PSO iter 294/300 | best_global_cost=50.657 | iter_best=86.604
2026-02-23 21:41:22 | INFO | underwater_sensor_ga.pso | PSO iter 295/300 | best_global_cost=50.657 | iter_best=83.148
2026-02-23 21:41:22 | INFO | underwater_sensor_ga.pso | PSO iter 296/300 | best_global_cost=50.657 | iter_best=64.841
2026-02-23 21:41:22 | INFO | underwater_sensor_ga.pso | PSO iter 297/300 | best_global_cost=50.657 | iter_best=82.913
2026-02-23 21:41:22 | INFO | underwater_sensor_ga.pso | PSO iter 298/300 | best_global_cost=50.657 | iter_best=91.051
2026-02-23 21:41:22 | INFO | underwater_sensor_ga.pso | PSO iter 299/300 | best_global_cost=50.657 | iter_best=72.172
2026-02-23 21:41:22 | INFO | underwater_sensor_ga.pso | PSO iter 300/300 | best_global_cost=50.657 | iter_best=80.356
2026-02-23 21:41:22 | INFO | underwater_sensor_ga.pso_runner | Final PSO best cost (N=5): 50.657
2026-02-23 21:41:22 | INFO | underwater_sensor_ga.pso_runner | All PSO experiments finished. Outputs under 'outputs'
2026-02-23 21:41:31 | INFO | underwater_sensor_ga.pso_runner | ================================================================================
2026-02-23 21:41:31 | INFO | underwater_sensor_ga.pso_runner | Running PSO for number_of_sensors=3
2026-02-23 21:41:31 | INFO | underwater_sensor_ga.pso | PSO seeds | pso_seed=321 | scenario_seed=123
2026-02-23 21:41:32 | INFO | underwater_sensor_ga.pso | PSO iter 1/1250 | best_global_cost=272.680 | iter_best=272.680
2026-02-23 21:41:32 | INFO | underwater_sensor_ga.pso | PSO iter 2/1250 | best_global_cost=272.680 | iter_best=274.918
2026-02-23 21:41:32 | INFO | underwater_sensor_ga.pso | PSO iter 3/1250 | best_global_cost=272.680 | iter_best=272.680
2026-02-23 21:41:32 | INFO | underwater_sensor_ga.pso | PSO iter 4/1250 | best_global_cost=272.680 | iter_best=275.220
2026-02-23 21:41:32 | INFO | underwater_sensor_ga.pso | PSO iter 5/1250 | best_global_cost=272.680 | iter_best=274.918
2026-02-23 21:41:32 | INFO | underwater_sensor_ga.pso | PSO iter 6/1250 | best_global_cost=272.680 | iter_best=273.595
2026-02-23 21:41:32 | INFO | underwater_sensor_ga.pso | PSO iter 7/1250 | best_global_cost=272.680 | iter_best=272.680
2026-02-23 21:41:32 | INFO | underwater_sensor_ga.pso | PSO iter 8/1250 | best_global_cost=272.680 | iter_best=275.220
2026-02-23 21:41:32 | INFO | underwater_sensor_ga.pso | PSO iter 9/1250 | best_global_cost=272.680 | iter_best=272.680
2026-02-23 21:41:32 | INFO | underwater_sensor_ga.pso | PSO iter 10/1250 | best_global_cost=272.680 | iter_best=275.220
2026-02-23 21:41:32 | INFO | underwater_sensor_ga.pso | PSO iter 11/1250 | best_global_cost=272.680 | iter_best=275.220
2026-02-23 21:41:32 | INFO | underwater_sensor_ga.pso | PSO iter 12/1250 | best_global_cost=272.680 | iter_best=274.918
2026-02-23 21:41:32 | INFO | underwater_sensor_ga.pso | PSO iter 13/1250 | best_global_cost=272.680 | iter_best=273.595
2026-02-23 21:41:32 | INFO | underwater_sensor_ga.pso | PSO iter 14/1250 | best_global_cost=272.680 | iter_best=274.232
2026-02-23 21:41:32 | INFO | underwater_sensor_ga.pso | PSO iter 15/1250 | best_global_cost=272.680 | iter_best=272.680
2026-02-23 21:41:32 | INFO | underwater_sensor_ga.pso | PSO iter 16/1250 | best_global_cost=272.680 | iter_best=272.680
2026-02-23 21:41:32 | INFO | underwater_sensor_ga.pso | PSO iter 17/1250 | best_global_cost=272.680 | iter_best=272.680
2026-02-23 21:41:32 | INFO | underwater_sensor_ga.pso | PSO iter 18/1250 | best_global_cost=272.680 | iter_best=274.898
2026-02-23 21:41:32 | INFO | underwater_sensor_ga.pso | PSO iter 19/1250 | best_global_cost=272.680 | iter_best=275.832
2026-02-23 21:41:32 | INFO | underwater_sensor_ga.pso | PSO iter 20/1250 | best_global_cost=272.680 | iter_best=273.595
2026-02-23 21:41:32 | INFO | underwater_sensor_ga.pso | PSO iter 21/1250 | best_global_cost=272.680 | iter_best=272.680
2026-02-23 21:41:32 | INFO | underwater_sensor_ga.pso | PSO iter 22/1250 | best_global_cost=272.680 | iter_best=274.918
2026-02-23 21:41:32 | INFO | underwater_sensor_ga.pso | PSO iter 23/1250 | best_global_cost=272.680 | iter_best=275.220
2026-02-23 21:41:32 | INFO | underwater_sensor_ga.pso | PSO iter 24/1250 | best_global_cost=272.680 | iter_best=274.918
2026-02-23 21:41:33 | INFO | underwater_sensor_ga.pso | PSO iter 25/1250 | best_global_cost=272.680 | iter_best=274.918
2026-02-23 21:41:33 | INFO | underwater_sensor_ga.pso | PSO iter 26/1250 | best_global_cost=272.680 | iter_best=273.595
2026-02-23 21:41:33 | INFO | underwater_sensor_ga.pso | PSO iter 27/1250 | best_global_cost=272.680 | iter_best=273.595
2026-02-23 21:41:33 | INFO | underwater_sensor_ga.pso | PSO iter 28/1250 | best_global_cost=272.680 | iter_best=274.232
2026-02-23 21:41:33 | INFO | underwater_sensor_ga.pso | PSO iter 29/1250 | best_global_cost=272.680 | iter_best=274.232
2026-02-23 21:41:33 | INFO | underwater_sensor_ga.pso | PSO iter 30/1250 | best_global_cost=272.680 | iter_best=272.680
2026-02-23 21:41:33 | INFO | underwater_sensor_ga.pso | PSO iter 31/1250 | best_global_cost=272.680 | iter_best=274.232
2026-02-23 21:41:33 | INFO | underwater_sensor_ga.pso | PSO iter 32/1250 | best_global_cost=272.680 | iter_best=272.680
2026-02-23 21:41:33 | INFO | underwater_sensor_ga.pso | PSO iter 33/1250 | best_global_cost=272.680 | iter_best=273.595
2026-02-23 21:41:33 | INFO | underwater_sensor_ga.pso | PSO iter 34/1250 | best_global_cost=272.680 | iter_best=273.595
2026-02-23 21:41:33 | INFO | underwater_sensor_ga.pso | PSO iter 35/1250 | best_global_cost=272.680 | iter_best=272.680
2026-02-23 21:41:33 | INFO | underwater_sensor_ga.pso | PSO iter 36/1250 | best_global_cost=272.680 | iter_best=272.680
2026-02-23 21:41:33 | INFO | underwater_sensor_ga.pso | PSO iter 37/1250 | best_global_cost=272.680 | iter_best=273.406
2026-02-23 21:41:33 | INFO | underwater_sensor_ga.pso | PSO iter 38/1250 | best_global_cost=272.680 | iter_best=275.220
2026-02-23 21:41:33 | INFO | underwater_sensor_ga.pso | PSO iter 39/1250 | best_global_cost=272.680 | iter_best=272.680
2026-02-23 21:41:33 | INFO | underwater_sensor_ga.pso | PSO iter 40/1250 | best_global_cost=272.680 | iter_best=272.680
2026-02-23 21:41:33 | INFO | underwater_sensor_ga.pso | PSO iter 41/1250 | best_global_cost=272.680 | iter_best=272.680
2026-02-23 21:41:33 | INFO | underwater_sensor_ga.pso | PSO iter 42/1250 | best_global_cost=272.680 | iter_best=275.220
2026-02-23 21:41:33 | INFO | underwater_sensor_ga.pso | PSO iter 43/1250 | best_global_cost=272.680 | iter_best=275.220
2026-02-23 21:41:33 | INFO | underwater_sensor_ga.pso | PSO iter 44/1250 | best_global_cost=272.680 | iter_best=272.680
2026-02-23 21:41:33 | INFO | underwater_sensor_ga.pso | PSO iter 45/1250 | best_global_cost=272.680 | iter_best=275.220
2026-02-23 21:41:33 | INFO | underwater_sensor_ga.pso | PSO iter 46/1250 | best_global_cost=272.680 | iter_best=272.680
2026-02-23 21:41:33 | INFO | underwater_sensor_ga.pso | PSO iter 47/1250 | best_global_cost=272.680 | iter_best=276.281
2026-02-23 21:41:33 | INFO | underwater_sensor_ga.pso | PSO iter 48/1250 | best_global_cost=272.680 | iter_best=274.232
2026-02-23 21:41:33 | INFO | underwater_sensor_ga.pso | PSO iter 49/1250 | best_global_cost=272.680 | iter_best=273.506
2026-02-23 21:41:33 | INFO | underwater_sensor_ga.pso | PSO iter 50/1250 | best_global_cost=272.680 | iter_best=274.232
2026-02-23 21:41:33 | INFO | underwater_sensor_ga.pso | PSO iter 51/1250 | best_global_cost=272.680 | iter_best=272.680
2026-02-23 21:41:33 | INFO | underwater_sensor_ga.pso | PSO iter 52/1250 | best_global_cost=272.680 | iter_best=275.220
2026-02-23 21:41:33 | INFO | underwater_sensor_ga.pso | PSO iter 53/1250 | best_global_cost=272.680 | iter_best=272.680
2026-02-23 21:41:33 | INFO | underwater_sensor_ga.pso | PSO iter 54/1250 | best_global_cost=272.680 | iter_best=273.595
2026-02-23 21:41:33 | INFO | underwater_sensor_ga.pso | PSO iter 55/1250 | best_global_cost=272.680 | iter_best=277.471
2026-02-23 21:41:33 | INFO | underwater_sensor_ga.pso | PSO iter 56/1250 | best_global_cost=272.680 | iter_best=274.918
2026-02-23 21:41:34 | INFO | underwater_sensor_ga.pso | PSO iter 57/1250 | best_global_cost=272.680 | iter_best=274.232
2026-02-23 21:41:34 | INFO | underwater_sensor_ga.pso | PSO iter 58/1250 | best_global_cost=272.680 | iter_best=275.220
2026-02-23 21:41:34 | INFO | underwater_sensor_ga.pso | PSO iter 59/1250 | best_global_cost=272.680 | iter_best=273.506
2026-02-23 21:41:34 | INFO | underwater_sensor_ga.pso | PSO iter 60/1250 | best_global_cost=272.680 | iter_best=273.595
2026-02-23 21:41:34 | INFO | underwater_sensor_ga.pso | PSO iter 61/1250 | best_global_cost=272.680 | iter_best=274.232
2026-02-23 21:41:34 | INFO | underwater_sensor_ga.pso | PSO iter 62/1250 | best_global_cost=272.680 | iter_best=272.680
2026-02-23 21:41:34 | INFO | underwater_sensor_ga.pso | PSO iter 63/1250 | best_global_cost=272.680 | iter_best=272.680
2026-02-23 21:41:34 | INFO | underwater_sensor_ga.pso | PSO iter 64/1250 | best_global_cost=272.680 | iter_best=272.680
2026-02-23 21:41:34 | INFO | underwater_sensor_ga.pso | PSO iter 65/1250 | best_global_cost=272.680 | iter_best=274.918
2026-02-23 21:41:34 | INFO | underwater_sensor_ga.pso | PSO iter 66/1250 | best_global_cost=272.680 | iter_best=277.471
2026-02-23 21:41:34 | INFO | underwater_sensor_ga.pso | PSO iter 67/1250 | best_global_cost=272.680 | iter_best=275.220
2026-02-23 21:41:34 | INFO | underwater_sensor_ga.pso | PSO iter 68/1250 | best_global_cost=272.680 | iter_best=272.680
2026-02-23 21:41:34 | INFO | underwater_sensor_ga.pso | PSO iter 69/1250 | best_global_cost=272.680 | iter_best=273.595
2026-02-23 21:41:34 | INFO | underwater_sensor_ga.pso | PSO iter 70/1250 | best_global_cost=272.680 | iter_best=275.220
2026-02-23 21:41:34 | INFO | underwater_sensor_ga.pso | PSO iter 71/1250 | best_global_cost=272.680 | iter_best=272.680
2026-02-23 21:41:34 | INFO | underwater_sensor_ga.pso | PSO iter 72/1250 | best_global_cost=272.680 | iter_best=275.220
2026-02-23 21:41:34 | INFO | underwater_sensor_ga.pso | PSO iter 73/1250 | best_global_cost=272.680 | iter_best=272.680
2026-02-23 21:41:34 | INFO | underwater_sensor_ga.pso | PSO iter 74/1250 | best_global_cost=272.680 | iter_best=274.918
2026-02-23 21:41:34 | INFO | underwater_sensor_ga.pso | PSO iter 75/1250 | best_global_cost=272.680 | iter_best=273.595
2026-02-23 21:41:34 | INFO | underwater_sensor_ga.pso | PSO iter 76/1250 | best_global_cost=272.680 | iter_best=272.680
2026-02-23 21:41:34 | INFO | underwater_sensor_ga.pso | PSO iter 77/1250 | best_global_cost=272.680 | iter_best=274.232
2026-02-23 21:41:34 | INFO | underwater_sensor_ga.pso | PSO iter 78/1250 | best_global_cost=272.680 | iter_best=273.506
2026-02-23 21:41:34 | INFO | underwater_sensor_ga.pso | PSO iter 79/1250 | best_global_cost=272.680 | iter_best=272.680
2026-02-23 21:41:34 | INFO | underwater_sensor_ga.pso | PSO iter 80/1250 | best_global_cost=272.680 | iter_best=272.680
2026-02-23 21:41:34 | INFO | underwater_sensor_ga.pso | PSO iter 81/1250 | best_global_cost=272.680 | iter_best=274.918
2026-02-23 21:41:34 | INFO | underwater_sensor_ga.pso | PSO iter 82/1250 | best_global_cost=272.680 | iter_best=272.680
2026-02-23 21:41:34 | INFO | underwater_sensor_ga.pso | PSO iter 83/1250 | best_global_cost=272.680 | iter_best=275.220
2026-02-23 21:41:34 | INFO | underwater_sensor_ga.pso | PSO iter 84/1250 | best_global_cost=272.680 | iter_best=274.918
2026-02-23 21:41:34 | INFO | underwater_sensor_ga.pso | PSO iter 85/1250 | best_global_cost=272.680 | iter_best=274.918
2026-02-23 21:41:34 | INFO | underwater_sensor_ga.pso | PSO iter 86/1250 | best_global_cost=272.680 | iter_best=272.680
2026-02-23 21:41:34 | INFO | underwater_sensor_ga.pso | PSO iter 87/1250 | best_global_cost=272.680 | iter_best=272.680
2026-02-23 21:41:35 | INFO | underwater_sensor_ga.pso | PSO iter 88/1250 | best_global_cost=272.680 | iter_best=273.595
2026-02-23 21:41:35 | INFO | underwater_sensor_ga.pso | PSO iter 89/1250 | best_global_cost=272.680 | iter_best=273.595
2026-02-23 21:41:35 | INFO | underwater_sensor_ga.pso | PSO iter 90/1250 | best_global_cost=272.680 | iter_best=275.220
2026-02-23 21:41:35 | INFO | underwater_sensor_ga.pso | PSO iter 91/1250 | best_global_cost=272.680 | iter_best=274.918
2026-02-23 21:41:35 | INFO | underwater_sensor_ga.pso | PSO iter 92/1250 | best_global_cost=272.680 | iter_best=274.232
2026-02-23 21:41:35 | INFO | underwater_sensor_ga.pso | PSO iter 93/1250 | best_global_cost=272.680 | iter_best=272.680
2026-02-23 21:41:35 | INFO | underwater_sensor_ga.pso | PSO iter 94/1250 | best_global_cost=272.680 | iter_best=275.220
2026-02-23 21:41:35 | INFO | underwater_sensor_ga.pso | PSO iter 95/1250 | best_global_cost=272.680 | iter_best=274.918
2026-02-23 21:41:35 | INFO | underwater_sensor_ga.pso | PSO iter 96/1250 | best_global_cost=272.680 | iter_best=273.595
2026-02-23 21:41:35 | INFO | underwater_sensor_ga.pso | PSO iter 97/1250 | best_global_cost=272.680 | iter_best=272.680
2026-02-23 21:41:35 | INFO | underwater_sensor_ga.pso | PSO iter 98/1250 | best_global_cost=272.680 | iter_best=272.680
2026-02-23 21:41:35 | INFO | underwater_sensor_ga.pso | PSO iter 99/1250 | best_global_cost=272.680 | iter_best=272.680
2026-02-23 21:41:35 | INFO | underwater_sensor_ga.pso | PSO iter 100/1250 | best_global_cost=272.680 | iter_best=275.220
2026-02-23 21:41:35 | INFO | underwater_sensor_ga.pso | PSO iter 101/1250 | best_global_cost=272.680 | iter_best=275.220
2026-02-23 21:41:35 | INFO | underwater_sensor_ga.pso | PSO iter 102/1250 | best_global_cost=272.680 | iter_best=274.232
2026-02-23 21:41:35 | INFO | underwater_sensor_ga.pso | PSO iter 103/1250 | best_global_cost=272.680 | iter_best=273.506
2026-02-23 21:41:35 | INFO | underwater_sensor_ga.pso | PSO iter 104/1250 | best_global_cost=272.680 | iter_best=275.220
2026-02-23 21:41:35 | INFO | underwater_sensor_ga.pso | PSO iter 105/1250 | best_global_cost=272.680 | iter_best=272.680
2026-02-23 21:41:35 | INFO | underwater_sensor_ga.pso | PSO iter 106/1250 | best_global_cost=272.680 | iter_best=273.595
2026-02-23 21:41:35 | INFO | underwater_sensor_ga.pso | PSO iter 107/1250 | best_global_cost=272.680 | iter_best=272.680
2026-02-23 21:41:35 | INFO | underwater_sensor_ga.pso | PSO iter 108/1250 | best_global_cost=272.680 | iter_best=274.918
2026-02-23 21:41:35 | INFO | underwater_sensor_ga.pso | PSO iter 109/1250 | best_global_cost=272.680 | iter_best=272.680
2026-02-23 21:41:35 | INFO | underwater_sensor_ga.pso | PSO iter 110/1250 | best_global_cost=272.680 | iter_best=272.680
2026-02-23 21:41:35 | INFO | underwater_sensor_ga.pso | PSO iter 111/1250 | best_global_cost=272.680 | iter_best=273.595
2026-02-23 21:41:35 | INFO | underwater_sensor_ga.pso | PSO iter 112/1250 | best_global_cost=272.680 | iter_best=272.680
2026-02-23 21:41:35 | INFO | underwater_sensor_ga.pso | PSO iter 113/1250 | best_global_cost=272.680 | iter_best=274.918
2026-02-23 21:41:35 | INFO | underwater_sensor_ga.pso | PSO iter 114/1250 | best_global_cost=272.680 | iter_best=273.406
2026-02-23 21:41:35 | INFO | underwater_sensor_ga.pso | PSO iter 115/1250 | best_global_cost=272.680 | iter_best=273.595
2026-02-23 21:41:35 | INFO | underwater_sensor_ga.pso | PSO iter 116/1250 | best_global_cost=272.680 | iter_best=274.918
2026-02-23 21:41:35 | INFO | underwater_sensor_ga.pso | PSO iter 117/1250 | best_global_cost=272.680 | iter_best=272.680
2026-02-23 21:41:35 | INFO | underwater_sensor_ga.pso | PSO iter 118/1250 | best_global_cost=272.680 | iter_best=273.506
2026-02-23 21:41:35 | INFO | underwater_sensor_ga.pso | PSO iter 119/1250 | best_global_cost=272.680 | iter_best=274.918
2026-02-23 21:41:35 | INFO | underwater_sensor_ga.pso | PSO iter 120/1250 | best_global_cost=272.680 | iter_best=272.680
2026-02-23 21:41:36 | INFO | underwater_sensor_ga.pso | PSO iter 121/1250 | best_global_cost=272.680 | iter_best=272.680
2026-02-23 21:41:36 | INFO | underwater_sensor_ga.pso | PSO iter 122/1250 | best_global_cost=272.680 | iter_best=274.232
2026-02-23 21:41:36 | INFO | underwater_sensor_ga.pso | PSO iter 123/1250 | best_global_cost=272.680 | iter_best=272.680
2026-02-23 21:41:36 | INFO | underwater_sensor_ga.pso | PSO iter 124/1250 | best_global_cost=272.680 | iter_best=274.918
2026-02-23 21:41:36 | INFO | underwater_sensor_ga.pso | PSO iter 125/1250 | best_global_cost=272.680 | iter_best=274.918
2026-02-23 21:41:36 | INFO | underwater_sensor_ga.pso | PSO iter 126/1250 | best_global_cost=272.680 | iter_best=272.680
2026-02-23 21:41:36 | INFO | underwater_sensor_ga.pso | PSO iter 127/1250 | best_global_cost=272.680 | iter_best=272.680
2026-02-23 21:41:36 | INFO | underwater_sensor_ga.pso | PSO iter 128/1250 | best_global_cost=272.680 | iter_best=275.220
2026-02-23 21:41:36 | INFO | underwater_sensor_ga.pso | PSO iter 129/1250 | best_global_cost=272.680 | iter_best=272.680
2026-02-23 21:41:36 | INFO | underwater_sensor_ga.pso | PSO iter 130/1250 | best_global_cost=272.680 | iter_best=272.680
2026-02-23 21:41:36 | INFO | underwater_sensor_ga.pso | PSO iter 131/1250 | best_global_cost=272.680 | iter_best=272.680
2026-02-23 21:41:36 | INFO | underwater_sensor_ga.pso | PSO iter 132/1250 | best_global_cost=272.680 | iter_best=272.680
2026-02-23 21:41:36 | INFO | underwater_sensor_ga.pso | PSO iter 133/1250 | best_global_cost=272.680 | iter_best=275.220
2026-02-23 21:41:36 | INFO | underwater_sensor_ga.pso | PSO iter 134/1250 | best_global_cost=272.680 | iter_best=275.220
2026-02-23 21:41:36 | INFO | underwater_sensor_ga.pso | PSO iter 135/1250 | best_global_cost=272.680 | iter_best=273.506
2026-02-23 21:41:36 | INFO | underwater_sensor_ga.pso | PSO iter 136/1250 | best_global_cost=272.680 | iter_best=273.506
2026-02-23 21:41:36 | INFO | underwater_sensor_ga.pso | PSO iter 137/1250 | best_global_cost=272.680 | iter_best=273.506
2026-02-23 21:41:36 | INFO | underwater_sensor_ga.pso | PSO iter 138/1250 | best_global_cost=272.680 | iter_best=275.220
2026-02-23 21:41:36 | INFO | underwater_sensor_ga.pso | PSO iter 139/1250 | best_global_cost=272.680 | iter_best=274.918
2026-02-23 21:41:36 | INFO | underwater_sensor_ga.pso | PSO iter 140/1250 | best_global_cost=272.680 | iter_best=275.220
2026-02-23 21:41:36 | INFO | underwater_sensor_ga.pso | PSO iter 141/1250 | best_global_cost=272.680 | iter_best=272.680
2026-02-23 21:41:36 | INFO | underwater_sensor_ga.pso | PSO iter 142/1250 | best_global_cost=272.680 | iter_best=275.220
2026-02-23 21:41:36 | INFO | underwater_sensor_ga.pso | PSO iter 143/1250 | best_global_cost=272.680 | iter_best=272.680
2026-02-23 21:41:36 | INFO | underwater_sensor_ga.pso | PSO iter 144/1250 | best_global_cost=272.680 | iter_best=272.680
2026-02-23 21:41:36 | INFO | underwater_sensor_ga.pso | PSO iter 145/1250 | best_global_cost=272.680 | iter_best=273.595
2026-02-23 21:41:36 | INFO | underwater_sensor_ga.pso | PSO iter 146/1250 | best_global_cost=272.680 | iter_best=274.918
2026-02-23 21:41:36 | INFO | underwater_sensor_ga.pso | PSO iter 147/1250 | best_global_cost=272.680 | iter_best=274.918
2026-02-23 21:41:36 | INFO | underwater_sensor_ga.pso | PSO iter 148/1250 | best_global_cost=272.680 | iter_best=272.680
2026-02-23 21:41:36 | INFO | underwater_sensor_ga.pso | PSO iter 149/1250 | best_global_cost=272.680 | iter_best=272.680
2026-02-23 21:41:36 | INFO | underwater_sensor_ga.pso | PSO iter 150/1250 | best_global_cost=272.680 | iter_best=273.595
2026-02-23 21:41:36 | INFO | underwater_sensor_ga.pso | PSO iter 151/1250 | best_global_cost=272.680 | iter_best=272.680
2026-02-23 21:41:36 | INFO | underwater_sensor_ga.pso | PSO iter 152/1250 | best_global_cost=272.680 | iter_best=273.595
2026-02-23 21:41:37 | INFO | underwater_sensor_ga.pso | PSO iter 153/1250 | best_global_cost=272.680 | iter_best=275.220
2026-02-23 21:41:37 | INFO | underwater_sensor_ga.pso | PSO iter 154/1250 | best_global_cost=272.680 | iter_best=274.918
2026-02-23 21:41:37 | INFO | underwater_sensor_ga.pso | PSO iter 155/1250 | best_global_cost=272.680 | iter_best=273.595
2026-02-23 21:41:37 | INFO | underwater_sensor_ga.pso | PSO iter 156/1250 | best_global_cost=272.680 | iter_best=273.506
2026-02-23 21:41:37 | INFO | underwater_sensor_ga.pso | PSO iter 157/1250 | best_global_cost=272.680 | iter_best=274.918
2026-02-23 21:41:37 | INFO | underwater_sensor_ga.pso | PSO iter 158/1250 | best_global_cost=272.680 | iter_best=272.680
2026-02-23 21:41:37 | INFO | underwater_sensor_ga.pso | PSO iter 159/1250 | best_global_cost=272.680 | iter_best=272.680
2026-02-23 21:41:37 | INFO | underwater_sensor_ga.pso | PSO iter 160/1250 | best_global_cost=272.680 | iter_best=272.680
2026-02-23 21:41:37 | INFO | underwater_sensor_ga.pso | PSO iter 161/1250 | best_global_cost=272.680 | iter_best=275.220
2026-02-23 21:41:37 | INFO | underwater_sensor_ga.pso | PSO iter 162/1250 | best_global_cost=272.680 | iter_best=275.220
2026-02-23 21:41:37 | INFO | underwater_sensor_ga.pso | PSO iter 163/1250 | best_global_cost=272.680 | iter_best=272.680
2026-02-23 21:41:37 | INFO | underwater_sensor_ga.pso | PSO iter 164/1250 | best_global_cost=272.680 | iter_best=272.680
2026-02-23 21:41:37 | INFO | underwater_sensor_ga.pso | PSO iter 165/1250 | best_global_cost=272.680 | iter_best=273.506
2026-02-23 21:41:37 | INFO | underwater_sensor_ga.pso | PSO iter 166/1250 | best_global_cost=272.680 | iter_best=272.680
2026-02-23 21:41:37 | INFO | underwater_sensor_ga.pso | PSO iter 167/1250 | best_global_cost=272.680 | iter_best=274.918
2026-02-23 21:41:37 | INFO | underwater_sensor_ga.pso | PSO iter 168/1250 | best_global_cost=272.680 | iter_best=272.680
2026-02-23 21:41:37 | INFO | underwater_sensor_ga.pso | PSO iter 169/1250 | best_global_cost=272.680 | iter_best=272.680
2026-02-23 21:41:37 | INFO | underwater_sensor_ga.pso | PSO iter 170/1250 | best_global_cost=272.680 | iter_best=272.680
2026-02-23 21:41:37 | INFO | underwater_sensor_ga.pso | PSO iter 171/1250 | best_global_cost=272.680 | iter_best=275.220
2026-02-23 21:41:37 | INFO | underwater_sensor_ga.pso | PSO iter 172/1250 | best_global_cost=272.680 | iter_best=277.471
2026-02-23 21:41:37 | INFO | underwater_sensor_ga.pso | PSO iter 173/1250 | best_global_cost=272.680 | iter_best=272.680
2026-02-23 21:41:37 | INFO | underwater_sensor_ga.pso | PSO iter 174/1250 | best_global_cost=272.680 | iter_best=272.680
2026-02-23 21:41:37 | INFO | underwater_sensor_ga.pso | PSO iter 175/1250 | best_global_cost=272.680 | iter_best=275.220
2026-02-23 21:41:37 | INFO | underwater_sensor_ga.pso | PSO iter 176/1250 | best_global_cost=272.680 | iter_best=275.220
2026-02-23 21:41:37 | INFO | underwater_sensor_ga.pso | PSO iter 177/1250 | best_global_cost=272.680 | iter_best=274.918
2026-02-23 21:41:37 | INFO | underwater_sensor_ga.pso | PSO iter 178/1250 | best_global_cost=272.680 | iter_best=272.680
2026-02-23 21:41:37 | INFO | underwater_sensor_ga.pso | PSO iter 179/1250 | best_global_cost=272.680 | iter_best=272.680
2026-02-23 21:41:37 | INFO | underwater_sensor_ga.pso | PSO iter 180/1250 | best_global_cost=272.680 | iter_best=273.595
2026-02-23 21:41:37 | INFO | underwater_sensor_ga.pso | PSO iter 181/1250 | best_global_cost=272.680 | iter_best=274.232
2026-02-23 21:41:37 | INFO | underwater_sensor_ga.pso | PSO iter 182/1250 | best_global_cost=272.680 | iter_best=272.680
2026-02-23 21:41:37 | INFO | underwater_sensor_ga.pso | PSO iter 183/1250 | best_global_cost=272.680 | iter_best=273.595
2026-02-23 21:41:37 | INFO | underwater_sensor_ga.pso | PSO iter 184/1250 | best_global_cost=272.680 | iter_best=275.220
2026-02-23 21:41:38 | INFO | underwater_sensor_ga.pso | PSO iter 185/1250 | best_global_cost=272.680 | iter_best=273.506
2026-02-23 21:41:38 | INFO | underwater_sensor_ga.pso | PSO iter 186/1250 | best_global_cost=272.680 | iter_best=272.680
2026-02-23 21:41:38 | INFO | underwater_sensor_ga.pso | PSO iter 187/1250 | best_global_cost=272.680 | iter_best=274.918
2026-02-23 21:41:38 | INFO | underwater_sensor_ga.pso | PSO iter 188/1250 | best_global_cost=272.680 | iter_best=272.680
2026-02-23 21:41:38 | INFO | underwater_sensor_ga.pso | PSO iter 189/1250 | best_global_cost=272.680 | iter_best=273.506
2026-02-23 21:41:38 | INFO | underwater_sensor_ga.pso | PSO iter 190/1250 | best_global_cost=272.680 | iter_best=273.595
2026-02-23 21:41:38 | INFO | underwater_sensor_ga.pso | PSO iter 191/1250 | best_global_cost=272.680 | iter_best=277.471
2026-02-23 21:41:38 | INFO | underwater_sensor_ga.pso | PSO iter 192/1250 | best_global_cost=272.680 | iter_best=275.220
2026-02-23 21:41:38 | INFO | underwater_sensor_ga.pso | PSO iter 193/1250 | best_global_cost=272.680 | iter_best=273.506
2026-02-23 21:41:38 | INFO | underwater_sensor_ga.pso | PSO iter 194/1250 | best_global_cost=272.680 | iter_best=272.680
2026-02-23 21:41:38 | INFO | underwater_sensor_ga.pso | PSO iter 195/1250 | best_global_cost=272.680 | iter_best=274.918
2026-02-23 21:41:38 | INFO | underwater_sensor_ga.pso | PSO iter 196/1250 | best_global_cost=272.680 | iter_best=272.680
2026-02-23 21:41:38 | INFO | underwater_sensor_ga.pso | PSO iter 197/1250 | best_global_cost=272.680 | iter_best=272.680
2026-02-23 21:41:38 | INFO | underwater_sensor_ga.pso | PSO iter 198/1250 | best_global_cost=272.680 | iter_best=273.506
2026-02-23 21:41:38 | INFO | underwater_sensor_ga.pso | PSO iter 199/1250 | best_global_cost=272.680 | iter_best=272.680
2026-02-23 21:41:38 | INFO | underwater_sensor_ga.pso | PSO iter 200/1250 | best_global_cost=272.680 | iter_best=272.680
2026-02-23 21:41:38 | INFO | underwater_sensor_ga.pso | PSO iter 201/1250 | best_global_cost=272.680 | iter_best=273.506
2026-02-23 21:41:38 | INFO | underwater_sensor_ga.pso | PSO iter 202/1250 | best_global_cost=272.680 | iter_best=274.918
2026-02-23 21:41:38 | INFO | underwater_sensor_ga.pso | PSO iter 203/1250 | best_global_cost=272.680 | iter_best=273.506
2026-02-23 21:41:38 | INFO | underwater_sensor_ga.pso | PSO iter 204/1250 | best_global_cost=272.680 | iter_best=273.595
2026-02-23 21:41:38 | INFO | underwater_sensor_ga.pso | PSO iter 205/1250 | best_global_cost=272.680 | iter_best=272.680
2026-02-23 21:41:38 | INFO | underwater_sensor_ga.pso | PSO iter 206/1250 | best_global_cost=272.680 | iter_best=273.595
2026-02-23 21:41:38 | INFO | underwater_sensor_ga.pso | PSO iter 207/1250 | best_global_cost=272.680 | iter_best=272.680
2026-02-23 21:41:38 | INFO | underwater_sensor_ga.pso | PSO iter 208/1250 | best_global_cost=272.680 | iter_best=274.232
2026-02-23 21:41:38 | INFO | underwater_sensor_ga.pso | PSO iter 209/1250 | best_global_cost=272.680 | iter_best=272.680
2026-02-23 21:41:38 | INFO | underwater_sensor_ga.pso | PSO iter 210/1250 | best_global_cost=272.680 | iter_best=274.918
2026-02-23 21:41:38 | INFO | underwater_sensor_ga.pso | PSO iter 211/1250 | best_global_cost=272.680 | iter_best=272.680
2026-02-23 21:41:38 | INFO | underwater_sensor_ga.pso | PSO iter 212/1250 | best_global_cost=272.680 | iter_best=273.506
2026-02-23 21:41:38 | INFO | underwater_sensor_ga.pso | PSO iter 213/1250 | best_global_cost=272.680 | iter_best=274.918
2026-02-23 21:41:39 | INFO | underwater_sensor_ga.pso | PSO iter 214/1250 | best_global_cost=272.680 | iter_best=272.680
2026-02-23 21:41:39 | INFO | underwater_sensor_ga.pso | PSO iter 215/1250 | best_global_cost=272.680 | iter_best=277.195
2026-02-23 21:41:39 | INFO | underwater_sensor_ga.pso | PSO iter 216/1250 | best_global_cost=272.680 | iter_best=272.680
2026-02-23 21:41:39 | INFO | underwater_sensor_ga.pso | PSO iter 217/1250 | best_global_cost=272.680 | iter_best=272.680
2026-02-23 21:41:39 | INFO | underwater_sensor_ga.pso | PSO iter 218/1250 | best_global_cost=272.680 | iter_best=273.595
2026-02-23 21:41:39 | INFO | underwater_sensor_ga.pso | PSO iter 219/1250 | best_global_cost=272.680 | iter_best=272.680
2026-02-23 21:41:39 | INFO | underwater_sensor_ga.pso | PSO iter 220/1250 | best_global_cost=272.680 | iter_best=274.918
2026-02-23 21:41:39 | INFO | underwater_sensor_ga.pso | PSO iter 221/1250 | best_global_cost=272.680 | iter_best=272.680
2026-02-23 21:41:39 | INFO | underwater_sensor_ga.pso | PSO iter 222/1250 | best_global_cost=272.680 | iter_best=273.506
2026-02-23 21:41:39 | INFO | underwater_sensor_ga.pso | PSO iter 223/1250 | best_global_cost=272.680 | iter_best=274.918
2026-02-23 21:41:39 | INFO | underwater_sensor_ga.pso | PSO iter 224/1250 | best_global_cost=272.680 | iter_best=272.680
2026-02-23 21:41:39 | INFO | underwater_sensor_ga.pso | PSO iter 225/1250 | best_global_cost=272.680 | iter_best=275.220
2026-02-23 21:41:39 | INFO | underwater_sensor_ga.pso | PSO iter 226/1250 | best_global_cost=272.680 | iter_best=272.680
2026-02-23 21:41:39 | INFO | underwater_sensor_ga.pso | PSO iter 227/1250 | best_global_cost=272.680 | iter_best=274.918
2026-02-23 21:41:39 | INFO | underwater_sensor_ga.pso | PSO iter 228/1250 | best_global_cost=272.680 | iter_best=274.232
2026-02-23 21:41:39 | INFO | underwater_sensor_ga.pso | PSO iter 229/1250 | best_global_cost=272.680 | iter_best=273.211
2026-02-23 21:41:39 | INFO | underwater_sensor_ga.pso | PSO iter 230/1250 | best_global_cost=272.680 | iter_best=274.232
2026-02-23 21:41:39 | INFO | underwater_sensor_ga.pso | PSO iter 231/1250 | best_global_cost=272.680 | iter_best=272.680
2026-02-23 21:41:39 | INFO | underwater_sensor_ga.pso | PSO iter 232/1250 | best_global_cost=272.680 | iter_best=273.595
2026-02-23 21:41:39 | INFO | underwater_sensor_ga.pso | PSO iter 233/1250 | best_global_cost=272.680 | iter_best=272.680
2026-02-23 21:41:39 | INFO | underwater_sensor_ga.pso | PSO iter 234/1250 | best_global_cost=272.680 | iter_best=273.595
2026-02-23 21:41:39 | INFO | underwater_sensor_ga.pso | PSO iter 235/1250 | best_global_cost=272.680 | iter_best=275.220
2026-02-23 21:41:39 | INFO | underwater_sensor_ga.pso | PSO iter 236/1250 | best_global_cost=272.680 | iter_best=274.918
2026-02-23 21:41:39 | INFO | underwater_sensor_ga.pso | PSO iter 237/1250 | best_global_cost=272.680 | iter_best=272.680
2026-02-23 21:41:39 | INFO | underwater_sensor_ga.pso | PSO iter 238/1250 | best_global_cost=272.680 | iter_best=274.232
2026-02-23 21:41:39 | INFO | underwater_sensor_ga.pso | PSO iter 239/1250 | best_global_cost=272.680 | iter_best=273.506
2026-02-23 21:41:39 | INFO | underwater_sensor_ga.pso | PSO iter 240/1250 | best_global_cost=272.680 | iter_best=272.680
2026-02-23 21:41:39 | INFO | underwater_sensor_ga.pso | PSO iter 241/1250 | best_global_cost=272.680 | iter_best=273.595
2026-02-23 21:41:39 | INFO | underwater_sensor_ga.pso | PSO iter 242/1250 | best_global_cost=272.680 | iter_best=272.680
2026-02-23 21:41:39 | INFO | underwater_sensor_ga.pso | PSO iter 243/1250 | best_global_cost=272.680 | iter_best=272.680
2026-02-23 21:41:39 | INFO | underwater_sensor_ga.pso | PSO iter 244/1250 | best_global_cost=272.680 | iter_best=274.232
2026-02-23 21:41:39 | INFO | underwater_sensor_ga.pso | PSO iter 245/1250 | best_global_cost=272.680 | iter_best=273.506
2026-02-23 21:41:39 | INFO | underwater_sensor_ga.pso | PSO iter 246/1250 | best_global_cost=272.680 | iter_best=272.680
2026-02-23 21:41:39 | INFO | underwater_sensor_ga.pso | PSO iter 247/1250 | best_global_cost=272.680 | iter_best=272.680
2026-02-23 21:41:40 | INFO | underwater_sensor_ga.pso | PSO iter 248/1250 | best_global_cost=272.680 | iter_best=274.918
2026-02-23 21:41:40 | INFO | underwater_sensor_ga.pso | PSO iter 249/1250 | best_global_cost=272.680 | iter_best=275.220
2026-02-23 21:41:40 | INFO | underwater_sensor_ga.pso | PSO iter 250/1250 | best_global_cost=272.680 | iter_best=275.220
2026-02-23 21:41:40 | INFO | underwater_sensor_ga.pso | PSO iter 251/1250 | best_global_cost=272.680 | iter_best=274.918
2026-02-23 21:41:40 | INFO | underwater_sensor_ga.pso | PSO iter 252/1250 | best_global_cost=272.680 | iter_best=274.918
2026-02-23 21:41:40 | INFO | underwater_sensor_ga.pso | PSO iter 253/1250 | best_global_cost=272.680 | iter_best=272.680
2026-02-23 21:41:40 | INFO | underwater_sensor_ga.pso | PSO iter 254/1250 | best_global_cost=272.680 | iter_best=272.680
2026-02-23 21:41:40 | INFO | underwater_sensor_ga.pso | PSO iter 255/1250 | best_global_cost=272.680 | iter_best=274.918
2026-02-23 21:41:40 | INFO | underwater_sensor_ga.pso | PSO iter 256/1250 | best_global_cost=272.680 | iter_best=277.471
2026-02-23 21:41:40 | INFO | underwater_sensor_ga.pso | PSO iter 257/1250 | best_global_cost=272.680 | iter_best=273.595
2026-02-23 21:41:40 | INFO | underwater_sensor_ga.pso | PSO iter 258/1250 | best_global_cost=272.680 | iter_best=272.680
2026-02-23 21:41:40 | INFO | underwater_sensor_ga.pso | PSO iter 259/1250 | best_global_cost=272.680 | iter_best=272.680
2026-02-23 21:41:40 | INFO | underwater_sensor_ga.pso | PSO iter 260/1250 | best_global_cost=272.680 | iter_best=272.680
2026-02-23 21:41:40 | INFO | underwater_sensor_ga.pso | PSO iter 261/1250 | best_global_cost=272.680 | iter_best=275.220
2026-02-23 21:41:40 | INFO | underwater_sensor_ga.pso | PSO iter 262/1250 | best_global_cost=272.680 | iter_best=274.918
2026-02-23 21:41:40 | INFO | underwater_sensor_ga.pso | PSO iter 263/1250 | best_global_cost=272.680 | iter_best=274.918
2026-02-23 21:41:40 | INFO | underwater_sensor_ga.pso | PSO iter 264/1250 | best_global_cost=272.680 | iter_best=272.680
2026-02-23 21:41:40 | INFO | underwater_sensor_ga.pso | PSO iter 265/1250 | best_global_cost=272.680 | iter_best=274.232
2026-02-23 21:41:40 | INFO | underwater_sensor_ga.pso | PSO iter 266/1250 | best_global_cost=272.680 | iter_best=274.918
2026-02-23 21:41:40 | INFO | underwater_sensor_ga.pso | PSO iter 267/1250 | best_global_cost=272.680 | iter_best=272.680
2026-02-23 21:41:40 | INFO | underwater_sensor_ga.pso | PSO iter 268/1250 | best_global_cost=272.680 | iter_best=272.680
2026-02-23 21:41:40 | INFO | underwater_sensor_ga.pso | PSO iter 269/1250 | best_global_cost=272.680 | iter_best=272.680
2026-02-23 21:41:40 | INFO | underwater_sensor_ga.pso | PSO iter 270/1250 | best_global_cost=272.680 | iter_best=272.680
2026-02-23 21:41:40 | INFO | underwater_sensor_ga.pso | PSO iter 271/1250 | best_global_cost=272.680 | iter_best=272.680
2026-02-23 21:41:40 | INFO | underwater_sensor_ga.pso | PSO iter 272/1250 | best_global_cost=272.680 | iter_best=275.220
2026-02-23 21:41:40 | INFO | underwater_sensor_ga.pso | PSO iter 273/1250 | best_global_cost=272.680 | iter_best=274.918
2026-02-23 21:41:40 | INFO | underwater_sensor_ga.pso | PSO iter 274/1250 | best_global_cost=272.680 | iter_best=272.680
2026-02-23 21:41:40 | INFO | underwater_sensor_ga.pso | PSO iter 275/1250 | best_global_cost=272.680 | iter_best=274.918
2026-02-23 21:41:40 | INFO | underwater_sensor_ga.pso | PSO iter 276/1250 | best_global_cost=272.680 | iter_best=272.680
2026-02-23 21:41:40 | INFO | underwater_sensor_ga.pso | PSO iter 277/1250 | best_global_cost=272.680 | iter_best=273.595
2026-02-23 21:41:40 | INFO | underwater_sensor_ga.pso | PSO iter 278/1250 | best_global_cost=272.680 | iter_best=274.232
2026-02-23 21:41:40 | INFO | underwater_sensor_ga.pso | PSO iter 279/1250 | best_global_cost=272.680 | iter_best=273.595
2026-02-23 21:41:40 | INFO | underwater_sensor_ga.pso | PSO iter 280/1250 | best_global_cost=272.680 | iter_best=272.680
2026-02-23 21:41:41 | INFO | underwater_sensor_ga.pso | PSO iter 281/1250 | best_global_cost=272.680 | iter_best=274.918
2026-02-23 21:41:41 | INFO | underwater_sensor_ga.pso | PSO iter 282/1250 | best_global_cost=272.680 | iter_best=272.680
2026-02-23 21:41:41 | INFO | underwater_sensor_ga.pso | PSO iter 283/1250 | best_global_cost=272.680 | iter_best=273.595
2026-02-23 21:41:41 | INFO | underwater_sensor_ga.pso | PSO iter 284/1250 | best_global_cost=272.680 | iter_best=272.680
2026-02-23 21:41:41 | INFO | underwater_sensor_ga.pso | PSO iter 285/1250 | best_global_cost=272.680 | iter_best=272.680
2026-02-23 21:41:41 | INFO | underwater_sensor_ga.pso | PSO iter 286/1250 | best_global_cost=272.680 | iter_best=272.680
2026-02-23 21:41:41 | INFO | underwater_sensor_ga.pso | PSO iter 287/1250 | best_global_cost=272.680 | iter_best=275.220
2026-02-23 21:41:41 | INFO | underwater_sensor_ga.pso | PSO iter 288/1250 | best_global_cost=272.680 | iter_best=272.680
2026-02-23 21:41:41 | INFO | underwater_sensor_ga.pso | PSO iter 289/1250 | best_global_cost=272.680 | iter_best=272.680
2026-02-23 21:41:41 | INFO | underwater_sensor_ga.pso | PSO iter 290/1250 | best_global_cost=272.680 | iter_best=273.506
2026-02-23 21:41:41 | INFO | underwater_sensor_ga.pso | PSO iter 291/1250 | best_global_cost=272.680 | iter_best=273.595
2026-02-23 21:41:41 | INFO | underwater_sensor_ga.pso | PSO iter 292/1250 | best_global_cost=272.680 | iter_best=272.680
2026-02-23 21:41:41 | INFO | underwater_sensor_ga.pso | PSO iter 293/1250 | best_global_cost=272.680 | iter_best=272.680
2026-02-23 21:41:41 | INFO | underwater_sensor_ga.pso | PSO iter 294/1250 | best_global_cost=272.680 | iter_best=273.506
2026-02-23 21:41:41 | INFO | underwater_sensor_ga.pso | PSO iter 295/1250 | best_global_cost=272.680 | iter_best=272.680
2026-02-23 21:41:41 | INFO | underwater_sensor_ga.pso | PSO iter 296/1250 | best_global_cost=272.680 | iter_best=275.220
2026-02-23 21:41:41 | INFO | underwater_sensor_ga.pso | PSO iter 297/1250 | best_global_cost=272.680 | iter_best=275.220
2026-02-23 21:41:41 | INFO | underwater_sensor_ga.pso | PSO iter 298/1250 | best_global_cost=272.680 | iter_best=272.680
2026-02-23 21:41:41 | INFO | underwater_sensor_ga.pso | PSO iter 299/1250 | best_global_cost=272.680 | iter_best=273.595
2026-02-23 21:41:41 | INFO | underwater_sensor_ga.pso | PSO iter 300/1250 | best_global_cost=272.680 | iter_best=274.918
2026-02-23 21:41:41 | INFO | underwater_sensor_ga.pso | PSO iter 301/1250 | best_global_cost=272.680 | iter_best=273.595
2026-02-23 21:41:41 | INFO | underwater_sensor_ga.pso | PSO iter 302/1250 | best_global_cost=272.680 | iter_best=272.680
2026-02-23 21:41:41 | INFO | underwater_sensor_ga.pso | PSO iter 303/1250 | best_global_cost=272.680 | iter_best=275.220
2026-02-23 21:41:41 | INFO | underwater_sensor_ga.pso | PSO iter 304/1250 | best_global_cost=272.680 | iter_best=275.220
2026-02-23 21:41:41 | INFO | underwater_sensor_ga.pso | PSO iter 305/1250 | best_global_cost=272.680 | iter_best=274.232
2026-02-23 21:41:41 | INFO | underwater_sensor_ga.pso | PSO iter 306/1250 | best_global_cost=272.680 | iter_best=274.918
2026-02-23 21:41:41 | INFO | underwater_sensor_ga.pso | PSO iter 307/1250 | best_global_cost=272.680 | iter_best=274.918
2026-02-23 21:41:41 | INFO | underwater_sensor_ga.pso | PSO iter 308/1250 | best_global_cost=272.680 | iter_best=272.680
2026-02-23 21:41:41 | INFO | underwater_sensor_ga.pso | PSO iter 309/1250 | best_global_cost=272.680 | iter_best=272.680
2026-02-23 21:41:41 | INFO | underwater_sensor_ga.pso | PSO iter 310/1250 | best_global_cost=272.680 | iter_best=274.918
2026-02-23 21:41:41 | INFO | underwater_sensor_ga.pso | PSO iter 311/1250 | best_global_cost=272.680 | iter_best=273.595
2026-02-23 21:41:41 | INFO | underwater_sensor_ga.pso | PSO iter 312/1250 | best_global_cost=272.680 | iter_best=275.220
2026-02-23 21:41:41 | INFO | underwater_sensor_ga.pso | PSO iter 313/1250 | best_global_cost=272.680 | iter_best=272.680
2026-02-23 21:41:42 | INFO | underwater_sensor_ga.pso | PSO iter 314/1250 | best_global_cost=272.680 | iter_best=272.680
2026-02-23 21:41:42 | INFO | underwater_sensor_ga.pso | PSO iter 315/1250 | best_global_cost=272.680 | iter_best=275.220
2026-02-23 21:41:42 | INFO | underwater_sensor_ga.pso | PSO iter 316/1250 | best_global_cost=272.680 | iter_best=273.406
2026-02-23 21:41:42 | INFO | underwater_sensor_ga.pso | PSO iter 317/1250 | best_global_cost=272.680 | iter_best=273.595
2026-02-23 21:41:42 | INFO | underwater_sensor_ga.pso | PSO iter 318/1250 | best_global_cost=272.680 | iter_best=272.680
2026-02-23 21:41:42 | INFO | underwater_sensor_ga.pso | PSO iter 319/1250 | best_global_cost=272.680 | iter_best=272.680
2026-02-23 21:41:42 | INFO | underwater_sensor_ga.pso | PSO iter 320/1250 | best_global_cost=272.680 | iter_best=272.680
2026-02-23 21:41:42 | INFO | underwater_sensor_ga.pso | PSO iter 321/1250 | best_global_cost=272.680 | iter_best=272.680
2026-02-23 21:41:42 | INFO | underwater_sensor_ga.pso | PSO iter 322/1250 | best_global_cost=272.680 | iter_best=272.680
2026-02-23 21:41:42 | INFO | underwater_sensor_ga.pso | PSO iter 323/1250 | best_global_cost=272.680 | iter_best=272.680
2026-02-23 21:41:42 | INFO | underwater_sensor_ga.pso | PSO iter 324/1250 | best_global_cost=272.680 | iter_best=272.680
2026-02-23 21:41:42 | INFO | underwater_sensor_ga.pso | PSO iter 325/1250 | best_global_cost=272.680 | iter_best=275.220
2026-02-23 21:41:42 | INFO | underwater_sensor_ga.pso | PSO iter 326/1250 | best_global_cost=272.680 | iter_best=274.232
2026-02-23 21:41:42 | INFO | underwater_sensor_ga.pso | PSO iter 327/1250 | best_global_cost=272.680 | iter_best=273.595
2026-02-23 21:41:42 | INFO | underwater_sensor_ga.pso | PSO iter 328/1250 | best_global_cost=272.680 | iter_best=273.506
2026-02-23 21:41:42 | INFO | underwater_sensor_ga.pso | PSO iter 329/1250 | best_global_cost=272.680 | iter_best=273.595
2026-02-23 21:41:42 | INFO | underwater_sensor_ga.pso | PSO iter 330/1250 | best_global_cost=272.680 | iter_best=274.232
2026-02-23 21:41:42 | INFO | underwater_sensor_ga.pso | PSO iter 331/1250 | best_global_cost=272.680 | iter_best=272.680
2026-02-23 21:41:42 | INFO | underwater_sensor_ga.pso | PSO iter 332/1250 | best_global_cost=272.680 | iter_best=272.680
2026-02-23 21:41:42 | INFO | underwater_sensor_ga.pso | PSO iter 333/1250 | best_global_cost=272.680 | iter_best=273.595
2026-02-23 21:41:42 | INFO | underwater_sensor_ga.pso | PSO iter 334/1250 | best_global_cost=272.680 | iter_best=275.220
2026-02-23 21:41:42 | INFO | underwater_sensor_ga.pso | PSO iter 335/1250 | best_global_cost=272.680 | iter_best=274.918
2026-02-23 21:41:42 | INFO | underwater_sensor_ga.pso | PSO iter 336/1250 | best_global_cost=272.680 | iter_best=272.680
2026-02-23 21:41:42 | INFO | underwater_sensor_ga.pso | PSO iter 337/1250 | best_global_cost=272.680 | iter_best=273.595
2026-02-23 21:41:42 | INFO | underwater_sensor_ga.pso | PSO iter 338/1250 | best_global_cost=272.680 | iter_best=276.281
2026-02-23 21:41:42 | INFO | underwater_sensor_ga.pso | PSO iter 339/1250 | best_global_cost=272.680 | iter_best=277.471
2026-02-23 21:41:42 | INFO | underwater_sensor_ga.pso | PSO iter 340/1250 | best_global_cost=272.680 | iter_best=274.918
2026-02-23 21:41:42 | INFO | underwater_sensor_ga.pso | PSO iter 341/1250 | best_global_cost=272.680 | iter_best=274.918
2026-02-23 21:41:42 | INFO | underwater_sensor_ga.pso | PSO iter 342/1250 | best_global_cost=272.680 | iter_best=273.595
2026-02-23 21:41:42 | INFO | underwater_sensor_ga.pso | PSO iter 343/1250 | best_global_cost=272.680 | iter_best=273.595
2026-02-23 21:41:42 | INFO | underwater_sensor_ga.pso | PSO iter 344/1250 | best_global_cost=272.680 | iter_best=272.680
2026-02-23 21:41:42 | INFO | underwater_sensor_ga.pso | PSO iter 345/1250 | best_global_cost=272.680 | iter_best=272.680
2026-02-23 21:41:42 | INFO | underwater_sensor_ga.pso | PSO iter 346/1250 | best_global_cost=272.680 | iter_best=273.506
2026-02-23 21:41:43 | INFO | underwater_sensor_ga.pso | PSO iter 347/1250 | best_global_cost=272.680 | iter_best=272.680
2026-02-23 21:41:43 | INFO | underwater_sensor_ga.pso | PSO iter 348/1250 | best_global_cost=272.680 | iter_best=272.680
2026-02-23 21:41:43 | INFO | underwater_sensor_ga.pso | PSO iter 349/1250 | best_global_cost=272.680 | iter_best=275.220
2026-02-23 21:41:43 | INFO | underwater_sensor_ga.pso | PSO iter 350/1250 | best_global_cost=272.680 | iter_best=275.220
2026-02-23 21:41:43 | INFO | underwater_sensor_ga.pso | PSO iter 351/1250 | best_global_cost=272.680 | iter_best=273.595
2026-02-23 21:41:43 | INFO | underwater_sensor_ga.pso | PSO iter 352/1250 | best_global_cost=272.680 | iter_best=275.220
2026-02-23 21:41:43 | INFO | underwater_sensor_ga.pso | PSO iter 353/1250 | best_global_cost=272.680 | iter_best=273.595
2026-02-23 21:41:43 | INFO | underwater_sensor_ga.pso | PSO iter 354/1250 | best_global_cost=272.680 | iter_best=275.220
2026-02-23 21:41:43 | INFO | underwater_sensor_ga.pso | PSO iter 355/1250 | best_global_cost=272.680 | iter_best=272.680
2026-02-23 21:41:43 | INFO | underwater_sensor_ga.pso | PSO iter 356/1250 | best_global_cost=272.680 | iter_best=272.680
2026-02-23 21:41:43 | INFO | underwater_sensor_ga.pso | PSO iter 357/1250 | best_global_cost=272.680 | iter_best=272.680
2026-02-23 21:41:43 | INFO | underwater_sensor_ga.pso | PSO iter 358/1250 | best_global_cost=272.680 | iter_best=274.918
2026-02-23 21:41:43 | INFO | underwater_sensor_ga.pso | PSO iter 359/1250 | best_global_cost=272.680 | iter_best=274.232
2026-02-23 21:41:43 | INFO | underwater_sensor_ga.pso | PSO iter 360/1250 | best_global_cost=272.680 | iter_best=273.595
2026-02-23 21:41:43 | INFO | underwater_sensor_ga.pso | PSO iter 361/1250 | best_global_cost=272.680 | iter_best=272.680
2026-02-23 21:41:43 | INFO | underwater_sensor_ga.pso | PSO iter 362/1250 | best_global_cost=272.680 | iter_best=272.680
2026-02-23 21:41:43 | INFO | underwater_sensor_ga.pso | PSO iter 363/1250 | best_global_cost=272.680 | iter_best=273.506
2026-02-23 21:41:43 | INFO | underwater_sensor_ga.pso | PSO iter 364/1250 | best_global_cost=272.680 | iter_best=272.680
2026-02-23 21:41:43 | INFO | underwater_sensor_ga.pso | PSO iter 365/1250 | best_global_cost=272.680 | iter_best=273.595
2026-02-23 21:41:43 | INFO | underwater_sensor_ga.pso | PSO iter 366/1250 | best_global_cost=272.680 | iter_best=273.595
2026-02-23 21:41:43 | INFO | underwater_sensor_ga.pso | PSO iter 367/1250 | best_global_cost=272.680 | iter_best=272.680
2026-02-23 21:41:43 | INFO | underwater_sensor_ga.pso | PSO iter 368/1250 | best_global_cost=272.680 | iter_best=274.918
2026-02-23 21:41:43 | INFO | underwater_sensor_ga.pso | PSO iter 369/1250 | best_global_cost=272.680 | iter_best=272.680
2026-02-23 21:41:43 | INFO | underwater_sensor_ga.pso | PSO iter 370/1250 | best_global_cost=272.680 | iter_best=273.595
2026-02-23 21:41:43 | INFO | underwater_sensor_ga.pso | PSO iter 371/1250 | best_global_cost=272.680 | iter_best=272.680
2026-02-23 21:41:43 | INFO | underwater_sensor_ga.pso | PSO iter 372/1250 | best_global_cost=272.680 | iter_best=274.918
2026-02-23 21:41:43 | INFO | underwater_sensor_ga.pso | PSO iter 373/1250 | best_global_cost=272.680 | iter_best=275.220
2026-02-23 21:41:43 | INFO | underwater_sensor_ga.pso | PSO iter 374/1250 | best_global_cost=272.680 | iter_best=272.680
2026-02-23 21:41:43 | INFO | underwater_sensor_ga.pso | PSO iter 375/1250 | best_global_cost=272.680 | iter_best=274.918
2026-02-23 21:41:43 | INFO | underwater_sensor_ga.pso | PSO iter 376/1250 | best_global_cost=272.680 | iter_best=272.680
2026-02-23 21:41:43 | INFO | underwater_sensor_ga.pso | PSO iter 377/1250 | best_global_cost=272.680 | iter_best=273.506
2026-02-23 21:41:43 | INFO | underwater_sensor_ga.pso | PSO iter 378/1250 | best_global_cost=272.680 | iter_best=274.918
2026-02-23 21:41:43 | INFO | underwater_sensor_ga.pso | PSO iter 379/1250 | best_global_cost=272.680 | iter_best=275.220
2026-02-23 21:41:44 | INFO | underwater_sensor_ga.pso | PSO iter 380/1250 | best_global_cost=272.680 | iter_best=274.918
2026-02-23 21:41:44 | INFO | underwater_sensor_ga.pso | PSO iter 381/1250 | best_global_cost=272.680 | iter_best=275.220
2026-02-23 21:41:44 | INFO | underwater_sensor_ga.pso | PSO iter 382/1250 | best_global_cost=272.680 | iter_best=273.506
2026-02-23 21:41:44 | INFO | underwater_sensor_ga.pso | PSO iter 383/1250 | best_global_cost=272.680 | iter_best=273.506
2026-02-23 21:41:44 | INFO | underwater_sensor_ga.pso | PSO iter 384/1250 | best_global_cost=272.680 | iter_best=274.918
2026-02-23 21:41:44 | INFO | underwater_sensor_ga.pso | PSO iter 385/1250 | best_global_cost=272.680 | iter_best=272.680
2026-02-23 21:41:44 | INFO | underwater_sensor_ga.pso | PSO iter 386/1250 | best_global_cost=272.680 | iter_best=273.595
2026-02-23 21:41:44 | INFO | underwater_sensor_ga.pso | PSO iter 387/1250 | best_global_cost=272.680 | iter_best=274.918
2026-02-23 21:41:44 | INFO | underwater_sensor_ga.pso | PSO iter 388/1250 | best_global_cost=272.680 | iter_best=273.595
2026-02-23 21:41:44 | INFO | underwater_sensor_ga.pso | PSO iter 389/1250 | best_global_cost=272.680 | iter_best=274.232
2026-02-23 21:41:44 | INFO | underwater_sensor_ga.pso | PSO iter 390/1250 | best_global_cost=272.680 | iter_best=275.220
2026-02-23 21:41:44 | INFO | underwater_sensor_ga.pso | PSO iter 391/1250 | best_global_cost=272.680 | iter_best=272.680
2026-02-23 21:41:44 | INFO | underwater_sensor_ga.pso | PSO iter 392/1250 | best_global_cost=272.680 | iter_best=273.595
2026-02-23 21:41:44 | INFO | underwater_sensor_ga.pso | PSO iter 393/1250 | best_global_cost=272.680 | iter_best=272.680
2026-02-23 21:41:44 | INFO | underwater_sensor_ga.pso | PSO iter 394/1250 | best_global_cost=272.680 | iter_best=273.595
2026-02-23 21:41:44 | INFO | underwater_sensor_ga.pso | PSO iter 395/1250 | best_global_cost=272.680 | iter_best=274.918
2026-02-23 21:41:44 | INFO | underwater_sensor_ga.pso | PSO iter 396/1250 | best_global_cost=272.680 | iter_best=275.220
2026-02-23 21:41:44 | INFO | underwater_sensor_ga.pso | PSO iter 397/1250 | best_global_cost=272.680 | iter_best=275.220
2026-02-23 21:41:44 | INFO | underwater_sensor_ga.pso | PSO iter 398/1250 | best_global_cost=272.680 | iter_best=272.680
2026-02-23 21:41:44 | INFO | underwater_sensor_ga.pso | PSO iter 399/1250 | best_global_cost=272.680 | iter_best=275.220
2026-02-23 21:41:44 | INFO | underwater_sensor_ga.pso | PSO iter 400/1250 | best_global_cost=272.680 | iter_best=272.680
2026-02-23 21:41:44 | INFO | underwater_sensor_ga.pso | PSO iter 401/1250 | best_global_cost=272.680 | iter_best=274.918
2026-02-23 21:41:44 | INFO | underwater_sensor_ga.pso | PSO iter 402/1250 | best_global_cost=272.680 | iter_best=272.680
2026-02-23 21:41:44 | INFO | underwater_sensor_ga.pso | PSO iter 403/1250 | best_global_cost=272.680 | iter_best=272.680
2026-02-23 21:41:44 | INFO | underwater_sensor_ga.pso | PSO iter 404/1250 | best_global_cost=272.680 | iter_best=272.680
2026-02-23 21:41:44 | INFO | underwater_sensor_ga.pso | PSO iter 405/1250 | best_global_cost=272.680 | iter_best=272.680
2026-02-23 21:41:44 | INFO | underwater_sensor_ga.pso | PSO iter 406/1250 | best_global_cost=272.680 | iter_best=272.680
2026-02-23 21:41:44 | INFO | underwater_sensor_ga.pso | PSO iter 407/1250 | best_global_cost=272.680 | iter_best=275.220
2026-02-23 21:41:44 | INFO | underwater_sensor_ga.pso | PSO iter 408/1250 | best_global_cost=272.680 | iter_best=273.506
2026-02-23 21:41:44 | INFO | underwater_sensor_ga.pso | PSO iter 409/1250 | best_global_cost=272.680 | iter_best=275.220
2026-02-23 21:41:44 | INFO | underwater_sensor_ga.pso | PSO iter 410/1250 | best_global_cost=272.680 | iter_best=272.680
2026-02-23 21:41:44 | INFO | underwater_sensor_ga.pso | PSO iter 411/1250 | best_global_cost=272.680 | iter_best=273.595
2026-02-23 21:41:44 | INFO | underwater_sensor_ga.pso | PSO iter 412/1250 | best_global_cost=272.680 | iter_best=275.220
2026-02-23 21:41:45 | INFO | underwater_sensor_ga.pso | PSO iter 413/1250 | best_global_cost=272.680 | iter_best=275.220
2026-02-23 21:41:45 | INFO | underwater_sensor_ga.pso | PSO iter 414/1250 | best_global_cost=272.680 | iter_best=272.680
2026-02-23 21:41:45 | INFO | underwater_sensor_ga.pso | PSO iter 415/1250 | best_global_cost=272.680 | iter_best=273.506
2026-02-23 21:41:45 | INFO | underwater_sensor_ga.pso | PSO iter 416/1250 | best_global_cost=272.680 | iter_best=273.506
2026-02-23 21:41:45 | INFO | underwater_sensor_ga.pso | PSO iter 417/1250 | best_global_cost=272.680 | iter_best=274.918
2026-02-23 21:41:45 | INFO | underwater_sensor_ga.pso | PSO iter 418/1250 | best_global_cost=272.680 | iter_best=272.680
2026-02-23 21:41:45 | INFO | underwater_sensor_ga.pso | PSO iter 419/1250 | best_global_cost=272.680 | iter_best=273.595
2026-02-23 21:41:45 | INFO | underwater_sensor_ga.pso | PSO iter 420/1250 | best_global_cost=272.680 | iter_best=272.680
2026-02-23 21:41:45 | INFO | underwater_sensor_ga.pso | PSO iter 421/1250 | best_global_cost=272.680 | iter_best=273.506
2026-02-23 21:41:45 | INFO | underwater_sensor_ga.pso | PSO iter 422/1250 | best_global_cost=272.680 | iter_best=274.918
2026-02-23 21:41:45 | INFO | underwater_sensor_ga.pso | PSO iter 423/1250 | best_global_cost=272.680 | iter_best=273.595
2026-02-23 21:41:45 | INFO | underwater_sensor_ga.pso | PSO iter 424/1250 | best_global_cost=272.680 | iter_best=273.595
2026-02-23 21:41:45 | INFO | underwater_sensor_ga.pso | PSO iter 425/1250 | best_global_cost=272.680 | iter_best=275.220
2026-02-23 21:41:45 | INFO | underwater_sensor_ga.pso | PSO iter 426/1250 | best_global_cost=272.680 | iter_best=272.680
2026-02-23 21:41:45 | INFO | underwater_sensor_ga.pso | PSO iter 427/1250 | best_global_cost=272.680 | iter_best=272.680
2026-02-23 21:41:45 | INFO | underwater_sensor_ga.pso | PSO iter 428/1250 | best_global_cost=272.680 | iter_best=273.595
2026-02-23 21:41:45 | INFO | underwater_sensor_ga.pso | PSO iter 429/1250 | best_global_cost=272.680 | iter_best=275.220
2026-02-23 21:41:45 | INFO | underwater_sensor_ga.pso | PSO iter 430/1250 | best_global_cost=272.680 | iter_best=273.506
2026-02-23 21:41:45 | INFO | underwater_sensor_ga.pso | PSO iter 431/1250 | best_global_cost=272.680 | iter_best=272.680
2026-02-23 21:41:45 | INFO | underwater_sensor_ga.pso | PSO iter 432/1250 | best_global_cost=272.680 | iter_best=274.918
2026-02-23 21:41:45 | INFO | underwater_sensor_ga.pso | PSO iter 433/1250 | best_global_cost=272.680 | iter_best=274.918
2026-02-23 21:41:45 | INFO | underwater_sensor_ga.pso | PSO iter 434/1250 | best_global_cost=272.680 | iter_best=272.680
2026-02-23 21:41:45 | INFO | underwater_sensor_ga.pso | PSO iter 435/1250 | best_global_cost=272.680 | iter_best=274.918
2026-02-23 21:41:45 | INFO | underwater_sensor_ga.pso | PSO iter 436/1250 | best_global_cost=272.680 | iter_best=272.680
2026-02-23 21:41:45 | INFO | underwater_sensor_ga.pso | PSO iter 437/1250 | best_global_cost=272.680 | iter_best=273.406
2026-02-23 21:41:45 | INFO | underwater_sensor_ga.pso | PSO iter 438/1250 | best_global_cost=272.680 | iter_best=273.595
2026-02-23 21:41:45 | INFO | underwater_sensor_ga.pso | PSO iter 439/1250 | best_global_cost=272.680 | iter_best=273.595
2026-02-23 21:41:45 | INFO | underwater_sensor_ga.pso | PSO iter 440/1250 | best_global_cost=272.680 | iter_best=274.918
2026-02-23 21:41:45 | INFO | underwater_sensor_ga.pso | PSO iter 441/1250 | best_global_cost=272.680 | iter_best=273.506
2026-02-23 21:41:45 | INFO | underwater_sensor_ga.pso | PSO iter 442/1250 | best_global_cost=272.680 | iter_best=272.680
2026-02-23 21:41:45 | INFO | underwater_sensor_ga.pso | PSO iter 443/1250 | best_global_cost=272.680 | iter_best=272.680
2026-02-23 21:41:45 | INFO | underwater_sensor_ga.pso | PSO iter 444/1250 | best_global_cost=272.680 | iter_best=272.680
2026-02-23 21:41:45 | INFO | underwater_sensor_ga.pso | PSO iter 445/1250 | best_global_cost=272.680 | iter_best=272.680
2026-02-23 21:41:46 | INFO | underwater_sensor_ga.pso | PSO iter 446/1250 | best_global_cost=272.680 | iter_best=273.506
2026-02-23 21:41:46 | INFO | underwater_sensor_ga.pso | PSO iter 447/1250 | best_global_cost=272.680 | iter_best=272.680
2026-02-23 21:41:46 | INFO | underwater_sensor_ga.pso | PSO iter 448/1250 | best_global_cost=272.680 | iter_best=273.506
2026-02-23 21:41:46 | INFO | underwater_sensor_ga.pso | PSO iter 449/1250 | best_global_cost=272.680 | iter_best=272.680
2026-02-23 21:41:46 | INFO | underwater_sensor_ga.pso | PSO iter 450/1250 | best_global_cost=272.680 | iter_best=274.918
2026-02-23 21:41:46 | INFO | underwater_sensor_ga.pso | PSO iter 451/1250 | best_global_cost=272.680 | iter_best=272.680
2026-02-23 21:41:46 | INFO | underwater_sensor_ga.pso | PSO iter 452/1250 | best_global_cost=272.680 | iter_best=274.918
2026-02-23 21:41:46 | INFO | underwater_sensor_ga.pso | PSO iter 453/1250 | best_global_cost=272.680 | iter_best=272.680
2026-02-23 21:41:46 | INFO | underwater_sensor_ga.pso | PSO iter 454/1250 | best_global_cost=272.680 | iter_best=272.680
2026-02-23 21:41:46 | INFO | underwater_sensor_ga.pso | PSO iter 455/1250 | best_global_cost=272.680 | iter_best=274.918
2026-02-23 21:41:46 | INFO | underwater_sensor_ga.pso | PSO iter 456/1250 | best_global_cost=272.680 | iter_best=274.232
2026-02-23 21:41:46 | INFO | underwater_sensor_ga.pso | PSO iter 457/1250 | best_global_cost=272.680 | iter_best=272.680
2026-02-23 21:41:46 | INFO | underwater_sensor_ga.pso | PSO iter 458/1250 | best_global_cost=272.680 | iter_best=273.506
2026-02-23 21:41:46 | INFO | underwater_sensor_ga.pso | PSO iter 459/1250 | best_global_cost=272.680 | iter_best=273.506
2026-02-23 21:41:46 | INFO | underwater_sensor_ga.pso | PSO iter 460/1250 | best_global_cost=272.680 | iter_best=275.220
2026-02-23 21:41:46 | INFO | underwater_sensor_ga.pso | PSO iter 461/1250 | best_global_cost=272.680 | iter_best=274.918
2026-02-23 21:41:46 | INFO | underwater_sensor_ga.pso | PSO iter 462/1250 | best_global_cost=272.680 | iter_best=275.220
2026-02-23 21:41:46 | INFO | underwater_sensor_ga.pso | PSO iter 463/1250 | best_global_cost=272.680 | iter_best=272.680
2026-02-23 21:41:46 | INFO | underwater_sensor_ga.pso | PSO iter 464/1250 | best_global_cost=272.680 | iter_best=274.918
2026-02-23 21:41:46 | INFO | underwater_sensor_ga.pso | PSO iter 465/1250 | best_global_cost=272.680 | iter_best=272.680
2026-02-23 21:41:46 | INFO | underwater_sensor_ga.pso | PSO iter 466/1250 | best_global_cost=272.680 | iter_best=272.680
2026-02-23 21:41:46 | INFO | underwater_sensor_ga.pso | PSO iter 467/1250 | best_global_cost=272.680 | iter_best=272.680
2026-02-23 21:41:46 | INFO | underwater_sensor_ga.pso | PSO iter 468/1250 | best_global_cost=272.680 | iter_best=272.680
2026-02-23 21:41:46 | INFO | underwater_sensor_ga.pso | PSO iter 469/1250 | best_global_cost=272.680 | iter_best=274.918
2026-02-23 21:41:46 | INFO | underwater_sensor_ga.pso | PSO iter 470/1250 | best_global_cost=272.680 | iter_best=272.680
2026-02-23 21:41:46 | INFO | underwater_sensor_ga.pso | PSO iter 471/1250 | best_global_cost=272.680 | iter_best=273.595
2026-02-23 21:41:46 | INFO | underwater_sensor_ga.pso | PSO iter 472/1250 | best_global_cost=272.680 | iter_best=274.918
2026-02-23 21:41:46 | INFO | underwater_sensor_ga.pso | PSO iter 473/1250 | best_global_cost=272.680 | iter_best=272.680
2026-02-23 21:41:46 | INFO | underwater_sensor_ga.pso | PSO iter 474/1250 | best_global_cost=272.680 | iter_best=272.680
2026-02-23 21:41:46 | INFO | underwater_sensor_ga.pso | PSO iter 475/1250 | best_global_cost=272.680 | iter_best=273.595
2026-02-23 21:41:46 | INFO | underwater_sensor_ga.pso | PSO iter 476/1250 | best_global_cost=272.680 | iter_best=272.680
2026-02-23 21:41:46 | INFO | underwater_sensor_ga.pso | PSO iter 477/1250 | best_global_cost=272.680 | iter_best=273.595
2026-02-23 21:41:46 | INFO | underwater_sensor_ga.pso | PSO iter 478/1250 | best_global_cost=272.680 | iter_best=274.232
2026-02-23 21:41:47 | INFO | underwater_sensor_ga.pso | PSO iter 479/1250 | best_global_cost=272.680 | iter_best=274.918
2026-02-23 21:41:47 | INFO | underwater_sensor_ga.pso | PSO iter 480/1250 | best_global_cost=272.680 | iter_best=273.595
2026-02-23 21:41:47 | INFO | underwater_sensor_ga.pso | PSO iter 481/1250 | best_global_cost=272.680 | iter_best=274.918
2026-02-23 21:41:47 | INFO | underwater_sensor_ga.pso | PSO iter 482/1250 | best_global_cost=272.680 | iter_best=274.918
2026-02-23 21:41:47 | INFO | underwater_sensor_ga.pso | PSO iter 483/1250 | best_global_cost=272.680 | iter_best=274.918
2026-02-23 21:41:47 | INFO | underwater_sensor_ga.pso | PSO iter 484/1250 | best_global_cost=272.680 | iter_best=272.680
2026-02-23 21:41:47 | INFO | underwater_sensor_ga.pso | PSO iter 485/1250 | best_global_cost=272.680 | iter_best=273.595
2026-02-23 21:41:47 | INFO | underwater_sensor_ga.pso | PSO iter 486/1250 | best_global_cost=272.680 | iter_best=274.918
2026-02-23 21:41:47 | INFO | underwater_sensor_ga.pso | PSO iter 487/1250 | best_global_cost=272.680 | iter_best=274.918
2026-02-23 21:41:47 | INFO | underwater_sensor_ga.pso | PSO iter 488/1250 | best_global_cost=272.680 | iter_best=274.918
2026-02-23 21:41:47 | INFO | underwater_sensor_ga.pso | PSO iter 489/1250 | best_global_cost=272.680 | iter_best=272.680
2026-02-23 21:41:47 | INFO | underwater_sensor_ga.pso | PSO iter 490/1250 | best_global_cost=272.680 | iter_best=274.918
2026-02-23 21:41:47 | INFO | underwater_sensor_ga.pso | PSO iter 491/1250 | best_global_cost=272.680 | iter_best=275.220
2026-02-23 21:41:47 | INFO | underwater_sensor_ga.pso | PSO iter 492/1250 | best_global_cost=272.680 | iter_best=272.680
2026-02-23 21:41:47 | INFO | underwater_sensor_ga.pso | PSO iter 493/1250 | best_global_cost=272.680 | iter_best=272.680
2026-02-23 21:41:47 | INFO | underwater_sensor_ga.pso | PSO iter 494/1250 | best_global_cost=272.680 | iter_best=273.406
2026-02-23 21:41:47 | INFO | underwater_sensor_ga.pso | PSO iter 495/1250 | best_global_cost=272.680 | iter_best=272.680
2026-02-23 21:41:47 | INFO | underwater_sensor_ga.pso | PSO iter 496/1250 | best_global_cost=272.680 | iter_best=272.680
2026-02-23 21:41:47 | INFO | underwater_sensor_ga.pso | PSO iter 497/1250 | best_global_cost=272.680 | iter_best=273.595
2026-02-23 21:41:47 | INFO | underwater_sensor_ga.pso | PSO iter 498/1250 | best_global_cost=272.680 | iter_best=275.220
2026-02-23 21:41:47 | INFO | underwater_sensor_ga.pso | PSO iter 499/1250 | best_global_cost=272.680 | iter_best=274.918
2026-02-23 21:41:47 | INFO | underwater_sensor_ga.pso | PSO iter 500/1250 | best_global_cost=272.680 | iter_best=272.680
2026-02-23 21:41:47 | INFO | underwater_sensor_ga.pso | PSO iter 501/1250 | best_global_cost=272.680 | iter_best=273.595
2026-02-23 21:41:47 | INFO | underwater_sensor_ga.pso | PSO iter 502/1250 | best_global_cost=272.680 | iter_best=273.595
2026-02-23 21:41:47 | INFO | underwater_sensor_ga.pso | PSO iter 503/1250 | best_global_cost=272.680 | iter_best=273.595
2026-02-23 21:41:47 | INFO | underwater_sensor_ga.pso | PSO iter 504/1250 | best_global_cost=272.680 | iter_best=272.680
2026-02-23 21:41:47 | INFO | underwater_sensor_ga.pso | PSO iter 505/1250 | best_global_cost=272.680 | iter_best=275.220
2026-02-23 21:41:47 | INFO | underwater_sensor_ga.pso | PSO iter 506/1250 | best_global_cost=272.680 | iter_best=272.680
2026-02-23 21:41:47 | INFO | underwater_sensor_ga.pso | PSO iter 507/1250 | best_global_cost=272.680 | iter_best=272.680
2026-02-23 21:41:47 | INFO | underwater_sensor_ga.pso | PSO iter 508/1250 | best_global_cost=272.680 | iter_best=272.680
2026-02-23 21:41:47 | INFO | underwater_sensor_ga.pso | PSO iter 509/1250 | best_global_cost=272.680 | iter_best=275.220
2026-02-23 21:41:47 | INFO | underwater_sensor_ga.pso | PSO iter 510/1250 | best_global_cost=272.680 | iter_best=272.680
2026-02-23 21:41:47 | INFO | underwater_sensor_ga.pso | PSO iter 511/1250 | best_global_cost=272.680 | iter_best=272.680
2026-02-23 21:41:47 | INFO | underwater_sensor_ga.pso | PSO iter 512/1250 | best_global_cost=272.680 | iter_best=275.220
2026-02-23 21:41:48 | INFO | underwater_sensor_ga.pso | PSO iter 513/1250 | best_global_cost=272.680 | iter_best=273.595
2026-02-23 21:41:48 | INFO | underwater_sensor_ga.pso | PSO iter 514/1250 | best_global_cost=272.680 | iter_best=273.595
2026-02-23 21:41:48 | INFO | underwater_sensor_ga.pso | PSO iter 515/1250 | best_global_cost=272.680 | iter_best=277.471
2026-02-23 21:41:48 | INFO | underwater_sensor_ga.pso | PSO iter 516/1250 | best_global_cost=272.680 | iter_best=272.680
2026-02-23 21:41:48 | INFO | underwater_sensor_ga.pso | PSO iter 517/1250 | best_global_cost=272.680 | iter_best=273.595
2026-02-23 21:41:48 | INFO | underwater_sensor_ga.pso | PSO iter 518/1250 | best_global_cost=272.680 | iter_best=275.220
2026-02-23 21:41:48 | INFO | underwater_sensor_ga.pso | PSO iter 519/1250 | best_global_cost=272.680 | iter_best=272.680
2026-02-23 21:41:48 | INFO | underwater_sensor_ga.pso | PSO iter 520/1250 | best_global_cost=272.680 | iter_best=272.680
2026-02-23 21:41:48 | INFO | underwater_sensor_ga.pso | PSO iter 521/1250 | best_global_cost=272.680 | iter_best=273.595
2026-02-23 21:41:48 | INFO | underwater_sensor_ga.pso | PSO iter 522/1250 | best_global_cost=272.680 | iter_best=273.406
2026-02-23 21:41:48 | INFO | underwater_sensor_ga.pso | PSO iter 523/1250 | best_global_cost=272.680 | iter_best=275.220
2026-02-23 21:41:48 | INFO | underwater_sensor_ga.pso | PSO iter 524/1250 | best_global_cost=272.680 | iter_best=274.918
2026-02-23 21:41:48 | INFO | underwater_sensor_ga.pso | PSO iter 525/1250 | best_global_cost=272.680 | iter_best=272.680
2026-02-23 21:41:48 | INFO | underwater_sensor_ga.pso | PSO iter 526/1250 | best_global_cost=272.680 | iter_best=273.595
2026-02-23 21:41:48 | INFO | underwater_sensor_ga.pso | PSO iter 527/1250 | best_global_cost=272.680 | iter_best=274.918
2026-02-23 21:41:48 | INFO | underwater_sensor_ga.pso | PSO iter 528/1250 | best_global_cost=272.680 | iter_best=272.680
2026-02-23 21:41:48 | INFO | underwater_sensor_ga.pso | PSO iter 529/1250 | best_global_cost=272.680 | iter_best=273.506
2026-02-23 21:41:48 | INFO | underwater_sensor_ga.pso | PSO iter 530/1250 | best_global_cost=272.680 | iter_best=274.232
2026-02-23 21:41:48 | INFO | underwater_sensor_ga.pso | PSO iter 531/1250 | best_global_cost=272.680 | iter_best=274.918
2026-02-23 21:41:48 | INFO | underwater_sensor_ga.pso | PSO iter 532/1250 | best_global_cost=272.680 | iter_best=274.232
2026-02-23 21:41:48 | INFO | underwater_sensor_ga.pso | PSO iter 533/1250 | best_global_cost=272.680 | iter_best=272.680
2026-02-23 21:41:48 | INFO | underwater_sensor_ga.pso | PSO iter 534/1250 | best_global_cost=272.680 | iter_best=272.680
2026-02-23 21:41:48 | INFO | underwater_sensor_ga.pso | PSO iter 535/1250 | best_global_cost=272.680 | iter_best=274.918
2026-02-23 21:41:48 | INFO | underwater_sensor_ga.pso | PSO iter 536/1250 | best_global_cost=272.680 | iter_best=272.680
2026-02-23 21:41:48 | INFO | underwater_sensor_ga.pso | PSO iter 537/1250 | best_global_cost=272.680 | iter_best=273.506
2026-02-23 21:41:48 | INFO | underwater_sensor_ga.pso | PSO iter 538/1250 | best_global_cost=272.680 | iter_best=272.680
2026-02-23 21:41:48 | INFO | underwater_sensor_ga.pso | PSO iter 539/1250 | best_global_cost=272.680 | iter_best=274.918
2026-02-23 21:41:48 | INFO | underwater_sensor_ga.pso | PSO iter 540/1250 | best_global_cost=272.680 | iter_best=275.220
2026-02-23 21:41:48 | INFO | underwater_sensor_ga.pso | PSO iter 541/1250 | best_global_cost=272.680 | iter_best=274.918
2026-02-23 21:41:48 | INFO | underwater_sensor_ga.pso | PSO iter 542/1250 | best_global_cost=272.680 | iter_best=274.918
2026-02-23 21:41:48 | INFO | underwater_sensor_ga.pso | PSO iter 543/1250 | best_global_cost=272.680 | iter_best=272.680
2026-02-23 21:41:48 | INFO | underwater_sensor_ga.pso | PSO iter 544/1250 | best_global_cost=272.680 | iter_best=275.220
2026-02-23 21:41:48 | INFO | underwater_sensor_ga.pso | PSO iter 545/1250 | best_global_cost=272.680 | iter_best=272.680
2026-02-23 21:41:49 | INFO | underwater_sensor_ga.pso | PSO iter 546/1250 | best_global_cost=272.680 | iter_best=275.220
2026-02-23 21:41:49 | INFO | underwater_sensor_ga.pso | PSO iter 547/1250 | best_global_cost=272.680 | iter_best=272.680
2026-02-23 21:41:49 | INFO | underwater_sensor_ga.pso | PSO iter 548/1250 | best_global_cost=272.680 | iter_best=275.220
2026-02-23 21:41:49 | INFO | underwater_sensor_ga.pso | PSO iter 549/1250 | best_global_cost=272.680 | iter_best=273.595
2026-02-23 21:41:49 | INFO | underwater_sensor_ga.pso | PSO iter 550/1250 | best_global_cost=272.680 | iter_best=275.220
2026-02-23 21:41:49 | INFO | underwater_sensor_ga.pso | PSO iter 551/1250 | best_global_cost=272.680 | iter_best=273.506
2026-02-23 21:41:49 | INFO | underwater_sensor_ga.pso | PSO iter 552/1250 | best_global_cost=272.680 | iter_best=275.220
2026-02-23 21:41:49 | INFO | underwater_sensor_ga.pso | PSO iter 553/1250 | best_global_cost=272.680 | iter_best=274.918
2026-02-23 21:41:49 | INFO | underwater_sensor_ga.pso | PSO iter 554/1250 | best_global_cost=272.680 | iter_best=272.680
2026-02-23 21:41:49 | INFO | underwater_sensor_ga.pso | PSO iter 555/1250 | best_global_cost=272.680 | iter_best=274.918
2026-02-23 21:41:49 | INFO | underwater_sensor_ga.pso | PSO iter 556/1250 | best_global_cost=272.680 | iter_best=274.232
2026-02-23 21:41:49 | INFO | underwater_sensor_ga.pso | PSO iter 557/1250 | best_global_cost=272.680 | iter_best=272.680
2026-02-23 21:41:49 | INFO | underwater_sensor_ga.pso | PSO iter 558/1250 | best_global_cost=272.680 | iter_best=273.595
2026-02-23 21:41:49 | INFO | underwater_sensor_ga.pso | PSO iter 559/1250 | best_global_cost=272.680 | iter_best=272.680
2026-02-23 21:41:49 | INFO | underwater_sensor_ga.pso | PSO iter 560/1250 | best_global_cost=272.680 | iter_best=272.680
2026-02-23 21:41:49 | INFO | underwater_sensor_ga.pso | PSO iter 561/1250 | best_global_cost=272.680 | iter_best=274.232
2026-02-23 21:41:49 | INFO | underwater_sensor_ga.pso | PSO iter 562/1250 | best_global_cost=272.680 | iter_best=273.595
2026-02-23 21:41:49 | INFO | underwater_sensor_ga.pso | PSO iter 563/1250 | best_global_cost=272.680 | iter_best=273.595
2026-02-23 21:41:49 | INFO | underwater_sensor_ga.pso | PSO iter 564/1250 | best_global_cost=272.680 | iter_best=272.680
2026-02-23 21:41:49 | INFO | underwater_sensor_ga.pso | PSO iter 565/1250 | best_global_cost=272.680 | iter_best=272.680
2026-02-23 21:41:49 | INFO | underwater_sensor_ga.pso | PSO iter 566/1250 | best_global_cost=272.680 | iter_best=272.680
2026-02-23 21:41:49 | INFO | underwater_sensor_ga.pso | PSO iter 567/1250 | best_global_cost=272.680 | iter_best=274.918
2026-02-23 21:41:49 | INFO | underwater_sensor_ga.pso | PSO iter 568/1250 | best_global_cost=272.680 | iter_best=274.918
2026-02-23 21:41:49 | INFO | underwater_sensor_ga.pso | PSO iter 569/1250 | best_global_cost=272.680 | iter_best=272.680
2026-02-23 21:41:49 | INFO | underwater_sensor_ga.pso | PSO iter 570/1250 | best_global_cost=272.680 | iter_best=274.918
2026-02-23 21:41:49 | INFO | underwater_sensor_ga.pso | PSO iter 571/1250 | best_global_cost=272.680 | iter_best=272.680
2026-02-23 21:41:49 | INFO | underwater_sensor_ga.pso | PSO iter 572/1250 | best_global_cost=272.680 | iter_best=272.680
2026-02-23 21:41:49 | INFO | underwater_sensor_ga.pso | PSO iter 573/1250 | best_global_cost=272.680 | iter_best=272.680
2026-02-23 21:41:49 | INFO | underwater_sensor_ga.pso | PSO iter 574/1250 | best_global_cost=272.680 | iter_best=272.680
2026-02-23 21:41:49 | INFO | underwater_sensor_ga.pso | PSO iter 575/1250 | best_global_cost=272.680 | iter_best=273.406
2026-02-23 21:41:49 | INFO | underwater_sensor_ga.pso | PSO iter 576/1250 | best_global_cost=272.680 | iter_best=272.680
2026-02-23 21:41:49 | INFO | underwater_sensor_ga.pso | PSO iter 577/1250 | best_global_cost=272.680 | iter_best=273.506
2026-02-23 21:41:49 | INFO | underwater_sensor_ga.pso | PSO iter 578/1250 | best_global_cost=272.680 | iter_best=275.220
2026-02-23 21:41:49 | INFO | underwater_sensor_ga.pso | PSO iter 579/1250 | best_global_cost=272.680 | iter_best=273.595
2026-02-23 21:41:50 | INFO | underwater_sensor_ga.pso | PSO iter 580/1250 | best_global_cost=272.680 | iter_best=272.680
2026-02-23 21:41:50 | INFO | underwater_sensor_ga.pso | PSO iter 581/1250 | best_global_cost=272.680 | iter_best=272.680
2026-02-23 21:41:50 | INFO | underwater_sensor_ga.pso | PSO iter 582/1250 | best_global_cost=272.680 | iter_best=272.680
2026-02-23 21:41:50 | INFO | underwater_sensor_ga.pso | PSO iter 583/1250 | best_global_cost=272.680 | iter_best=273.406
2026-02-23 21:41:50 | INFO | underwater_sensor_ga.pso | PSO iter 584/1250 | best_global_cost=272.680 | iter_best=274.918
2026-02-23 21:41:50 | INFO | underwater_sensor_ga.pso | PSO iter 585/1250 | best_global_cost=272.680 | iter_best=272.680
2026-02-23 21:41:50 | INFO | underwater_sensor_ga.pso | PSO iter 586/1250 | best_global_cost=272.680 | iter_best=272.680
2026-02-23 21:41:50 | INFO | underwater_sensor_ga.pso | PSO iter 587/1250 | best_global_cost=272.680 | iter_best=275.220
2026-02-23 21:41:50 | INFO | underwater_sensor_ga.pso | PSO iter 588/1250 | best_global_cost=272.680 | iter_best=272.680
2026-02-23 21:41:50 | INFO | underwater_sensor_ga.pso | PSO iter 589/1250 | best_global_cost=272.680 | iter_best=274.232
2026-02-23 21:41:50 | INFO | underwater_sensor_ga.pso | PSO iter 590/1250 | best_global_cost=272.680 | iter_best=272.680
2026-02-23 21:41:50 | INFO | underwater_sensor_ga.pso | PSO iter 591/1250 | best_global_cost=272.680 | iter_best=272.680
2026-02-23 21:41:50 | INFO | underwater_sensor_ga.pso | PSO iter 592/1250 | best_global_cost=272.680 | iter_best=272.680
2026-02-23 21:41:50 | INFO | underwater_sensor_ga.pso | PSO iter 593/1250 | best_global_cost=272.680 | iter_best=275.220
2026-02-23 21:41:50 | INFO | underwater_sensor_ga.pso | PSO iter 594/1250 | best_global_cost=272.680 | iter_best=272.680
2026-02-23 21:41:50 | INFO | underwater_sensor_ga.pso | PSO iter 595/1250 | best_global_cost=272.680 | iter_best=273.595
2026-02-23 21:41:50 | INFO | underwater_sensor_ga.pso | PSO iter 596/1250 | best_global_cost=272.680 | iter_best=272.680
2026-02-23 21:41:50 | INFO | underwater_sensor_ga.pso | PSO iter 597/1250 | best_global_cost=272.680 | iter_best=274.918
2026-02-23 21:41:50 | INFO | underwater_sensor_ga.pso | PSO iter 598/1250 | best_global_cost=272.680 | iter_best=273.595
2026-02-23 21:41:50 | INFO | underwater_sensor_ga.pso | PSO iter 599/1250 | best_global_cost=272.680 | iter_best=272.680
2026-02-23 21:41:50 | INFO | underwater_sensor_ga.pso | PSO iter 600/1250 | best_global_cost=272.680 | iter_best=273.595
2026-02-23 21:41:50 | INFO | underwater_sensor_ga.pso | PSO iter 601/1250 | best_global_cost=272.680 | iter_best=274.918
2026-02-23 21:41:50 | INFO | underwater_sensor_ga.pso | PSO iter 602/1250 | best_global_cost=272.680 | iter_best=274.918
2026-02-23 21:41:50 | INFO | underwater_sensor_ga.pso | PSO iter 603/1250 | best_global_cost=272.680 | iter_best=273.506
2026-02-23 21:41:50 | INFO | underwater_sensor_ga.pso | PSO iter 604/1250 | best_global_cost=272.680 | iter_best=275.220
2026-02-23 21:41:50 | INFO | underwater_sensor_ga.pso | PSO iter 605/1250 | best_global_cost=272.680 | iter_best=274.918
2026-02-23 21:41:50 | INFO | underwater_sensor_ga.pso | PSO iter 606/1250 | best_global_cost=272.680 | iter_best=272.680
2026-02-23 21:41:50 | INFO | underwater_sensor_ga.pso | PSO iter 607/1250 | best_global_cost=272.680 | iter_best=275.220
2026-02-23 21:41:50 | INFO | underwater_sensor_ga.pso | PSO iter 608/1250 | best_global_cost=272.680 | iter_best=272.680
2026-02-23 21:41:50 | INFO | underwater_sensor_ga.pso | PSO iter 609/1250 | best_global_cost=272.680 | iter_best=274.232
2026-02-23 21:41:50 | INFO | underwater_sensor_ga.pso | PSO iter 610/1250 | best_global_cost=272.680 | iter_best=275.220
2026-02-23 21:41:50 | INFO | underwater_sensor_ga.pso | PSO iter 611/1250 | best_global_cost=272.680 | iter_best=272.680
2026-02-23 21:41:50 | INFO | underwater_sensor_ga.pso | PSO iter 612/1250 | best_global_cost=272.680 | iter_best=272.680
2026-02-23 21:41:51 | INFO | underwater_sensor_ga.pso | PSO iter 613/1250 | best_global_cost=272.680 | iter_best=272.680
2026-02-23 21:41:51 | INFO | underwater_sensor_ga.pso | PSO iter 614/1250 | best_global_cost=272.680 | iter_best=277.471
2026-02-23 21:41:51 | INFO | underwater_sensor_ga.pso | PSO iter 615/1250 | best_global_cost=272.680 | iter_best=274.918
2026-02-23 21:41:51 | INFO | underwater_sensor_ga.pso | PSO iter 616/1250 | best_global_cost=272.680 | iter_best=277.195
2026-02-23 21:41:51 | INFO | underwater_sensor_ga.pso | PSO iter 617/1250 | best_global_cost=272.680 | iter_best=272.680
2026-02-23 21:41:51 | INFO | underwater_sensor_ga.pso | PSO iter 618/1250 | best_global_cost=272.680 | iter_best=275.220
2026-02-23 21:41:51 | INFO | underwater_sensor_ga.pso | PSO iter 619/1250 | best_global_cost=272.680 | iter_best=272.680
2026-02-23 21:41:51 | INFO | underwater_sensor_ga.pso | PSO iter 620/1250 | best_global_cost=272.680 | iter_best=274.918
2026-02-23 21:41:51 | INFO | underwater_sensor_ga.pso | PSO iter 621/1250 | best_global_cost=272.680 | iter_best=273.506
2026-02-23 21:41:51 | INFO | underwater_sensor_ga.pso | PSO iter 622/1250 | best_global_cost=272.680 | iter_best=272.680
2026-02-23 21:41:51 | INFO | underwater_sensor_ga.pso | PSO iter 623/1250 | best_global_cost=272.680 | iter_best=275.220
2026-02-23 21:41:51 | INFO | underwater_sensor_ga.pso | PSO iter 624/1250 | best_global_cost=272.680 | iter_best=272.680
2026-02-23 21:41:51 | INFO | underwater_sensor_ga.pso | PSO iter 625/1250 | best_global_cost=272.680 | iter_best=275.220
2026-02-23 21:41:51 | INFO | underwater_sensor_ga.pso | PSO iter 626/1250 | best_global_cost=272.680 | iter_best=275.220
2026-02-23 21:41:51 | INFO | underwater_sensor_ga.pso | PSO iter 627/1250 | best_global_cost=272.680 | iter_best=275.220
2026-02-23 21:41:51 | INFO | underwater_sensor_ga.pso | PSO iter 628/1250 | best_global_cost=272.680 | iter_best=274.232
2026-02-23 21:41:51 | INFO | underwater_sensor_ga.pso | PSO iter 629/1250 | best_global_cost=272.680 | iter_best=274.232
2026-02-23 21:41:51 | INFO | underwater_sensor_ga.pso | PSO iter 630/1250 | best_global_cost=272.680 | iter_best=273.595
2026-02-23 21:41:51 | INFO | underwater_sensor_ga.pso | PSO iter 631/1250 | best_global_cost=272.680 | iter_best=273.595
2026-02-23 21:41:51 | INFO | underwater_sensor_ga.pso | PSO iter 632/1250 | best_global_cost=272.680 | iter_best=272.680
2026-02-23 21:41:51 | INFO | underwater_sensor_ga.pso | PSO iter 633/1250 | best_global_cost=272.680 | iter_best=272.680
2026-02-23 21:41:51 | INFO | underwater_sensor_ga.pso | PSO iter 634/1250 | best_global_cost=272.680 | iter_best=275.220
2026-02-23 21:41:51 | INFO | underwater_sensor_ga.pso | PSO iter 635/1250 | best_global_cost=272.680 | iter_best=273.506
2026-02-23 21:41:51 | INFO | underwater_sensor_ga.pso | PSO iter 636/1250 | best_global_cost=272.680 | iter_best=272.680
2026-02-23 21:41:51 | INFO | underwater_sensor_ga.pso | PSO iter 637/1250 | best_global_cost=272.680 | iter_best=274.918
2026-02-23 21:41:51 | INFO | underwater_sensor_ga.pso | PSO iter 638/1250 | best_global_cost=272.680 | iter_best=272.680
2026-02-23 21:41:51 | INFO | underwater_sensor_ga.pso | PSO iter 639/1250 | best_global_cost=272.680 | iter_best=275.220
2026-02-23 21:41:51 | INFO | underwater_sensor_ga.pso | PSO iter 640/1250 | best_global_cost=272.680 | iter_best=273.506
2026-02-23 21:41:51 | INFO | underwater_sensor_ga.pso | PSO iter 641/1250 | best_global_cost=272.680 | iter_best=272.680
2026-02-23 21:41:51 | INFO | underwater_sensor_ga.pso | PSO iter 642/1250 | best_global_cost=272.680 | iter_best=272.680
2026-02-23 21:41:51 | INFO | underwater_sensor_ga.pso | PSO iter 643/1250 | best_global_cost=272.680 | iter_best=274.232
2026-02-23 21:41:51 | INFO | underwater_sensor_ga.pso | PSO iter 644/1250 | best_global_cost=272.680 | iter_best=272.680
2026-02-23 21:41:51 | INFO | underwater_sensor_ga.pso | PSO iter 645/1250 | best_global_cost=272.680 | iter_best=273.595
2026-02-23 21:41:51 | INFO | underwater_sensor_ga.pso | PSO iter 646/1250 | best_global_cost=272.680 | iter_best=273.506
2026-02-23 21:41:52 | INFO | underwater_sensor_ga.pso | PSO iter 647/1250 | best_global_cost=272.680 | iter_best=275.220
2026-02-23 21:41:52 | INFO | underwater_sensor_ga.pso | PSO iter 648/1250 | best_global_cost=272.680 | iter_best=273.595
2026-02-23 21:41:52 | INFO | underwater_sensor_ga.pso | PSO iter 649/1250 | best_global_cost=272.680 | iter_best=273.595
2026-02-23 21:41:52 | INFO | underwater_sensor_ga.pso | PSO iter 650/1250 | best_global_cost=272.680 | iter_best=272.680
2026-02-23 21:41:52 | INFO | underwater_sensor_ga.pso | PSO iter 651/1250 | best_global_cost=272.680 | iter_best=274.918
2026-02-23 21:41:52 | INFO | underwater_sensor_ga.pso | PSO iter 652/1250 | best_global_cost=272.680 | iter_best=273.506
2026-02-23 21:41:52 | INFO | underwater_sensor_ga.pso | PSO iter 653/1250 | best_global_cost=272.680 | iter_best=272.680
2026-02-23 21:41:52 | INFO | underwater_sensor_ga.pso | PSO iter 654/1250 | best_global_cost=272.680 | iter_best=274.918
2026-02-23 21:41:52 | INFO | underwater_sensor_ga.pso | PSO iter 655/1250 | best_global_cost=272.680 | iter_best=274.918
2026-02-23 21:41:52 | INFO | underwater_sensor_ga.pso | PSO iter 656/1250 | best_global_cost=272.680 | iter_best=275.220
2026-02-23 21:41:52 | INFO | underwater_sensor_ga.pso | PSO iter 657/1250 | best_global_cost=272.680 | iter_best=272.680
2026-02-23 21:41:52 | INFO | underwater_sensor_ga.pso | PSO iter 658/1250 | best_global_cost=272.680 | iter_best=272.680
2026-02-23 21:41:52 | INFO | underwater_sensor_ga.pso | PSO iter 659/1250 | best_global_cost=272.680 | iter_best=272.680
2026-02-23 21:41:52 | INFO | underwater_sensor_ga.pso | PSO iter 660/1250 | best_global_cost=272.680 | iter_best=272.680
2026-02-23 21:41:52 | INFO | underwater_sensor_ga.pso | PSO iter 661/1250 | best_global_cost=272.680 | iter_best=272.680
2026-02-23 21:41:52 | INFO | underwater_sensor_ga.pso | PSO iter 662/1250 | best_global_cost=272.680 | iter_best=273.506
2026-02-23 21:41:52 | INFO | underwater_sensor_ga.pso | PSO iter 663/1250 | best_global_cost=272.680 | iter_best=272.680
2026-02-23 21:41:52 | INFO | underwater_sensor_ga.pso | PSO iter 664/1250 | best_global_cost=272.680 | iter_best=273.506
2026-02-23 21:41:52 | INFO | underwater_sensor_ga.pso | PSO iter 665/1250 | best_global_cost=272.680 | iter_best=277.471
2026-02-23 21:41:52 | INFO | underwater_sensor_ga.pso | PSO iter 666/1250 | best_global_cost=272.680 | iter_best=272.680
2026-02-23 21:41:52 | INFO | underwater_sensor_ga.pso | PSO iter 667/1250 | best_global_cost=272.680 | iter_best=275.220
2026-02-23 21:41:52 | INFO | underwater_sensor_ga.pso | PSO iter 668/1250 | best_global_cost=272.680 | iter_best=272.680
2026-02-23 21:41:52 | INFO | underwater_sensor_ga.pso | PSO iter 669/1250 | best_global_cost=272.680 | iter_best=275.220
2026-02-23 21:41:52 | INFO | underwater_sensor_ga.pso | PSO iter 670/1250 | best_global_cost=272.680 | iter_best=272.680
2026-02-23 21:41:52 | INFO | underwater_sensor_ga.pso | PSO iter 671/1250 | best_global_cost=272.680 | iter_best=273.506
2026-02-23 21:41:52 | INFO | underwater_sensor_ga.pso | PSO iter 672/1250 | best_global_cost=272.680 | iter_best=272.680
2026-02-23 21:41:52 | INFO | underwater_sensor_ga.pso | PSO iter 673/1250 | best_global_cost=272.680 | iter_best=274.918
2026-02-23 21:41:52 | INFO | underwater_sensor_ga.pso | PSO iter 674/1250 | best_global_cost=272.680 | iter_best=273.595
2026-02-23 21:41:52 | INFO | underwater_sensor_ga.pso | PSO iter 675/1250 | best_global_cost=272.680 | iter_best=274.918
2026-02-23 21:41:52 | INFO | underwater_sensor_ga.pso | PSO iter 676/1250 | best_global_cost=272.680 | iter_best=275.220
2026-02-23 21:41:52 | INFO | underwater_sensor_ga.pso | PSO iter 677/1250 | best_global_cost=272.680 | iter_best=274.232
2026-02-23 21:41:52 | INFO | underwater_sensor_ga.pso | PSO iter 678/1250 | best_global_cost=272.680 | iter_best=274.232
2026-02-23 21:41:52 | INFO | underwater_sensor_ga.pso | PSO iter 679/1250 | best_global_cost=272.680 | iter_best=274.918
2026-02-23 21:41:52 | INFO | underwater_sensor_ga.pso | PSO iter 680/1250 | best_global_cost=272.680 | iter_best=273.506
2026-02-23 21:41:53 | INFO | underwater_sensor_ga.pso | PSO iter 681/1250 | best_global_cost=272.680 | iter_best=272.680
2026-02-23 21:41:53 | INFO | underwater_sensor_ga.pso | PSO iter 682/1250 | best_global_cost=272.680 | iter_best=273.595
2026-02-23 21:41:53 | INFO | underwater_sensor_ga.pso | PSO iter 683/1250 | best_global_cost=272.680 | iter_best=272.680
2026-02-23 21:41:53 | INFO | underwater_sensor_ga.pso | PSO iter 684/1250 | best_global_cost=272.680 | iter_best=274.918
2026-02-23 21:41:53 | INFO | underwater_sensor_ga.pso | PSO iter 685/1250 | best_global_cost=272.680 | iter_best=272.680
2026-02-23 21:41:53 | INFO | underwater_sensor_ga.pso | PSO iter 686/1250 | best_global_cost=272.680 | iter_best=272.680
2026-02-23 21:41:53 | INFO | underwater_sensor_ga.pso | PSO iter 687/1250 | best_global_cost=272.680 | iter_best=273.595
2026-02-23 21:41:53 | INFO | underwater_sensor_ga.pso | PSO iter 688/1250 | best_global_cost=272.680 | iter_best=273.595
2026-02-23 21:41:53 | INFO | underwater_sensor_ga.pso | PSO iter 689/1250 | best_global_cost=272.680 | iter_best=274.925
2026-02-23 21:41:53 | INFO | underwater_sensor_ga.pso | PSO iter 690/1250 | best_global_cost=272.680 | iter_best=274.918
2026-02-23 21:41:53 | INFO | underwater_sensor_ga.pso | PSO iter 691/1250 | best_global_cost=272.680 | iter_best=274.918
2026-02-23 21:41:53 | INFO | underwater_sensor_ga.pso | PSO iter 692/1250 | best_global_cost=272.680 | iter_best=273.595
2026-02-23 21:41:53 | INFO | underwater_sensor_ga.pso | PSO iter 693/1250 | best_global_cost=272.680 | iter_best=273.595
2026-02-23 21:41:53 | INFO | underwater_sensor_ga.pso | PSO iter 694/1250 | best_global_cost=272.680 | iter_best=275.220
2026-02-23 21:41:53 | INFO | underwater_sensor_ga.pso | PSO iter 695/1250 | best_global_cost=272.680 | iter_best=273.595
2026-02-23 21:41:53 | INFO | underwater_sensor_ga.pso | PSO iter 696/1250 | best_global_cost=272.680 | iter_best=272.680
2026-02-23 21:41:53 | INFO | underwater_sensor_ga.pso | PSO iter 697/1250 | best_global_cost=272.680 | iter_best=273.506
2026-02-23 21:41:53 | INFO | underwater_sensor_ga.pso | PSO iter 698/1250 | best_global_cost=272.680 | iter_best=272.680
2026-02-23 21:41:53 | INFO | underwater_sensor_ga.pso | PSO iter 699/1250 | best_global_cost=272.680 | iter_best=273.595
2026-02-23 21:41:53 | INFO | underwater_sensor_ga.pso | PSO iter 700/1250 | best_global_cost=272.680 | iter_best=273.595
2026-02-23 21:41:53 | INFO | underwater_sensor_ga.pso | PSO iter 701/1250 | best_global_cost=272.680 | iter_best=272.680
2026-02-23 21:41:53 | INFO | underwater_sensor_ga.pso | PSO iter 702/1250 | best_global_cost=272.680 | iter_best=273.595
2026-02-23 21:41:53 | INFO | underwater_sensor_ga.pso | PSO iter 703/1250 | best_global_cost=272.680 | iter_best=272.680
2026-02-23 21:41:53 | INFO | underwater_sensor_ga.pso | PSO iter 704/1250 | best_global_cost=272.680 | iter_best=277.471
2026-02-23 21:41:53 | INFO | underwater_sensor_ga.pso | PSO iter 705/1250 | best_global_cost=272.680 | iter_best=272.680
2026-02-23 21:41:53 | INFO | underwater_sensor_ga.pso | PSO iter 706/1250 | best_global_cost=272.680 | iter_best=274.918
2026-02-23 21:41:53 | INFO | underwater_sensor_ga.pso | PSO iter 707/1250 | best_global_cost=272.680 | iter_best=275.220
2026-02-23 21:41:53 | INFO | underwater_sensor_ga.pso | PSO iter 708/1250 | best_global_cost=272.680 | iter_best=273.595
2026-02-23 21:41:53 | INFO | underwater_sensor_ga.pso | PSO iter 709/1250 | best_global_cost=272.680 | iter_best=273.595
2026-02-23 21:41:53 | INFO | underwater_sensor_ga.pso | PSO iter 710/1250 | best_global_cost=272.680 | iter_best=272.680
2026-02-23 21:41:53 | INFO | underwater_sensor_ga.pso | PSO iter 711/1250 | best_global_cost=272.680 | iter_best=275.220
2026-02-23 21:41:53 | INFO | underwater_sensor_ga.pso | PSO iter 712/1250 | best_global_cost=272.680 | iter_best=274.918
2026-02-23 21:41:53 | INFO | underwater_sensor_ga.pso | PSO iter 713/1250 | best_global_cost=272.680 | iter_best=272.680
2026-02-23 21:41:53 | INFO | underwater_sensor_ga.pso | PSO iter 714/1250 | best_global_cost=272.680 | iter_best=272.680
2026-02-23 21:41:54 | INFO | underwater_sensor_ga.pso | PSO iter 715/1250 | best_global_cost=272.680 | iter_best=273.595
2026-02-23 21:41:54 | INFO | underwater_sensor_ga.pso | PSO iter 716/1250 | best_global_cost=272.680 | iter_best=273.506
2026-02-23 21:41:54 | INFO | underwater_sensor_ga.pso | PSO iter 717/1250 | best_global_cost=272.680 | iter_best=272.680
2026-02-23 21:41:54 | INFO | underwater_sensor_ga.pso | PSO iter 718/1250 | best_global_cost=272.680 | iter_best=272.680
2026-02-23 21:41:54 | INFO | underwater_sensor_ga.pso | PSO iter 719/1250 | best_global_cost=272.680 | iter_best=272.680
2026-02-23 21:41:54 | INFO | underwater_sensor_ga.pso | PSO iter 720/1250 | best_global_cost=272.680 | iter_best=272.680
2026-02-23 21:41:54 | INFO | underwater_sensor_ga.pso | PSO iter 721/1250 | best_global_cost=272.680 | iter_best=272.680
2026-02-23 21:41:54 | INFO | underwater_sensor_ga.pso | PSO iter 722/1250 | best_global_cost=272.680 | iter_best=275.832
2026-02-23 21:41:54 | INFO | underwater_sensor_ga.pso | PSO iter 723/1250 | best_global_cost=272.680 | iter_best=273.595
2026-02-23 21:41:54 | INFO | underwater_sensor_ga.pso | PSO iter 724/1250 | best_global_cost=272.680 | iter_best=274.918
2026-02-23 21:41:54 | INFO | underwater_sensor_ga.pso | PSO iter 725/1250 | best_global_cost=272.680 | iter_best=272.680
2026-02-23 21:41:54 | INFO | underwater_sensor_ga.pso | PSO iter 726/1250 | best_global_cost=272.680 | iter_best=274.918
2026-02-23 21:41:54 | INFO | underwater_sensor_ga.pso | PSO iter 727/1250 | best_global_cost=272.680 | iter_best=272.680
2026-02-23 21:41:54 | INFO | underwater_sensor_ga.pso | PSO iter 728/1250 | best_global_cost=272.680 | iter_best=275.220
2026-02-23 21:41:54 | INFO | underwater_sensor_ga.pso | PSO iter 729/1250 | best_global_cost=272.680 | iter_best=273.506
2026-02-23 21:41:54 | INFO | underwater_sensor_ga.pso | PSO iter 730/1250 | best_global_cost=272.680 | iter_best=272.680
2026-02-23 21:41:54 | INFO | underwater_sensor_ga.pso | PSO iter 731/1250 | best_global_cost=272.680 | iter_best=273.595
2026-02-23 21:41:54 | INFO | underwater_sensor_ga.pso | PSO iter 732/1250 | best_global_cost=272.680 | iter_best=272.680
2026-02-23 21:41:54 | INFO | underwater_sensor_ga.pso | PSO iter 733/1250 | best_global_cost=272.680 | iter_best=272.680
2026-02-23 21:41:54 | INFO | underwater_sensor_ga.pso | PSO iter 734/1250 | best_global_cost=272.680 | iter_best=272.680
2026-02-23 21:41:54 | INFO | underwater_sensor_ga.pso | PSO iter 735/1250 | best_global_cost=272.680 | iter_best=274.232
2026-02-23 21:41:54 | INFO | underwater_sensor_ga.pso | PSO iter 736/1250 | best_global_cost=272.680 | iter_best=275.220
2026-02-23 21:41:54 | INFO | underwater_sensor_ga.pso | PSO iter 737/1250 | best_global_cost=272.680 | iter_best=274.918
2026-02-23 21:41:54 | INFO | underwater_sensor_ga.pso | PSO iter 738/1250 | best_global_cost=272.680 | iter_best=277.471
2026-02-23 21:41:54 | INFO | underwater_sensor_ga.pso | PSO iter 739/1250 | best_global_cost=272.680 | iter_best=274.918
2026-02-23 21:41:54 | INFO | underwater_sensor_ga.pso | PSO iter 740/1250 | best_global_cost=272.680 | iter_best=272.680
2026-02-23 21:41:54 | INFO | underwater_sensor_ga.pso | PSO iter 741/1250 | best_global_cost=272.680 | iter_best=275.220
2026-02-23 21:41:54 | INFO | underwater_sensor_ga.pso | PSO iter 742/1250 | best_global_cost=272.680 | iter_best=275.220
2026-02-23 21:41:54 | INFO | underwater_sensor_ga.pso | PSO iter 743/1250 | best_global_cost=272.680 | iter_best=274.918
2026-02-23 21:41:54 | INFO | underwater_sensor_ga.pso | PSO iter 744/1250 | best_global_cost=272.680 | iter_best=275.220
2026-02-23 21:41:54 | INFO | underwater_sensor_ga.pso | PSO iter 745/1250 | best_global_cost=272.680 | iter_best=272.680
2026-02-23 21:41:54 | INFO | underwater_sensor_ga.pso | PSO iter 746/1250 | best_global_cost=272.680 | iter_best=274.918
2026-02-23 21:41:54 | INFO | underwater_sensor_ga.pso | PSO iter 747/1250 | best_global_cost=272.680 | iter_best=272.680
2026-02-23 21:41:54 | INFO | underwater_sensor_ga.pso | PSO iter 748/1250 | best_global_cost=272.680 | iter_best=274.232
2026-02-23 21:41:55 | INFO | underwater_sensor_ga.pso | PSO iter 749/1250 | best_global_cost=272.680 | iter_best=273.406
2026-02-23 21:41:55 | INFO | underwater_sensor_ga.pso | PSO iter 750/1250 | best_global_cost=272.680 | iter_best=275.220
2026-02-23 21:41:55 | INFO | underwater_sensor_ga.pso | PSO iter 751/1250 | best_global_cost=272.680 | iter_best=274.918
2026-02-23 21:41:55 | INFO | underwater_sensor_ga.pso | PSO iter 752/1250 | best_global_cost=272.680 | iter_best=273.595
2026-02-23 21:41:55 | INFO | underwater_sensor_ga.pso | PSO iter 753/1250 | best_global_cost=272.680 | iter_best=272.680
2026-02-23 21:41:55 | INFO | underwater_sensor_ga.pso | PSO iter 754/1250 | best_global_cost=272.680 | iter_best=273.506
2026-02-23 21:41:55 | INFO | underwater_sensor_ga.pso | PSO iter 755/1250 | best_global_cost=272.680 | iter_best=272.680
2026-02-23 21:41:55 | INFO | underwater_sensor_ga.pso | PSO iter 756/1250 | best_global_cost=272.680 | iter_best=273.595
2026-02-23 21:41:55 | INFO | underwater_sensor_ga.pso | PSO iter 757/1250 | best_global_cost=272.680 | iter_best=272.680
2026-02-23 21:41:55 | INFO | underwater_sensor_ga.pso | PSO iter 758/1250 | best_global_cost=272.680 | iter_best=274.918
2026-02-23 21:41:55 | INFO | underwater_sensor_ga.pso | PSO iter 759/1250 | best_global_cost=272.680 | iter_best=272.680
2026-02-23 21:41:55 | INFO | underwater_sensor_ga.pso | PSO iter 760/1250 | best_global_cost=272.680 | iter_best=274.232
2026-02-23 21:41:55 | INFO | underwater_sensor_ga.pso | PSO iter 761/1250 | best_global_cost=272.680 | iter_best=273.595
2026-02-23 21:41:55 | INFO | underwater_sensor_ga.pso | PSO iter 762/1250 | best_global_cost=272.680 | iter_best=272.680
2026-02-23 21:41:55 | INFO | underwater_sensor_ga.pso | PSO iter 763/1250 | best_global_cost=272.680 | iter_best=272.680
2026-02-23 21:41:55 | INFO | underwater_sensor_ga.pso | PSO iter 764/1250 | best_global_cost=272.680 | iter_best=272.680
2026-02-23 21:41:55 | INFO | underwater_sensor_ga.pso | PSO iter 765/1250 | best_global_cost=272.680 | iter_best=273.595
2026-02-23 21:41:55 | INFO | underwater_sensor_ga.pso | PSO iter 766/1250 | best_global_cost=272.680 | iter_best=272.680
2026-02-23 21:41:55 | INFO | underwater_sensor_ga.pso | PSO iter 767/1250 | best_global_cost=272.680 | iter_best=274.232
2026-02-23 21:41:55 | INFO | underwater_sensor_ga.pso | PSO iter 768/1250 | best_global_cost=272.680 | iter_best=274.918
2026-02-23 21:41:55 | INFO | underwater_sensor_ga.pso | PSO iter 769/1250 | best_global_cost=272.680 | iter_best=274.918
2026-02-23 21:41:55 | INFO | underwater_sensor_ga.pso | PSO iter 770/1250 | best_global_cost=272.680 | iter_best=272.680
2026-02-23 21:41:55 | INFO | underwater_sensor_ga.pso | PSO iter 771/1250 | best_global_cost=272.680 | iter_best=277.176
2026-02-23 21:41:55 | INFO | underwater_sensor_ga.pso | PSO iter 772/1250 | best_global_cost=272.680 | iter_best=272.680
2026-02-23 21:41:55 | INFO | underwater_sensor_ga.pso | PSO iter 773/1250 | best_global_cost=272.680 | iter_best=274.232
2026-02-23 21:41:55 | INFO | underwater_sensor_ga.pso | PSO iter 774/1250 | best_global_cost=272.680 | iter_best=274.232
2026-02-23 21:41:55 | INFO | underwater_sensor_ga.pso | PSO iter 775/1250 | best_global_cost=272.680 | iter_best=275.220
2026-02-23 21:41:55 | INFO | underwater_sensor_ga.pso | PSO iter 776/1250 | best_global_cost=272.680 | iter_best=275.220
2026-02-23 21:41:55 | INFO | underwater_sensor_ga.pso | PSO iter 777/1250 | best_global_cost=272.680 | iter_best=272.680
2026-02-23 21:41:55 | INFO | underwater_sensor_ga.pso | PSO iter 778/1250 | best_global_cost=272.680 | iter_best=277.471
2026-02-23 21:41:55 | INFO | underwater_sensor_ga.pso | PSO iter 779/1250 | best_global_cost=272.680 | iter_best=273.595
2026-02-23 21:41:55 | INFO | underwater_sensor_ga.pso | PSO iter 780/1250 | best_global_cost=272.680 | iter_best=275.220
2026-02-23 21:41:55 | INFO | underwater_sensor_ga.pso | PSO iter 781/1250 | best_global_cost=272.680 | iter_best=275.220
2026-02-23 21:41:55 | INFO | underwater_sensor_ga.pso | PSO iter 782/1250 | best_global_cost=272.680 | iter_best=272.680
2026-02-23 21:41:56 | INFO | underwater_sensor_ga.pso | PSO iter 783/1250 | best_global_cost=272.680 | iter_best=275.220
2026-02-23 21:41:56 | INFO | underwater_sensor_ga.pso | PSO iter 784/1250 | best_global_cost=272.680 | iter_best=274.232
2026-02-23 21:41:56 | INFO | underwater_sensor_ga.pso | PSO iter 785/1250 | best_global_cost=272.680 | iter_best=272.680
2026-02-23 21:41:56 | INFO | underwater_sensor_ga.pso | PSO iter 786/1250 | best_global_cost=272.680 | iter_best=272.680
2026-02-23 21:41:56 | INFO | underwater_sensor_ga.pso | PSO iter 787/1250 | best_global_cost=272.680 | iter_best=273.595
2026-02-23 21:41:56 | INFO | underwater_sensor_ga.pso | PSO iter 788/1250 | best_global_cost=272.680 | iter_best=275.220
2026-02-23 21:41:56 | INFO | underwater_sensor_ga.pso | PSO iter 789/1250 | best_global_cost=272.680 | iter_best=274.918
2026-02-23 21:41:56 | INFO | underwater_sensor_ga.pso | PSO iter 790/1250 | best_global_cost=272.680 | iter_best=275.220
2026-02-23 21:41:56 | INFO | underwater_sensor_ga.pso | PSO iter 791/1250 | best_global_cost=272.680 | iter_best=274.918
2026-02-23 21:41:56 | INFO | underwater_sensor_ga.pso | PSO iter 792/1250 | best_global_cost=272.680 | iter_best=275.220
2026-02-23 21:41:56 | INFO | underwater_sensor_ga.pso | PSO iter 793/1250 | best_global_cost=272.680 | iter_best=272.680
2026-02-23 21:41:56 | INFO | underwater_sensor_ga.pso | PSO iter 794/1250 | best_global_cost=272.680 | iter_best=272.680
2026-02-23 21:41:56 | INFO | underwater_sensor_ga.pso | PSO iter 795/1250 | best_global_cost=272.680 | iter_best=273.506
2026-02-23 21:41:56 | INFO | underwater_sensor_ga.pso | PSO iter 796/1250 | best_global_cost=272.680 | iter_best=274.918
2026-02-23 21:41:56 | INFO | underwater_sensor_ga.pso | PSO iter 797/1250 | best_global_cost=272.680 | iter_best=273.506
2026-02-23 21:41:56 | INFO | underwater_sensor_ga.pso | PSO iter 798/1250 | best_global_cost=272.680 | iter_best=272.680
2026-02-23 21:41:56 | INFO | underwater_sensor_ga.pso | PSO iter 799/1250 | best_global_cost=272.680 | iter_best=273.406
2026-02-23 21:41:56 | INFO | underwater_sensor_ga.pso | PSO iter 800/1250 | best_global_cost=272.680 | iter_best=274.918
2026-02-23 21:41:56 | INFO | underwater_sensor_ga.pso | PSO iter 801/1250 | best_global_cost=272.680 | iter_best=273.211
2026-02-23 21:41:56 | INFO | underwater_sensor_ga.pso | PSO iter 802/1250 | best_global_cost=272.680 | iter_best=273.506
2026-02-23 21:41:56 | INFO | underwater_sensor_ga.pso | PSO iter 803/1250 | best_global_cost=272.680 | iter_best=272.680
2026-02-23 21:41:56 | INFO | underwater_sensor_ga.pso | PSO iter 804/1250 | best_global_cost=272.680 | iter_best=275.220
2026-02-23 21:41:56 | INFO | underwater_sensor_ga.pso | PSO iter 805/1250 | best_global_cost=272.680 | iter_best=275.220
2026-02-23 21:41:56 | INFO | underwater_sensor_ga.pso | PSO iter 806/1250 | best_global_cost=272.680 | iter_best=273.506
2026-02-23 21:41:56 | INFO | underwater_sensor_ga.pso | PSO iter 807/1250 | best_global_cost=272.680 | iter_best=272.680
2026-02-23 21:41:56 | INFO | underwater_sensor_ga.pso | PSO iter 808/1250 | best_global_cost=272.680 | iter_best=274.918
2026-02-23 21:41:56 | INFO | underwater_sensor_ga.pso | PSO iter 809/1250 | best_global_cost=272.680 | iter_best=274.918
2026-02-23 21:41:56 | INFO | underwater_sensor_ga.pso | PSO iter 810/1250 | best_global_cost=272.680 | iter_best=273.595
2026-02-23 21:41:56 | INFO | underwater_sensor_ga.pso | PSO iter 811/1250 | best_global_cost=272.680 | iter_best=275.220
2026-02-23 21:41:56 | INFO | underwater_sensor_ga.pso | PSO iter 812/1250 | best_global_cost=272.680 | iter_best=274.918
2026-02-23 21:41:56 | INFO | underwater_sensor_ga.pso | PSO iter 813/1250 | best_global_cost=272.680 | iter_best=272.680
2026-02-23 21:41:56 | INFO | underwater_sensor_ga.pso | PSO iter 814/1250 | best_global_cost=272.680 | iter_best=273.595
2026-02-23 21:41:56 | INFO | underwater_sensor_ga.pso | PSO iter 815/1250 | best_global_cost=272.680 | iter_best=273.506
2026-02-23 21:41:56 | INFO | underwater_sensor_ga.pso | PSO iter 816/1250 | best_global_cost=272.680 | iter_best=274.918
2026-02-23 21:41:57 | INFO | underwater_sensor_ga.pso | PSO iter 817/1250 | best_global_cost=272.680 | iter_best=272.680
2026-02-23 21:41:57 | INFO | underwater_sensor_ga.pso | PSO iter 818/1250 | best_global_cost=272.680 | iter_best=275.220
2026-02-23 21:41:57 | INFO | underwater_sensor_ga.pso | PSO iter 819/1250 | best_global_cost=272.680 | iter_best=275.220
2026-02-23 21:41:57 | INFO | underwater_sensor_ga.pso | PSO iter 820/1250 | best_global_cost=272.680 | iter_best=274.918
2026-02-23 21:41:57 | INFO | underwater_sensor_ga.pso | PSO iter 821/1250 | best_global_cost=272.680 | iter_best=274.918
2026-02-23 21:41:57 | INFO | underwater_sensor_ga.pso | PSO iter 822/1250 | best_global_cost=272.680 | iter_best=275.220
2026-02-23 21:41:57 | INFO | underwater_sensor_ga.pso | PSO iter 823/1250 | best_global_cost=272.680 | iter_best=272.680
2026-02-23 21:41:57 | INFO | underwater_sensor_ga.pso | PSO iter 824/1250 | best_global_cost=272.680 | iter_best=273.595
2026-02-23 21:41:57 | INFO | underwater_sensor_ga.pso | PSO iter 825/1250 | best_global_cost=272.680 | iter_best=272.680
2026-02-23 21:41:57 | INFO | underwater_sensor_ga.pso | PSO iter 826/1250 | best_global_cost=272.680 | iter_best=275.220
2026-02-23 21:41:57 | INFO | underwater_sensor_ga.pso | PSO iter 827/1250 | best_global_cost=272.680 | iter_best=275.832
2026-02-23 21:41:57 | INFO | underwater_sensor_ga.pso | PSO iter 828/1250 | best_global_cost=272.680 | iter_best=272.680
2026-02-23 21:41:57 | INFO | underwater_sensor_ga.pso | PSO iter 829/1250 | best_global_cost=272.680 | iter_best=277.471
2026-02-23 21:41:57 | INFO | underwater_sensor_ga.pso | PSO iter 830/1250 | best_global_cost=272.680 | iter_best=275.220
2026-02-23 21:41:57 | INFO | underwater_sensor_ga.pso | PSO iter 831/1250 | best_global_cost=272.680 | iter_best=274.918
2026-02-23 21:41:57 | INFO | underwater_sensor_ga.pso | PSO iter 832/1250 | best_global_cost=272.680 | iter_best=275.220
2026-02-23 21:41:57 | INFO | underwater_sensor_ga.pso | PSO iter 833/1250 | best_global_cost=272.680 | iter_best=272.680
2026-02-23 21:41:57 | INFO | underwater_sensor_ga.pso | PSO iter 834/1250 | best_global_cost=272.680 | iter_best=272.680
2026-02-23 21:41:57 | INFO | underwater_sensor_ga.pso | PSO iter 835/1250 | best_global_cost=272.680 | iter_best=277.471
2026-02-23 21:41:57 | INFO | underwater_sensor_ga.pso | PSO iter 836/1250 | best_global_cost=272.680 | iter_best=272.680
2026-02-23 21:41:57 | INFO | underwater_sensor_ga.pso | PSO iter 837/1250 | best_global_cost=272.680 | iter_best=272.680
2026-02-23 21:41:57 | INFO | underwater_sensor_ga.pso | PSO iter 838/1250 | best_global_cost=272.680 | iter_best=275.220
2026-02-23 21:41:57 | INFO | underwater_sensor_ga.pso | PSO iter 839/1250 | best_global_cost=272.680 | iter_best=274.918
2026-02-23 21:41:57 | INFO | underwater_sensor_ga.pso | PSO iter 840/1250 | best_global_cost=272.680 | iter_best=272.680
2026-02-23 21:41:57 | INFO | underwater_sensor_ga.pso | PSO iter 841/1250 | best_global_cost=272.680 | iter_best=275.220
2026-02-23 21:41:57 | INFO | underwater_sensor_ga.pso | PSO iter 842/1250 | best_global_cost=272.680 | iter_best=274.918
2026-02-23 21:41:57 | INFO | underwater_sensor_ga.pso | PSO iter 843/1250 | best_global_cost=272.680 | iter_best=274.918
2026-02-23 21:41:57 | INFO | underwater_sensor_ga.pso | PSO iter 844/1250 | best_global_cost=272.680 | iter_best=272.680
2026-02-23 21:41:57 | INFO | underwater_sensor_ga.pso | PSO iter 845/1250 | best_global_cost=272.680 | iter_best=274.918
2026-02-23 21:41:57 | INFO | underwater_sensor_ga.pso | PSO iter 846/1250 | best_global_cost=272.680 | iter_best=272.680
2026-02-23 21:41:57 | INFO | underwater_sensor_ga.pso | PSO iter 847/1250 | best_global_cost=272.680 | iter_best=273.595
2026-02-23 21:41:57 | INFO | underwater_sensor_ga.pso | PSO iter 848/1250 | best_global_cost=272.680 | iter_best=274.918
2026-02-23 21:41:57 | INFO | underwater_sensor_ga.pso | PSO iter 849/1250 | best_global_cost=272.680 | iter_best=272.680
2026-02-23 21:41:58 | INFO | underwater_sensor_ga.pso | PSO iter 850/1250 | best_global_cost=272.680 | iter_best=275.220
2026-02-23 21:41:58 | INFO | underwater_sensor_ga.pso | PSO iter 851/1250 | best_global_cost=272.680 | iter_best=272.680
2026-02-23 21:41:58 | INFO | underwater_sensor_ga.pso | PSO iter 852/1250 | best_global_cost=272.680 | iter_best=275.220
2026-02-23 21:41:58 | INFO | underwater_sensor_ga.pso | PSO iter 853/1250 | best_global_cost=272.680 | iter_best=275.220
2026-02-23 21:41:58 | INFO | underwater_sensor_ga.pso | PSO iter 854/1250 | best_global_cost=272.680 | iter_best=273.506
2026-02-23 21:41:58 | INFO | underwater_sensor_ga.pso | PSO iter 855/1250 | best_global_cost=272.680 | iter_best=273.595
2026-02-23 21:41:58 | INFO | underwater_sensor_ga.pso | PSO iter 856/1250 | best_global_cost=272.680 | iter_best=275.220
2026-02-23 21:41:58 | INFO | underwater_sensor_ga.pso | PSO iter 857/1250 | best_global_cost=272.680 | iter_best=272.680
2026-02-23 21:41:58 | INFO | underwater_sensor_ga.pso | PSO iter 858/1250 | best_global_cost=272.680 | iter_best=274.918
2026-02-23 21:41:58 | INFO | underwater_sensor_ga.pso | PSO iter 859/1250 | best_global_cost=272.680 | iter_best=274.918
2026-02-23 21:41:58 | INFO | underwater_sensor_ga.pso | PSO iter 860/1250 | best_global_cost=272.680 | iter_best=272.680
2026-02-23 21:41:58 | INFO | underwater_sensor_ga.pso | PSO iter 861/1250 | best_global_cost=272.680 | iter_best=272.680
2026-02-23 21:41:58 | INFO | underwater_sensor_ga.pso | PSO iter 862/1250 | best_global_cost=272.680 | iter_best=275.220
2026-02-23 21:41:58 | INFO | underwater_sensor_ga.pso | PSO iter 863/1250 | best_global_cost=272.680 | iter_best=272.680
2026-02-23 21:41:58 | INFO | underwater_sensor_ga.pso | PSO iter 864/1250 | best_global_cost=272.680 | iter_best=275.220
2026-02-23 21:41:58 | INFO | underwater_sensor_ga.pso | PSO iter 865/1250 | best_global_cost=272.680 | iter_best=273.595
2026-02-23 21:41:58 | INFO | underwater_sensor_ga.pso | PSO iter 866/1250 | best_global_cost=272.680 | iter_best=274.918
2026-02-23 21:41:58 | INFO | underwater_sensor_ga.pso | PSO iter 867/1250 | best_global_cost=272.680 | iter_best=274.918
2026-02-23 21:41:58 | INFO | underwater_sensor_ga.pso | PSO iter 868/1250 | best_global_cost=272.680 | iter_best=272.680
2026-02-23 21:41:58 | INFO | underwater_sensor_ga.pso | PSO iter 869/1250 | best_global_cost=272.680 | iter_best=275.220
2026-02-23 21:41:58 | INFO | underwater_sensor_ga.pso | PSO iter 870/1250 | best_global_cost=272.680 | iter_best=274.918
2026-02-23 21:41:58 | INFO | underwater_sensor_ga.pso | PSO iter 871/1250 | best_global_cost=272.680 | iter_best=274.395
2026-02-23 21:41:58 | INFO | underwater_sensor_ga.pso | PSO iter 872/1250 | best_global_cost=272.680 | iter_best=273.595
2026-02-23 21:41:58 | INFO | underwater_sensor_ga.pso | PSO iter 873/1250 | best_global_cost=272.680 | iter_best=272.680
2026-02-23 21:41:58 | INFO | underwater_sensor_ga.pso | PSO iter 874/1250 | best_global_cost=272.680 | iter_best=273.595
2026-02-23 21:41:58 | INFO | underwater_sensor_ga.pso | PSO iter 875/1250 | best_global_cost=272.680 | iter_best=274.918
2026-02-23 21:41:58 | INFO | underwater_sensor_ga.pso | PSO iter 876/1250 | best_global_cost=272.680 | iter_best=273.506
2026-02-23 21:41:58 | INFO | underwater_sensor_ga.pso | PSO iter 877/1250 | best_global_cost=272.680 | iter_best=272.680
2026-02-23 21:41:58 | INFO | underwater_sensor_ga.pso | PSO iter 878/1250 | best_global_cost=272.680 | iter_best=273.506
2026-02-23 21:41:58 | INFO | underwater_sensor_ga.pso | PSO iter 879/1250 | best_global_cost=272.680 | iter_best=274.918
2026-02-23 21:41:58 | INFO | underwater_sensor_ga.pso | PSO iter 880/1250 | best_global_cost=272.680 | iter_best=275.220
2026-02-23 21:41:58 | INFO | underwater_sensor_ga.pso | PSO iter 881/1250 | best_global_cost=272.680 | iter_best=274.232
2026-02-23 21:41:58 | INFO | underwater_sensor_ga.pso | PSO iter 882/1250 | best_global_cost=272.680 | iter_best=273.506
2026-02-23 21:41:58 | INFO | underwater_sensor_ga.pso | PSO iter 883/1250 | best_global_cost=272.680 | iter_best=277.471
2026-02-23 21:41:59 | INFO | underwater_sensor_ga.pso | PSO iter 884/1250 | best_global_cost=272.680 | iter_best=274.232
2026-02-23 21:41:59 | INFO | underwater_sensor_ga.pso | PSO iter 885/1250 | best_global_cost=272.680 | iter_best=272.680
2026-02-23 21:41:59 | INFO | underwater_sensor_ga.pso | PSO iter 886/1250 | best_global_cost=272.680 | iter_best=274.918
2026-02-23 21:41:59 | INFO | underwater_sensor_ga.pso | PSO iter 887/1250 | best_global_cost=272.680 | iter_best=272.680
2026-02-23 21:41:59 | INFO | underwater_sensor_ga.pso | PSO iter 888/1250 | best_global_cost=272.680 | iter_best=275.220
2026-02-23 21:41:59 | INFO | underwater_sensor_ga.pso | PSO iter 889/1250 | best_global_cost=272.680 | iter_best=275.220
2026-02-23 21:41:59 | INFO | underwater_sensor_ga.pso | PSO iter 890/1250 | best_global_cost=272.680 | iter_best=277.471
2026-02-23 21:41:59 | INFO | underwater_sensor_ga.pso | PSO iter 891/1250 | best_global_cost=272.680 | iter_best=272.680
2026-02-23 21:41:59 | INFO | underwater_sensor_ga.pso | PSO iter 892/1250 | best_global_cost=272.680 | iter_best=272.680
2026-02-23 21:41:59 | INFO | underwater_sensor_ga.pso | PSO iter 893/1250 | best_global_cost=272.680 | iter_best=273.595
2026-02-23 21:41:59 | INFO | underwater_sensor_ga.pso | PSO iter 894/1250 | best_global_cost=272.680 | iter_best=273.595
2026-02-23 21:41:59 | INFO | underwater_sensor_ga.pso | PSO iter 895/1250 | best_global_cost=272.680 | iter_best=272.680
2026-02-23 21:41:59 | INFO | underwater_sensor_ga.pso | PSO iter 896/1250 | best_global_cost=272.680 | iter_best=272.680
2026-02-23 21:41:59 | INFO | underwater_sensor_ga.pso | PSO iter 897/1250 | best_global_cost=272.680 | iter_best=272.680
2026-02-23 21:41:59 | INFO | underwater_sensor_ga.pso | PSO iter 898/1250 | best_global_cost=272.680 | iter_best=272.680
2026-02-23 21:41:59 | INFO | underwater_sensor_ga.pso | PSO iter 899/1250 | best_global_cost=272.680 | iter_best=275.832
2026-02-23 21:41:59 | INFO | underwater_sensor_ga.pso | PSO iter 900/1250 | best_global_cost=272.680 | iter_best=273.506
2026-02-23 21:41:59 | INFO | underwater_sensor_ga.pso | PSO iter 901/1250 | best_global_cost=272.680 | iter_best=272.680
2026-02-23 21:41:59 | INFO | underwater_sensor_ga.pso | PSO iter 902/1250 | best_global_cost=272.680 | iter_best=272.680
2026-02-23 21:41:59 | INFO | underwater_sensor_ga.pso | PSO iter 903/1250 | best_global_cost=272.680 | iter_best=274.918
2026-02-23 21:41:59 | INFO | underwater_sensor_ga.pso | PSO iter 904/1250 | best_global_cost=272.680 | iter_best=272.680
2026-02-23 21:41:59 | INFO | underwater_sensor_ga.pso | PSO iter 905/1250 | best_global_cost=272.680 | iter_best=277.471
2026-02-23 21:41:59 | INFO | underwater_sensor_ga.pso | PSO iter 906/1250 | best_global_cost=272.680 | iter_best=275.220
2026-02-23 21:41:59 | INFO | underwater_sensor_ga.pso | PSO iter 907/1250 | best_global_cost=272.680 | iter_best=274.232
2026-02-23 21:41:59 | INFO | underwater_sensor_ga.pso | PSO iter 908/1250 | best_global_cost=272.680 | iter_best=272.680
2026-02-23 21:41:59 | INFO | underwater_sensor_ga.pso | PSO iter 909/1250 | best_global_cost=272.680 | iter_best=272.680
2026-02-23 21:41:59 | INFO | underwater_sensor_ga.pso | PSO iter 910/1250 | best_global_cost=272.680 | iter_best=272.680
2026-02-23 21:41:59 | INFO | underwater_sensor_ga.pso | PSO iter 911/1250 | best_global_cost=272.680 | iter_best=274.918
2026-02-23 21:41:59 | INFO | underwater_sensor_ga.pso | PSO iter 912/1250 | best_global_cost=272.680 | iter_best=273.937
2026-02-23 21:41:59 | INFO | underwater_sensor_ga.pso | PSO iter 913/1250 | best_global_cost=272.680 | iter_best=272.680
2026-02-23 21:41:59 | INFO | underwater_sensor_ga.pso | PSO iter 914/1250 | best_global_cost=272.680 | iter_best=274.918
2026-02-23 21:41:59 | INFO | underwater_sensor_ga.pso | PSO iter 915/1250 | best_global_cost=272.680 | iter_best=275.220
2026-02-23 21:41:59 | INFO | underwater_sensor_ga.pso | PSO iter 916/1250 | best_global_cost=272.680 | iter_best=272.680
2026-02-23 21:41:59 | INFO | underwater_sensor_ga.pso | PSO iter 917/1250 | best_global_cost=272.680 | iter_best=275.220
2026-02-23 21:42:00 | INFO | underwater_sensor_ga.pso | PSO iter 918/1250 | best_global_cost=272.680 | iter_best=272.680
2026-02-23 21:42:00 | INFO | underwater_sensor_ga.pso | PSO iter 919/1250 | best_global_cost=272.680 | iter_best=272.680
2026-02-23 21:42:00 | INFO | underwater_sensor_ga.pso | PSO iter 920/1250 | best_global_cost=272.680 | iter_best=272.680
2026-02-23 21:42:00 | INFO | underwater_sensor_ga.pso | PSO iter 921/1250 | best_global_cost=272.680 | iter_best=273.506
2026-02-23 21:42:00 | INFO | underwater_sensor_ga.pso | PSO iter 922/1250 | best_global_cost=272.680 | iter_best=272.680
2026-02-23 21:42:00 | INFO | underwater_sensor_ga.pso | PSO iter 923/1250 | best_global_cost=272.680 | iter_best=272.680
2026-02-23 21:42:00 | INFO | underwater_sensor_ga.pso | PSO iter 924/1250 | best_global_cost=272.680 | iter_best=274.918
2026-02-23 21:42:00 | INFO | underwater_sensor_ga.pso | PSO iter 925/1250 | best_global_cost=272.680 | iter_best=274.918
2026-02-23 21:42:00 | INFO | underwater_sensor_ga.pso | PSO iter 926/1250 | best_global_cost=272.680 | iter_best=272.680
2026-02-23 21:42:00 | INFO | underwater_sensor_ga.pso | PSO iter 927/1250 | best_global_cost=272.680 | iter_best=275.832
2026-02-23 21:42:00 | INFO | underwater_sensor_ga.pso | PSO iter 928/1250 | best_global_cost=272.680 | iter_best=272.680
2026-02-23 21:42:00 | INFO | underwater_sensor_ga.pso | PSO iter 929/1250 | best_global_cost=272.680 | iter_best=272.680
2026-02-23 21:42:00 | INFO | underwater_sensor_ga.pso | PSO iter 930/1250 | best_global_cost=272.680 | iter_best=272.680
2026-02-23 21:42:00 | INFO | underwater_sensor_ga.pso | PSO iter 931/1250 | best_global_cost=272.680 | iter_best=273.506
2026-02-23 21:42:00 | INFO | underwater_sensor_ga.pso | PSO iter 932/1250 | best_global_cost=272.680 | iter_best=272.680
2026-02-23 21:42:00 | INFO | underwater_sensor_ga.pso | PSO iter 933/1250 | best_global_cost=272.680 | iter_best=273.595
2026-02-23 21:42:00 | INFO | underwater_sensor_ga.pso | PSO iter 934/1250 | best_global_cost=272.680 | iter_best=273.595
2026-02-23 21:42:00 | INFO | underwater_sensor_ga.pso | PSO iter 935/1250 | best_global_cost=272.680 | iter_best=272.680
2026-02-23 21:42:00 | INFO | underwater_sensor_ga.pso | PSO iter 936/1250 | best_global_cost=272.680 | iter_best=274.232
2026-02-23 21:42:00 | INFO | underwater_sensor_ga.pso | PSO iter 937/1250 | best_global_cost=272.680 | iter_best=272.680
2026-02-23 21:42:00 | INFO | underwater_sensor_ga.pso | PSO iter 938/1250 | best_global_cost=272.680 | iter_best=273.595
2026-02-23 21:42:00 | INFO | underwater_sensor_ga.pso | PSO iter 939/1250 | best_global_cost=272.680 | iter_best=272.680
2026-02-23 21:42:00 | INFO | underwater_sensor_ga.pso | PSO iter 940/1250 | best_global_cost=272.680 | iter_best=272.680
2026-02-23 21:42:00 | INFO | underwater_sensor_ga.pso | PSO iter 941/1250 | best_global_cost=272.680 | iter_best=274.918
2026-02-23 21:42:00 | INFO | underwater_sensor_ga.pso | PSO iter 942/1250 | best_global_cost=272.680 | iter_best=276.281
2026-02-23 21:42:00 | INFO | underwater_sensor_ga.pso | PSO iter 943/1250 | best_global_cost=272.680 | iter_best=272.680
2026-02-23 21:42:00 | INFO | underwater_sensor_ga.pso | PSO iter 944/1250 | best_global_cost=272.680 | iter_best=277.471
2026-02-23 21:42:00 | INFO | underwater_sensor_ga.pso | PSO iter 945/1250 | best_global_cost=272.680 | iter_best=274.918
2026-02-23 21:42:00 | INFO | underwater_sensor_ga.pso | PSO iter 946/1250 | best_global_cost=272.680 | iter_best=273.595
2026-02-23 21:42:00 | INFO | underwater_sensor_ga.pso | PSO iter 947/1250 | best_global_cost=272.680 | iter_best=273.506
2026-02-23 21:42:00 | INFO | underwater_sensor_ga.pso | PSO iter 948/1250 | best_global_cost=272.680 | iter_best=275.220
2026-02-23 21:42:00 | INFO | underwater_sensor_ga.pso | PSO iter 949/1250 | best_global_cost=272.680 | iter_best=272.680
2026-02-23 21:42:00 | INFO | underwater_sensor_ga.pso | PSO iter 950/1250 | best_global_cost=272.680 | iter_best=274.918
2026-02-23 21:42:00 | INFO | underwater_sensor_ga.pso | PSO iter 951/1250 | best_global_cost=272.680 | iter_best=272.680
2026-02-23 21:42:01 | INFO | underwater_sensor_ga.pso | PSO iter 952/1250 | best_global_cost=272.680 | iter_best=275.220
2026-02-23 21:42:01 | INFO | underwater_sensor_ga.pso | PSO iter 953/1250 | best_global_cost=272.680 | iter_best=274.918
2026-02-23 21:42:01 | INFO | underwater_sensor_ga.pso | PSO iter 954/1250 | best_global_cost=272.680 | iter_best=272.680
2026-02-23 21:42:01 | INFO | underwater_sensor_ga.pso | PSO iter 955/1250 | best_global_cost=272.680 | iter_best=277.471
2026-02-23 21:42:01 | INFO | underwater_sensor_ga.pso | PSO iter 956/1250 | best_global_cost=272.680 | iter_best=274.232
2026-02-23 21:42:01 | INFO | underwater_sensor_ga.pso | PSO iter 957/1250 | best_global_cost=272.680 | iter_best=275.220
2026-02-23 21:42:01 | INFO | underwater_sensor_ga.pso | PSO iter 958/1250 | best_global_cost=272.680 | iter_best=274.918
2026-02-23 21:42:01 | INFO | underwater_sensor_ga.pso | PSO iter 959/1250 | best_global_cost=272.680 | iter_best=274.918
2026-02-23 21:42:01 | INFO | underwater_sensor_ga.pso | PSO iter 960/1250 | best_global_cost=272.680 | iter_best=272.680
2026-02-23 21:42:01 | INFO | underwater_sensor_ga.pso | PSO iter 961/1250 | best_global_cost=272.680 | iter_best=272.680
2026-02-23 21:42:01 | INFO | underwater_sensor_ga.pso | PSO iter 962/1250 | best_global_cost=272.680 | iter_best=272.680
2026-02-23 21:42:01 | INFO | underwater_sensor_ga.pso | PSO iter 963/1250 | best_global_cost=272.680 | iter_best=275.220
2026-02-23 21:42:01 | INFO | underwater_sensor_ga.pso | PSO iter 964/1250 | best_global_cost=272.680 | iter_best=275.832
2026-02-23 21:42:01 | INFO | underwater_sensor_ga.pso | PSO iter 965/1250 | best_global_cost=272.680 | iter_best=275.220
2026-02-23 21:42:01 | INFO | underwater_sensor_ga.pso | PSO iter 966/1250 | best_global_cost=272.680 | iter_best=272.680
2026-02-23 21:42:01 | INFO | underwater_sensor_ga.pso | PSO iter 967/1250 | best_global_cost=272.680 | iter_best=273.595
2026-02-23 21:42:01 | INFO | underwater_sensor_ga.pso | PSO iter 968/1250 | best_global_cost=272.680 | iter_best=275.220
2026-02-23 21:42:01 | INFO | underwater_sensor_ga.pso | PSO iter 969/1250 | best_global_cost=272.680 | iter_best=272.680
2026-02-23 21:42:01 | INFO | underwater_sensor_ga.pso | PSO iter 970/1250 | best_global_cost=272.680 | iter_best=275.220
2026-02-23 21:42:01 | INFO | underwater_sensor_ga.pso | PSO iter 971/1250 | best_global_cost=272.680 | iter_best=277.471
2026-02-23 21:42:01 | INFO | underwater_sensor_ga.pso | PSO iter 972/1250 | best_global_cost=272.680 | iter_best=272.680
2026-02-23 21:42:01 | INFO | underwater_sensor_ga.pso | PSO iter 973/1250 | best_global_cost=272.680 | iter_best=272.680
2026-02-23 21:42:01 | INFO | underwater_sensor_ga.pso | PSO iter 974/1250 | best_global_cost=272.680 | iter_best=272.680
2026-02-23 21:42:01 | INFO | underwater_sensor_ga.pso | PSO iter 975/1250 | best_global_cost=272.680 | iter_best=272.680
2026-02-23 21:42:01 | INFO | underwater_sensor_ga.pso | PSO iter 976/1250 | best_global_cost=272.680 | iter_best=272.680
2026-02-23 21:42:01 | INFO | underwater_sensor_ga.pso | PSO iter 977/1250 | best_global_cost=272.680 | iter_best=273.595
2026-02-23 21:42:01 | INFO | underwater_sensor_ga.pso | PSO iter 978/1250 | best_global_cost=272.680 | iter_best=272.680
2026-02-23 21:42:01 | INFO | underwater_sensor_ga.pso | PSO iter 979/1250 | best_global_cost=272.680 | iter_best=272.680
2026-02-23 21:42:01 | INFO | underwater_sensor_ga.pso | PSO iter 980/1250 | best_global_cost=272.680 | iter_best=273.595
2026-02-23 21:42:01 | INFO | underwater_sensor_ga.pso | PSO iter 981/1250 | best_global_cost=272.680 | iter_best=274.918
2026-02-23 21:42:01 | INFO | underwater_sensor_ga.pso | PSO iter 982/1250 | best_global_cost=272.680 | iter_best=274.918
2026-02-23 21:42:01 | INFO | underwater_sensor_ga.pso | PSO iter 983/1250 | best_global_cost=272.680 | iter_best=275.220
2026-02-23 21:42:01 | INFO | underwater_sensor_ga.pso | PSO iter 984/1250 | best_global_cost=272.680 | iter_best=274.918
2026-02-23 21:42:01 | INFO | underwater_sensor_ga.pso | PSO iter 985/1250 | best_global_cost=272.680 | iter_best=275.220
2026-02-23 21:42:02 | INFO | underwater_sensor_ga.pso | PSO iter 986/1250 | best_global_cost=272.680 | iter_best=273.506
2026-02-23 21:42:02 | INFO | underwater_sensor_ga.pso | PSO iter 987/1250 | best_global_cost=272.680 | iter_best=273.595
2026-02-23 21:42:02 | INFO | underwater_sensor_ga.pso | PSO iter 988/1250 | best_global_cost=272.680 | iter_best=273.506
2026-02-23 21:42:02 | INFO | underwater_sensor_ga.pso | PSO iter 989/1250 | best_global_cost=272.680 | iter_best=273.595
2026-02-23 21:42:02 | INFO | underwater_sensor_ga.pso | PSO iter 990/1250 | best_global_cost=272.680 | iter_best=272.680
2026-02-23 21:42:02 | INFO | underwater_sensor_ga.pso | PSO iter 991/1250 | best_global_cost=272.680 | iter_best=274.918
2026-02-23 21:42:02 | INFO | underwater_sensor_ga.pso | PSO iter 992/1250 | best_global_cost=272.680 | iter_best=273.595
2026-02-23 21:42:02 | INFO | underwater_sensor_ga.pso | PSO iter 993/1250 | best_global_cost=272.680 | iter_best=274.918
2026-02-23 21:42:02 | INFO | underwater_sensor_ga.pso | PSO iter 994/1250 | best_global_cost=272.680 | iter_best=275.220
2026-02-23 21:42:02 | INFO | underwater_sensor_ga.pso | PSO iter 995/1250 | best_global_cost=272.680 | iter_best=272.680
2026-02-23 21:42:02 | INFO | underwater_sensor_ga.pso | PSO iter 996/1250 | best_global_cost=272.680 | iter_best=277.471
2026-02-23 21:42:02 | INFO | underwater_sensor_ga.pso | PSO iter 997/1250 | best_global_cost=272.680 | iter_best=273.506
2026-02-23 21:42:02 | INFO | underwater_sensor_ga.pso | PSO iter 998/1250 | best_global_cost=272.680 | iter_best=272.680
2026-02-23 21:42:02 | INFO | underwater_sensor_ga.pso | PSO iter 999/1250 | best_global_cost=272.680 | iter_best=273.595
2026-02-23 21:42:02 | INFO | underwater_sensor_ga.pso | PSO iter 1000/1250 | best_global_cost=272.680 | iter_best=274.918
2026-02-23 21:42:02 | INFO | underwater_sensor_ga.pso | PSO iter 1001/1250 | best_global_cost=272.680 | iter_best=275.220
2026-02-23 21:42:02 | INFO | underwater_sensor_ga.pso | PSO iter 1002/1250 | best_global_cost=272.680 | iter_best=272.680
2026-02-23 21:42:02 | INFO | underwater_sensor_ga.pso | PSO iter 1003/1250 | best_global_cost=272.680 | iter_best=272.680
2026-02-23 21:42:02 | INFO | underwater_sensor_ga.pso | PSO iter 1004/1250 | best_global_cost=272.680 | iter_best=272.680
2026-02-23 21:42:02 | INFO | underwater_sensor_ga.pso | PSO iter 1005/1250 | best_global_cost=272.680 | iter_best=275.220
2026-02-23 21:42:02 | INFO | underwater_sensor_ga.pso | PSO iter 1006/1250 | best_global_cost=272.680 | iter_best=272.680
2026-02-23 21:42:02 | INFO | underwater_sensor_ga.pso | PSO iter 1007/1250 | best_global_cost=272.680 | iter_best=273.595
2026-02-23 21:42:02 | INFO | underwater_sensor_ga.pso | PSO iter 1008/1250 | best_global_cost=272.680 | iter_best=274.918
2026-02-23 21:42:02 | INFO | underwater_sensor_ga.pso | PSO iter 1009/1250 | best_global_cost=272.680 | iter_best=275.220
2026-02-23 21:42:02 | INFO | underwater_sensor_ga.pso | PSO iter 1010/1250 | best_global_cost=272.680 | iter_best=274.232
2026-02-23 21:42:02 | INFO | underwater_sensor_ga.pso | PSO iter 1011/1250 | best_global_cost=272.680 | iter_best=272.680
2026-02-23 21:42:02 | INFO | underwater_sensor_ga.pso | PSO iter 1012/1250 | best_global_cost=272.680 | iter_best=275.220
2026-02-23 21:42:02 | INFO | underwater_sensor_ga.pso | PSO iter 1013/1250 | best_global_cost=272.680 | iter_best=275.220
2026-02-23 21:42:02 | INFO | underwater_sensor_ga.pso | PSO iter 1014/1250 | best_global_cost=272.680 | iter_best=275.220
2026-02-23 21:42:02 | INFO | underwater_sensor_ga.pso | PSO iter 1015/1250 | best_global_cost=272.680 | iter_best=274.232
2026-02-23 21:42:02 | INFO | underwater_sensor_ga.pso | PSO iter 1016/1250 | best_global_cost=272.680 | iter_best=272.680
2026-02-23 21:42:02 | INFO | underwater_sensor_ga.pso | PSO iter 1017/1250 | best_global_cost=272.680 | iter_best=274.918
2026-02-23 21:42:02 | INFO | underwater_sensor_ga.pso | PSO iter 1018/1250 | best_global_cost=272.680 | iter_best=273.595
2026-02-23 21:42:03 | INFO | underwater_sensor_ga.pso | PSO iter 1019/1250 | best_global_cost=272.680 | iter_best=272.680
2026-02-23 21:42:03 | INFO | underwater_sensor_ga.pso | PSO iter 1020/1250 | best_global_cost=272.680 | iter_best=274.918
2026-02-23 21:42:03 | INFO | underwater_sensor_ga.pso | PSO iter 1021/1250 | best_global_cost=272.680 | iter_best=274.918
2026-02-23 21:42:03 | INFO | underwater_sensor_ga.pso | PSO iter 1022/1250 | best_global_cost=272.680 | iter_best=273.595
2026-02-23 21:42:03 | INFO | underwater_sensor_ga.pso | PSO iter 1023/1250 | best_global_cost=272.680 | iter_best=275.220
2026-02-23 21:42:03 | INFO | underwater_sensor_ga.pso | PSO iter 1024/1250 | best_global_cost=272.680 | iter_best=274.232
2026-02-23 21:42:03 | INFO | underwater_sensor_ga.pso | PSO iter 1025/1250 | best_global_cost=272.680 | iter_best=273.595
2026-02-23 21:42:03 | INFO | underwater_sensor_ga.pso | PSO iter 1026/1250 | best_global_cost=272.680 | iter_best=272.680
2026-02-23 21:42:03 | INFO | underwater_sensor_ga.pso | PSO iter 1027/1250 | best_global_cost=272.680 | iter_best=273.595
2026-02-23 21:42:03 | INFO | underwater_sensor_ga.pso | PSO iter 1028/1250 | best_global_cost=272.680 | iter_best=274.918
2026-02-23 21:42:03 | INFO | underwater_sensor_ga.pso | PSO iter 1029/1250 | best_global_cost=272.680 | iter_best=273.595
2026-02-23 21:42:03 | INFO | underwater_sensor_ga.pso | PSO iter 1030/1250 | best_global_cost=272.680 | iter_best=275.220
2026-02-23 21:42:03 | INFO | underwater_sensor_ga.pso | PSO iter 1031/1250 | best_global_cost=272.680 | iter_best=274.918
2026-02-23 21:42:03 | INFO | underwater_sensor_ga.pso | PSO iter 1032/1250 | best_global_cost=272.680 | iter_best=274.232
2026-02-23 21:42:03 | INFO | underwater_sensor_ga.pso | PSO iter 1033/1250 | best_global_cost=272.680 | iter_best=272.680
2026-02-23 21:42:03 | INFO | underwater_sensor_ga.pso | PSO iter 1034/1250 | best_global_cost=272.680 | iter_best=272.680
2026-02-23 21:42:03 | INFO | underwater_sensor_ga.pso | PSO iter 1035/1250 | best_global_cost=272.680 | iter_best=272.680
2026-02-23 21:42:03 | INFO | underwater_sensor_ga.pso | PSO iter 1036/1250 | best_global_cost=272.680 | iter_best=273.595
2026-02-23 21:42:03 | INFO | underwater_sensor_ga.pso | PSO iter 1037/1250 | best_global_cost=272.680 | iter_best=272.680
2026-02-23 21:42:03 | INFO | underwater_sensor_ga.pso | PSO iter 1038/1250 | best_global_cost=272.680 | iter_best=275.220
2026-02-23 21:42:03 | INFO | underwater_sensor_ga.pso | PSO iter 1039/1250 | best_global_cost=272.680 | iter_best=274.918
2026-02-23 21:42:03 | INFO | underwater_sensor_ga.pso | PSO iter 1040/1250 | best_global_cost=272.680 | iter_best=272.680
2026-02-23 21:42:03 | INFO | underwater_sensor_ga.pso | PSO iter 1041/1250 | best_global_cost=272.680 | iter_best=272.680
2026-02-23 21:42:03 | INFO | underwater_sensor_ga.pso | PSO iter 1042/1250 | best_global_cost=272.680 | iter_best=274.918
2026-02-23 21:42:03 | INFO | underwater_sensor_ga.pso | PSO iter 1043/1250 | best_global_cost=272.680 | iter_best=272.680
2026-02-23 21:42:03 | INFO | underwater_sensor_ga.pso | PSO iter 1044/1250 | best_global_cost=272.680 | iter_best=272.680
2026-02-23 21:42:03 | INFO | underwater_sensor_ga.pso | PSO iter 1045/1250 | best_global_cost=272.680 | iter_best=274.918
2026-02-23 21:42:03 | INFO | underwater_sensor_ga.pso | PSO iter 1046/1250 | best_global_cost=272.680 | iter_best=272.680
2026-02-23 21:42:03 | INFO | underwater_sensor_ga.pso | PSO iter 1047/1250 | best_global_cost=272.680 | iter_best=274.918
2026-02-23 21:42:03 | INFO | underwater_sensor_ga.pso | PSO iter 1048/1250 | best_global_cost=272.680 | iter_best=273.506
2026-02-23 21:42:03 | INFO | underwater_sensor_ga.pso | PSO iter 1049/1250 | best_global_cost=272.680 | iter_best=273.506
2026-02-23 21:42:03 | INFO | underwater_sensor_ga.pso | PSO iter 1050/1250 | best_global_cost=272.680 | iter_best=274.918
2026-02-23 21:42:03 | INFO | underwater_sensor_ga.pso | PSO iter 1051/1250 | best_global_cost=272.680 | iter_best=272.680
2026-02-23 21:42:04 | INFO | underwater_sensor_ga.pso | PSO iter 1052/1250 | best_global_cost=272.680 | iter_best=275.220
2026-02-23 21:42:04 | INFO | underwater_sensor_ga.pso | PSO iter 1053/1250 | best_global_cost=272.680 | iter_best=275.220
2026-02-23 21:42:04 | INFO | underwater_sensor_ga.pso | PSO iter 1054/1250 | best_global_cost=272.680 | iter_best=274.918
2026-02-23 21:42:04 | INFO | underwater_sensor_ga.pso | PSO iter 1055/1250 | best_global_cost=272.680 | iter_best=275.220
2026-02-23 21:42:04 | INFO | underwater_sensor_ga.pso | PSO iter 1056/1250 | best_global_cost=272.680 | iter_best=275.220
2026-02-23 21:42:04 | INFO | underwater_sensor_ga.pso | PSO iter 1057/1250 | best_global_cost=272.680 | iter_best=273.595
2026-02-23 21:42:04 | INFO | underwater_sensor_ga.pso | PSO iter 1058/1250 | best_global_cost=272.680 | iter_best=273.595
2026-02-23 21:42:04 | INFO | underwater_sensor_ga.pso | PSO iter 1059/1250 | best_global_cost=272.680 | iter_best=272.680
2026-02-23 21:42:04 | INFO | underwater_sensor_ga.pso | PSO iter 1060/1250 | best_global_cost=272.680 | iter_best=274.232
2026-02-23 21:42:04 | INFO | underwater_sensor_ga.pso | PSO iter 1061/1250 | best_global_cost=272.680 | iter_best=272.680
2026-02-23 21:42:04 | INFO | underwater_sensor_ga.pso | PSO iter 1062/1250 | best_global_cost=272.680 | iter_best=275.220
2026-02-23 21:42:04 | INFO | underwater_sensor_ga.pso | PSO iter 1063/1250 | best_global_cost=272.680 | iter_best=273.595
2026-02-23 21:42:04 | INFO | underwater_sensor_ga.pso | PSO iter 1064/1250 | best_global_cost=272.680 | iter_best=272.680
2026-02-23 21:42:04 | INFO | underwater_sensor_ga.pso | PSO iter 1065/1250 | best_global_cost=272.680 | iter_best=272.680
2026-02-23 21:42:04 | INFO | underwater_sensor_ga.pso | PSO iter 1066/1250 | best_global_cost=272.680 | iter_best=275.220
2026-02-23 21:42:04 | INFO | underwater_sensor_ga.pso | PSO iter 1067/1250 | best_global_cost=272.680 | iter_best=275.220
2026-02-23 21:42:04 | INFO | underwater_sensor_ga.pso | PSO iter 1068/1250 | best_global_cost=272.680 | iter_best=272.680
2026-02-23 21:42:04 | INFO | underwater_sensor_ga.pso | PSO iter 1069/1250 | best_global_cost=272.680 | iter_best=273.506
2026-02-23 21:42:04 | INFO | underwater_sensor_ga.pso | PSO iter 1070/1250 | best_global_cost=272.680 | iter_best=274.918
2026-02-23 21:42:04 | INFO | underwater_sensor_ga.pso | PSO iter 1071/1250 | best_global_cost=272.680 | iter_best=274.232
2026-02-23 21:42:04 | INFO | underwater_sensor_ga.pso | PSO iter 1072/1250 | best_global_cost=272.680 | iter_best=272.680
2026-02-23 21:42:04 | INFO | underwater_sensor_ga.pso | PSO iter 1073/1250 | best_global_cost=272.680 | iter_best=273.595
2026-02-23 21:42:04 | INFO | underwater_sensor_ga.pso | PSO iter 1074/1250 | best_global_cost=272.680 | iter_best=272.680
2026-02-23 21:42:04 | INFO | underwater_sensor_ga.pso | PSO iter 1075/1250 | best_global_cost=272.680 | iter_best=275.220
2026-02-23 21:42:04 | INFO | underwater_sensor_ga.pso | PSO iter 1076/1250 | best_global_cost=272.680 | iter_best=274.232
2026-02-23 21:42:04 | INFO | underwater_sensor_ga.pso | PSO iter 1077/1250 | best_global_cost=272.680 | iter_best=273.506
2026-02-23 21:42:04 | INFO | underwater_sensor_ga.pso | PSO iter 1078/1250 | best_global_cost=272.680 | iter_best=277.471
2026-02-23 21:42:04 | INFO | underwater_sensor_ga.pso | PSO iter 1079/1250 | best_global_cost=272.680 | iter_best=275.220
2026-02-23 21:42:04 | INFO | underwater_sensor_ga.pso | PSO iter 1080/1250 | best_global_cost=272.680 | iter_best=272.680
2026-02-23 21:42:04 | INFO | underwater_sensor_ga.pso | PSO iter 1081/1250 | best_global_cost=272.680 | iter_best=274.232
2026-02-23 21:42:04 | INFO | underwater_sensor_ga.pso | PSO iter 1082/1250 | best_global_cost=272.680 | iter_best=273.595
2026-02-23 21:42:04 | INFO | underwater_sensor_ga.pso | PSO iter 1083/1250 | best_global_cost=272.680 | iter_best=273.595
2026-02-23 21:42:04 | INFO | underwater_sensor_ga.pso | PSO iter 1084/1250 | best_global_cost=272.680 | iter_best=272.680
2026-02-23 21:42:04 | INFO | underwater_sensor_ga.pso | PSO iter 1085/1250 | best_global_cost=272.680 | iter_best=272.680
2026-02-23 21:42:05 | INFO | underwater_sensor_ga.pso | PSO iter 1086/1250 | best_global_cost=272.680 | iter_best=272.680
2026-02-23 21:42:05 | INFO | underwater_sensor_ga.pso | PSO iter 1087/1250 | best_global_cost=272.680 | iter_best=277.471
2026-02-23 21:42:05 | INFO | underwater_sensor_ga.pso | PSO iter 1088/1250 | best_global_cost=272.680 | iter_best=275.220
2026-02-23 21:42:05 | INFO | underwater_sensor_ga.pso | PSO iter 1089/1250 | best_global_cost=272.680 | iter_best=274.918
2026-02-23 21:42:05 | INFO | underwater_sensor_ga.pso | PSO iter 1090/1250 | best_global_cost=272.680 | iter_best=274.232
2026-02-23 21:42:05 | INFO | underwater_sensor_ga.pso | PSO iter 1091/1250 | best_global_cost=272.680 | iter_best=274.918
2026-02-23 21:42:05 | INFO | underwater_sensor_ga.pso | PSO iter 1092/1250 | best_global_cost=272.680 | iter_best=274.918
2026-02-23 21:42:05 | INFO | underwater_sensor_ga.pso | PSO iter 1093/1250 | best_global_cost=272.680 | iter_best=275.220
2026-02-23 21:42:05 | INFO | underwater_sensor_ga.pso | PSO iter 1094/1250 | best_global_cost=272.680 | iter_best=274.232
2026-02-23 21:42:05 | INFO | underwater_sensor_ga.pso | PSO iter 1095/1250 | best_global_cost=272.680 | iter_best=275.220
2026-02-23 21:42:05 | INFO | underwater_sensor_ga.pso | PSO iter 1096/1250 | best_global_cost=272.680 | iter_best=277.471
2026-02-23 21:42:05 | INFO | underwater_sensor_ga.pso | PSO iter 1097/1250 | best_global_cost=272.680 | iter_best=273.506
2026-02-23 21:42:05 | INFO | underwater_sensor_ga.pso | PSO iter 1098/1250 | best_global_cost=272.680 | iter_best=275.220
2026-02-23 21:42:05 | INFO | underwater_sensor_ga.pso | PSO iter 1099/1250 | best_global_cost=272.680 | iter_best=272.680
2026-02-23 21:42:05 | INFO | underwater_sensor_ga.pso | PSO iter 1100/1250 | best_global_cost=272.680 | iter_best=272.680
2026-02-23 21:42:05 | INFO | underwater_sensor_ga.pso | PSO iter 1101/1250 | best_global_cost=272.680 | iter_best=273.506
2026-02-23 21:42:05 | INFO | underwater_sensor_ga.pso | PSO iter 1102/1250 | best_global_cost=272.680 | iter_best=272.680
2026-02-23 21:42:05 | INFO | underwater_sensor_ga.pso | PSO iter 1103/1250 | best_global_cost=272.680 | iter_best=273.595
2026-02-23 21:42:05 | INFO | underwater_sensor_ga.pso | PSO iter 1104/1250 | best_global_cost=272.680 | iter_best=272.680
2026-02-23 21:42:05 | INFO | underwater_sensor_ga.pso | PSO iter 1105/1250 | best_global_cost=272.680 | iter_best=273.595
2026-02-23 21:42:05 | INFO | underwater_sensor_ga.pso | PSO iter 1106/1250 | best_global_cost=272.680 | iter_best=273.595
2026-02-23 21:42:05 | INFO | underwater_sensor_ga.pso | PSO iter 1107/1250 | best_global_cost=272.680 | iter_best=272.680
2026-02-23 21:42:05 | INFO | underwater_sensor_ga.pso | PSO iter 1108/1250 | best_global_cost=272.680 | iter_best=274.918
2026-02-23 21:42:05 | INFO | underwater_sensor_ga.pso | PSO iter 1109/1250 | best_global_cost=272.680 | iter_best=277.195
2026-02-23 21:42:05 | INFO | underwater_sensor_ga.pso | PSO iter 1110/1250 | best_global_cost=272.680 | iter_best=274.232
2026-02-23 21:42:05 | INFO | underwater_sensor_ga.pso | PSO iter 1111/1250 | best_global_cost=272.680 | iter_best=278.700
2026-02-23 21:42:05 | INFO | underwater_sensor_ga.pso | PSO iter 1112/1250 | best_global_cost=272.680 | iter_best=275.220
2026-02-23 21:42:05 | INFO | underwater_sensor_ga.pso | PSO iter 1113/1250 | best_global_cost=272.680 | iter_best=275.220
2026-02-23 21:42:05 | INFO | underwater_sensor_ga.pso | PSO iter 1114/1250 | best_global_cost=272.680 | iter_best=273.595
2026-02-23 21:42:05 | INFO | underwater_sensor_ga.pso | PSO iter 1115/1250 | best_global_cost=272.680 | iter_best=272.680
2026-02-23 21:42:05 | INFO | underwater_sensor_ga.pso | PSO iter 1116/1250 | best_global_cost=272.680 | iter_best=273.506
2026-02-23 21:42:05 | INFO | underwater_sensor_ga.pso | PSO iter 1117/1250 | best_global_cost=272.680 | iter_best=275.220
2026-02-23 21:42:05 | INFO | underwater_sensor_ga.pso | PSO iter 1118/1250 | best_global_cost=272.680 | iter_best=274.232
2026-02-23 21:42:05 | INFO | underwater_sensor_ga.pso | PSO iter 1119/1250 | best_global_cost=272.680 | iter_best=275.220
2026-02-23 21:42:06 | INFO | underwater_sensor_ga.pso | PSO iter 1120/1250 | best_global_cost=272.680 | iter_best=272.680
2026-02-23 21:42:06 | INFO | underwater_sensor_ga.pso | PSO iter 1121/1250 | best_global_cost=272.680 | iter_best=272.680
2026-02-23 21:42:06 | INFO | underwater_sensor_ga.pso | PSO iter 1122/1250 | best_global_cost=272.680 | iter_best=273.595
2026-02-23 21:42:06 | INFO | underwater_sensor_ga.pso | PSO iter 1123/1250 | best_global_cost=272.680 | iter_best=274.918
2026-02-23 21:42:06 | INFO | underwater_sensor_ga.pso | PSO iter 1124/1250 | best_global_cost=272.680 | iter_best=273.506
2026-02-23 21:42:06 | INFO | underwater_sensor_ga.pso | PSO iter 1125/1250 | best_global_cost=272.680 | iter_best=272.680
2026-02-23 21:42:06 | INFO | underwater_sensor_ga.pso | PSO iter 1126/1250 | best_global_cost=272.680 | iter_best=272.680
2026-02-23 21:42:06 | INFO | underwater_sensor_ga.pso | PSO iter 1127/1250 | best_global_cost=272.680 | iter_best=272.680
2026-02-23 21:42:06 | INFO | underwater_sensor_ga.pso | PSO iter 1128/1250 | best_global_cost=272.680 | iter_best=275.220
2026-02-23 21:42:06 | INFO | underwater_sensor_ga.pso | PSO iter 1129/1250 | best_global_cost=272.680 | iter_best=272.680
2026-02-23 21:42:06 | INFO | underwater_sensor_ga.pso | PSO iter 1130/1250 | best_global_cost=272.680 | iter_best=272.680
2026-02-23 21:42:06 | INFO | underwater_sensor_ga.pso | PSO iter 1131/1250 | best_global_cost=272.680 | iter_best=272.680
2026-02-23 21:42:06 | INFO | underwater_sensor_ga.pso | PSO iter 1132/1250 | best_global_cost=272.680 | iter_best=277.471
2026-02-23 21:42:06 | INFO | underwater_sensor_ga.pso | PSO iter 1133/1250 | best_global_cost=272.680 | iter_best=277.471
2026-02-23 21:42:06 | INFO | underwater_sensor_ga.pso | PSO iter 1134/1250 | best_global_cost=272.680 | iter_best=273.595
2026-02-23 21:42:06 | INFO | underwater_sensor_ga.pso | PSO iter 1135/1250 | best_global_cost=272.680 | iter_best=272.680
2026-02-23 21:42:06 | INFO | underwater_sensor_ga.pso | PSO iter 1136/1250 | best_global_cost=272.680 | iter_best=273.506
2026-02-23 21:42:06 | INFO | underwater_sensor_ga.pso | PSO iter 1137/1250 | best_global_cost=272.680 | iter_best=277.471
2026-02-23 21:42:06 | INFO | underwater_sensor_ga.pso | PSO iter 1138/1250 | best_global_cost=272.680 | iter_best=272.680
2026-02-23 21:42:06 | INFO | underwater_sensor_ga.pso | PSO iter 1139/1250 | best_global_cost=272.680 | iter_best=272.680
2026-02-23 21:42:06 | INFO | underwater_sensor_ga.pso | PSO iter 1140/1250 | best_global_cost=272.680 | iter_best=273.506
2026-02-23 21:42:06 | INFO | underwater_sensor_ga.pso | PSO iter 1141/1250 | best_global_cost=272.680 | iter_best=272.680
2026-02-23 21:42:06 | INFO | underwater_sensor_ga.pso | PSO iter 1142/1250 | best_global_cost=272.680 | iter_best=272.680
2026-02-23 21:42:06 | INFO | underwater_sensor_ga.pso | PSO iter 1143/1250 | best_global_cost=272.680 | iter_best=272.680
2026-02-23 21:42:06 | INFO | underwater_sensor_ga.pso | PSO iter 1144/1250 | best_global_cost=272.680 | iter_best=272.680
2026-02-23 21:42:06 | INFO | underwater_sensor_ga.pso | PSO iter 1145/1250 | best_global_cost=272.680 | iter_best=274.232
2026-02-23 21:42:06 | INFO | underwater_sensor_ga.pso | PSO iter 1146/1250 | best_global_cost=272.680 | iter_best=272.680
2026-02-23 21:42:06 | INFO | underwater_sensor_ga.pso | PSO iter 1147/1250 | best_global_cost=272.680 | iter_best=273.506
2026-02-23 21:42:06 | INFO | underwater_sensor_ga.pso | PSO iter 1148/1250 | best_global_cost=272.680 | iter_best=273.506
2026-02-23 21:42:06 | INFO | underwater_sensor_ga.pso | PSO iter 1149/1250 | best_global_cost=272.680 | iter_best=275.220
2026-02-23 21:42:06 | INFO | underwater_sensor_ga.pso | PSO iter 1150/1250 | best_global_cost=272.680 | iter_best=272.680
2026-02-23 21:42:06 | INFO | underwater_sensor_ga.pso | PSO iter 1151/1250 | best_global_cost=272.680 | iter_best=274.918
2026-02-23 21:42:06 | INFO | underwater_sensor_ga.pso | PSO iter 1152/1250 | best_global_cost=272.680 | iter_best=275.220
2026-02-23 21:42:06 | INFO | underwater_sensor_ga.pso | PSO iter 1153/1250 | best_global_cost=272.680 | iter_best=272.680
2026-02-23 21:42:06 | INFO | underwater_sensor_ga.pso | PSO iter 1154/1250 | best_global_cost=272.680 | iter_best=272.680
2026-02-23 21:42:07 | INFO | underwater_sensor_ga.pso | PSO iter 1155/1250 | best_global_cost=272.680 | iter_best=273.506
2026-02-23 21:42:07 | INFO | underwater_sensor_ga.pso | PSO iter 1156/1250 | best_global_cost=272.680 | iter_best=272.680
2026-02-23 21:42:07 | INFO | underwater_sensor_ga.pso | PSO iter 1157/1250 | best_global_cost=272.680 | iter_best=272.680
2026-02-23 21:42:07 | INFO | underwater_sensor_ga.pso | PSO iter 1158/1250 | best_global_cost=272.680 | iter_best=275.220
2026-02-23 21:42:07 | INFO | underwater_sensor_ga.pso | PSO iter 1159/1250 | best_global_cost=272.680 | iter_best=275.220
2026-02-23 21:42:07 | INFO | underwater_sensor_ga.pso | PSO iter 1160/1250 | best_global_cost=272.680 | iter_best=272.680
2026-02-23 21:42:07 | INFO | underwater_sensor_ga.pso | PSO iter 1161/1250 | best_global_cost=272.680 | iter_best=274.918
2026-02-23 21:42:07 | INFO | underwater_sensor_ga.pso | PSO iter 1162/1250 | best_global_cost=272.680 | iter_best=274.918
2026-02-23 21:42:07 | INFO | underwater_sensor_ga.pso | PSO iter 1163/1250 | best_global_cost=272.680 | iter_best=272.680
2026-02-23 21:42:07 | INFO | underwater_sensor_ga.pso | PSO iter 1164/1250 | best_global_cost=272.680 | iter_best=272.680
2026-02-23 21:42:07 | INFO | underwater_sensor_ga.pso | PSO iter 1165/1250 | best_global_cost=272.680 | iter_best=274.918
2026-02-23 21:42:07 | INFO | underwater_sensor_ga.pso | PSO iter 1166/1250 | best_global_cost=272.680 | iter_best=275.220
2026-02-23 21:42:07 | INFO | underwater_sensor_ga.pso | PSO iter 1167/1250 | best_global_cost=272.680 | iter_best=272.680
2026-02-23 21:42:07 | INFO | underwater_sensor_ga.pso | PSO iter 1168/1250 | best_global_cost=272.680 | iter_best=274.918
2026-02-23 21:42:07 | INFO | underwater_sensor_ga.pso | PSO iter 1169/1250 | best_global_cost=272.680 | iter_best=272.680
2026-02-23 21:42:07 | INFO | underwater_sensor_ga.pso | PSO iter 1170/1250 | best_global_cost=272.680 | iter_best=272.680
2026-02-23 21:42:07 | INFO | underwater_sensor_ga.pso | PSO iter 1171/1250 | best_global_cost=272.680 | iter_best=272.680
2026-02-23 21:42:07 | INFO | underwater_sensor_ga.pso | PSO iter 1172/1250 | best_global_cost=272.680 | iter_best=274.232
2026-02-23 21:42:07 | INFO | underwater_sensor_ga.pso | PSO iter 1173/1250 | best_global_cost=272.680 | iter_best=272.680
2026-02-23 21:42:07 | INFO | underwater_sensor_ga.pso | PSO iter 1174/1250 | best_global_cost=272.680 | iter_best=273.506
2026-02-23 21:42:07 | INFO | underwater_sensor_ga.pso | PSO iter 1175/1250 | best_global_cost=272.680 | iter_best=273.506
2026-02-23 21:42:07 | INFO | underwater_sensor_ga.pso | PSO iter 1176/1250 | best_global_cost=272.680 | iter_best=273.595
2026-02-23 21:42:07 | INFO | underwater_sensor_ga.pso | PSO iter 1177/1250 | best_global_cost=272.680 | iter_best=277.471
2026-02-23 21:42:07 | INFO | underwater_sensor_ga.pso | PSO iter 1178/1250 | best_global_cost=272.680 | iter_best=272.680
2026-02-23 21:42:07 | INFO | underwater_sensor_ga.pso | PSO iter 1179/1250 | best_global_cost=272.680 | iter_best=273.506
2026-02-23 21:42:07 | INFO | underwater_sensor_ga.pso | PSO iter 1180/1250 | best_global_cost=272.680 | iter_best=274.918
2026-02-23 21:42:07 | INFO | underwater_sensor_ga.pso | PSO iter 1181/1250 | best_global_cost=272.680 | iter_best=272.680
2026-02-23 21:42:07 | INFO | underwater_sensor_ga.pso | PSO iter 1182/1250 | best_global_cost=272.680 | iter_best=272.680
2026-02-23 21:42:07 | INFO | underwater_sensor_ga.pso | PSO iter 1183/1250 | best_global_cost=272.680 | iter_best=272.680
2026-02-23 21:42:07 | INFO | underwater_sensor_ga.pso | PSO iter 1184/1250 | best_global_cost=272.680 | iter_best=274.918
2026-02-23 21:42:07 | INFO | underwater_sensor_ga.pso | PSO iter 1185/1250 | best_global_cost=272.680 | iter_best=274.918
2026-02-23 21:42:07 | INFO | underwater_sensor_ga.pso | PSO iter 1186/1250 | best_global_cost=272.680 | iter_best=273.595
2026-02-23 21:42:07 | INFO | underwater_sensor_ga.pso | PSO iter 1187/1250 | best_global_cost=272.680 | iter_best=272.680
2026-02-23 21:42:08 | INFO | underwater_sensor_ga.pso | PSO iter 1188/1250 | best_global_cost=272.680 | iter_best=275.220
2026-02-23 21:42:08 | INFO | underwater_sensor_ga.pso | PSO iter 1189/1250 | best_global_cost=272.680 | iter_best=274.232
2026-02-23 21:42:08 | INFO | underwater_sensor_ga.pso | PSO iter 1190/1250 | best_global_cost=272.680 | iter_best=275.220
2026-02-23 21:42:08 | INFO | underwater_sensor_ga.pso | PSO iter 1191/1250 | best_global_cost=272.680 | iter_best=275.220
2026-02-23 21:42:08 | INFO | underwater_sensor_ga.pso | PSO iter 1192/1250 | best_global_cost=272.680 | iter_best=273.595
2026-02-23 21:42:08 | INFO | underwater_sensor_ga.pso | PSO iter 1193/1250 | best_global_cost=272.680 | iter_best=273.595
2026-02-23 21:42:08 | INFO | underwater_sensor_ga.pso | PSO iter 1194/1250 | best_global_cost=272.680 | iter_best=272.680
2026-02-23 21:42:08 | INFO | underwater_sensor_ga.pso | PSO iter 1195/1250 | best_global_cost=272.680 | iter_best=275.220
2026-02-23 21:42:08 | INFO | underwater_sensor_ga.pso | PSO iter 1196/1250 | best_global_cost=272.680 | iter_best=272.680
2026-02-23 21:42:08 | INFO | underwater_sensor_ga.pso | PSO iter 1197/1250 | best_global_cost=272.680 | iter_best=272.680
2026-02-23 21:42:08 | INFO | underwater_sensor_ga.pso | PSO iter 1198/1250 | best_global_cost=272.680 | iter_best=274.918
2026-02-23 21:42:08 | INFO | underwater_sensor_ga.pso | PSO iter 1199/1250 | best_global_cost=272.680 | iter_best=274.918
2026-02-23 21:42:08 | INFO | underwater_sensor_ga.pso | PSO iter 1200/1250 | best_global_cost=272.680 | iter_best=273.506
2026-02-23 21:42:08 | INFO | underwater_sensor_ga.pso | PSO iter 1201/1250 | best_global_cost=272.680 | iter_best=275.220
2026-02-23 21:42:08 | INFO | underwater_sensor_ga.pso | PSO iter 1202/1250 | best_global_cost=272.680 | iter_best=274.918
2026-02-23 21:42:08 | INFO | underwater_sensor_ga.pso | PSO iter 1203/1250 | best_global_cost=272.680 | iter_best=272.680
2026-02-23 21:42:08 | INFO | underwater_sensor_ga.pso | PSO iter 1204/1250 | best_global_cost=272.680 | iter_best=272.680
2026-02-23 21:42:08 | INFO | underwater_sensor_ga.pso | PSO iter 1205/1250 | best_global_cost=272.680 | iter_best=274.918
2026-02-23 21:42:08 | INFO | underwater_sensor_ga.pso | PSO iter 1206/1250 | best_global_cost=272.680 | iter_best=274.918
2026-02-23 21:42:08 | INFO | underwater_sensor_ga.pso | PSO iter 1207/1250 | best_global_cost=272.680 | iter_best=274.918
2026-02-23 21:42:08 | INFO | underwater_sensor_ga.pso | PSO iter 1208/1250 | best_global_cost=272.680 | iter_best=272.680
2026-02-23 21:42:08 | INFO | underwater_sensor_ga.pso | PSO iter 1209/1250 | best_global_cost=272.680 | iter_best=272.680
2026-02-23 21:42:08 | INFO | underwater_sensor_ga.pso | PSO iter 1210/1250 | best_global_cost=272.680 | iter_best=273.506
2026-02-23 21:42:08 | INFO | underwater_sensor_ga.pso | PSO iter 1211/1250 | best_global_cost=272.680 | iter_best=274.918
2026-02-23 21:42:08 | INFO | underwater_sensor_ga.pso | PSO iter 1212/1250 | best_global_cost=272.680 | iter_best=272.680
2026-02-23 21:42:08 | INFO | underwater_sensor_ga.pso | PSO iter 1213/1250 | best_global_cost=272.680 | iter_best=274.232
2026-02-23 21:42:08 | INFO | underwater_sensor_ga.pso | PSO iter 1214/1250 | best_global_cost=272.680 | iter_best=273.595
2026-02-23 21:42:08 | INFO | underwater_sensor_ga.pso | PSO iter 1215/1250 | best_global_cost=272.680 | iter_best=273.595
2026-02-23 21:42:08 | INFO | underwater_sensor_ga.pso | PSO iter 1216/1250 | best_global_cost=272.680 | iter_best=274.918
2026-02-23 21:42:08 | INFO | underwater_sensor_ga.pso | PSO iter 1217/1250 | best_global_cost=272.680 | iter_best=275.220
2026-02-23 21:42:08 | INFO | underwater_sensor_ga.pso | PSO iter 1218/1250 | best_global_cost=272.680 | iter_best=273.595
2026-02-23 21:42:08 | INFO | underwater_sensor_ga.pso | PSO iter 1219/1250 | best_global_cost=272.680 | iter_best=272.680
2026-02-23 21:42:08 | INFO | underwater_sensor_ga.pso | PSO iter 1220/1250 | best_global_cost=272.680 | iter_best=273.595
2026-02-23 21:42:08 | INFO | underwater_sensor_ga.pso | PSO iter 1221/1250 | best_global_cost=272.680 | iter_best=272.680
2026-02-23 21:42:08 | INFO | underwater_sensor_ga.pso | PSO iter 1222/1250 | best_global_cost=272.680 | iter_best=272.680
2026-02-23 21:42:09 | INFO | underwater_sensor_ga.pso | PSO iter 1223/1250 | best_global_cost=272.680 | iter_best=272.680
2026-02-23 21:42:09 | INFO | underwater_sensor_ga.pso | PSO iter 1224/1250 | best_global_cost=272.680 | iter_best=275.220
2026-02-23 21:42:09 | INFO | underwater_sensor_ga.pso | PSO iter 1225/1250 | best_global_cost=272.680 | iter_best=272.680
2026-02-23 21:42:09 | INFO | underwater_sensor_ga.pso | PSO iter 1226/1250 | best_global_cost=272.680 | iter_best=273.506
2026-02-23 21:42:09 | INFO | underwater_sensor_ga.pso | PSO iter 1227/1250 | best_global_cost=272.680 | iter_best=274.918
2026-02-23 21:42:09 | INFO | underwater_sensor_ga.pso | PSO iter 1228/1250 | best_global_cost=272.680 | iter_best=273.595
2026-02-23 21:42:09 | INFO | underwater_sensor_ga.pso | PSO iter 1229/1250 | best_global_cost=272.680 | iter_best=273.595
2026-02-23 21:42:09 | INFO | underwater_sensor_ga.pso | PSO iter 1230/1250 | best_global_cost=272.680 | iter_best=274.918
2026-02-23 21:42:09 | INFO | underwater_sensor_ga.pso | PSO iter 1231/1250 | best_global_cost=272.680 | iter_best=274.918
2026-02-23 21:42:09 | INFO | underwater_sensor_ga.pso | PSO iter 1232/1250 | best_global_cost=272.680 | iter_best=272.680
2026-02-23 21:42:09 | INFO | underwater_sensor_ga.pso | PSO iter 1233/1250 | best_global_cost=272.680 | iter_best=272.680
2026-02-23 21:42:09 | INFO | underwater_sensor_ga.pso | PSO iter 1234/1250 | best_global_cost=272.680 | iter_best=272.680
2026-02-23 21:42:09 | INFO | underwater_sensor_ga.pso | PSO iter 1235/1250 | best_global_cost=272.680 | iter_best=274.918
2026-02-23 21:42:09 | INFO | underwater_sensor_ga.pso | PSO iter 1236/1250 | best_global_cost=272.680 | iter_best=275.220
2026-02-23 21:42:09 | INFO | underwater_sensor_ga.pso | PSO iter 1237/1250 | best_global_cost=272.680 | iter_best=274.232
2026-02-23 21:42:09 | INFO | underwater_sensor_ga.pso | PSO iter 1238/1250 | best_global_cost=272.680 | iter_best=272.680
2026-02-23 21:42:09 | INFO | underwater_sensor_ga.pso | PSO iter 1239/1250 | best_global_cost=272.680 | iter_best=273.595
2026-02-23 21:42:09 | INFO | underwater_sensor_ga.pso | PSO iter 1240/1250 | best_global_cost=272.680 | iter_best=272.680
2026-02-23 21:42:09 | INFO | underwater_sensor_ga.pso | PSO iter 1241/1250 | best_global_cost=272.680 | iter_best=273.595
2026-02-23 21:42:09 | INFO | underwater_sensor_ga.pso | PSO iter 1242/1250 | best_global_cost=272.680 | iter_best=273.595
2026-02-23 21:42:09 | INFO | underwater_sensor_ga.pso | PSO iter 1243/1250 | best_global_cost=272.680 | iter_best=272.680
2026-02-23 21:42:09 | INFO | underwater_sensor_ga.pso | PSO iter 1244/1250 | best_global_cost=272.680 | iter_best=274.232
2026-02-23 21:42:09 | INFO | underwater_sensor_ga.pso | PSO iter 1245/1250 | best_global_cost=272.680 | iter_best=272.680
2026-02-23 21:42:09 | INFO | underwater_sensor_ga.pso | PSO iter 1246/1250 | best_global_cost=272.680 | iter_best=272.680
2026-02-23 21:42:09 | INFO | underwater_sensor_ga.pso | PSO iter 1247/1250 | best_global_cost=272.680 | iter_best=275.220
2026-02-23 21:42:09 | INFO | underwater_sensor_ga.pso | PSO iter 1248/1250 | best_global_cost=272.680 | iter_best=272.680
2026-02-23 21:42:09 | INFO | underwater_sensor_ga.pso | PSO iter 1249/1250 | best_global_cost=272.680 | iter_best=274.918
2026-02-23 21:42:09 | INFO | underwater_sensor_ga.pso | PSO iter 1250/1250 | best_global_cost=272.680 | iter_best=272.680
2026-02-23 21:42:09 | INFO | underwater_sensor_ga.pso_runner | Final PSO best cost (N=3): 272.680
2026-02-23 21:42:09 | INFO | underwater_sensor_ga.pso_runner | ================================================================================
2026-02-23 21:42:09 | INFO | underwater_sensor_ga.pso_runner | Running PSO for number_of_sensors=4
2026-02-23 21:42:09 | INFO | underwater_sensor_ga.pso | PSO seeds | pso_seed=321 | scenario_seed=123
2026-02-23 21:42:10 | INFO | underwater_sensor_ga.pso | PSO iter 1/1250 | best_global_cost=28.053 | iter_best=28.053
2026-02-23 21:42:10 | INFO | underwater_sensor_ga.pso | PSO iter 2/1250 | best_global_cost=20.773 | iter_best=20.773
2026-02-23 21:42:10 | INFO | underwater_sensor_ga.pso | PSO iter 3/1250 | best_global_cost=20.773 | iter_best=24.512
2026-02-23 21:42:10 | INFO | underwater_sensor_ga.pso | PSO iter 4/1250 | best_global_cost=20.773 | iter_best=27.403
2026-02-23 21:42:10 | INFO | underwater_sensor_ga.pso | PSO iter 5/1250 | best_global_cost=12.991 | iter_best=12.991
2026-02-23 21:42:10 | INFO | underwater_sensor_ga.pso | PSO iter 6/1250 | best_global_cost=12.991 | iter_best=24.442
2026-02-23 21:42:10 | INFO | underwater_sensor_ga.pso | PSO iter 7/1250 | best_global_cost=12.991 | iter_best=16.008
2026-02-23 21:42:11 | INFO | underwater_sensor_ga.pso | PSO iter 8/1250 | best_global_cost=12.991 | iter_best=17.609
2026-02-23 21:42:11 | INFO | underwater_sensor_ga.pso | PSO iter 9/1250 | best_global_cost=12.991 | iter_best=21.878
2026-02-23 21:42:11 | INFO | underwater_sensor_ga.pso | PSO iter 10/1250 | best_global_cost=12.312 | iter_best=12.312
2026-02-23 21:42:11 | INFO | underwater_sensor_ga.pso | PSO iter 11/1250 | best_global_cost=12.312 | iter_best=16.955
2026-02-23 21:42:11 | INFO | underwater_sensor_ga.pso | PSO iter 12/1250 | best_global_cost=12.312 | iter_best=18.437
2026-02-23 21:42:11 | INFO | underwater_sensor_ga.pso | PSO iter 13/1250 | best_global_cost=12.312 | iter_best=34.726
2026-02-23 21:42:11 | INFO | underwater_sensor_ga.pso | PSO iter 14/1250 | best_global_cost=12.312 | iter_best=21.644
2026-02-23 21:42:11 | INFO | underwater_sensor_ga.pso | PSO iter 15/1250 | best_global_cost=12.312 | iter_best=22.490
2026-02-23 21:42:12 | INFO | underwater_sensor_ga.pso | PSO iter 16/1250 | best_global_cost=12.312 | iter_best=28.647
2026-02-23 21:42:12 | INFO | underwater_sensor_ga.pso | PSO iter 17/1250 | best_global_cost=12.312 | iter_best=31.338
2026-02-23 21:42:12 | INFO | underwater_sensor_ga.pso | PSO iter 18/1250 | best_global_cost=12.312 | iter_best=20.040
2026-02-23 21:42:12 | INFO | underwater_sensor_ga.pso | PSO iter 19/1250 | best_global_cost=12.312 | iter_best=32.415
2026-02-23 21:42:12 | INFO | underwater_sensor_ga.pso | PSO iter 20/1250 | best_global_cost=12.312 | iter_best=17.827
2026-02-23 21:42:12 | INFO | underwater_sensor_ga.pso | PSO iter 21/1250 | best_global_cost=12.312 | iter_best=30.372
2026-02-23 21:42:12 | INFO | underwater_sensor_ga.pso | PSO iter 22/1250 | best_global_cost=12.312 | iter_best=26.499
2026-02-23 21:42:12 | INFO | underwater_sensor_ga.pso | PSO iter 23/1250 | best_global_cost=12.312 | iter_best=23.701
2026-02-23 21:42:12 | INFO | underwater_sensor_ga.pso | PSO iter 24/1250 | best_global_cost=12.312 | iter_best=14.328
2026-02-23 21:42:12 | INFO | underwater_sensor_ga.pso | PSO iter 25/1250 | best_global_cost=12.312 | iter_best=21.502
2026-02-23 21:42:13 | INFO | underwater_sensor_ga.pso | PSO iter 26/1250 | best_global_cost=12.312 | iter_best=14.637
2026-02-23 21:42:13 | INFO | underwater_sensor_ga.pso | PSO iter 27/1250 | best_global_cost=12.312 | iter_best=23.711
2026-02-23 21:42:13 | INFO | underwater_sensor_ga.pso | PSO iter 28/1250 | best_global_cost=12.312 | iter_best=24.037
2026-02-23 21:42:13 | INFO | underwater_sensor_ga.pso | PSO iter 29/1250 | best_global_cost=12.312 | iter_best=18.706
2026-02-23 21:42:13 | INFO | underwater_sensor_ga.pso | PSO iter 30/1250 | best_global_cost=12.312 | iter_best=21.543
2026-02-23 21:42:13 | INFO | underwater_sensor_ga.pso | PSO iter 31/1250 | best_global_cost=12.312 | iter_best=23.892
2026-02-23 21:42:13 | INFO | underwater_sensor_ga.pso | PSO iter 32/1250 | best_global_cost=12.312 | iter_best=39.728
2026-02-23 21:42:13 | INFO | underwater_sensor_ga.pso | PSO iter 33/1250 | best_global_cost=12.312 | iter_best=24.510
2026-02-23 21:42:13 | INFO | underwater_sensor_ga.pso | PSO iter 34/1250 | best_global_cost=12.312 | iter_best=29.302
2026-02-23 21:42:14 | INFO | underwater_sensor_ga.pso | PSO iter 35/1250 | best_global_cost=12.312 | iter_best=20.590
2026-02-23 21:42:14 | INFO | underwater_sensor_ga.pso | PSO iter 36/1250 | best_global_cost=12.312 | iter_best=19.159
2026-02-23 21:42:14 | INFO | underwater_sensor_ga.pso | PSO iter 37/1250 | best_global_cost=12.312 | iter_best=17.484
2026-02-23 21:42:14 | INFO | underwater_sensor_ga.pso | PSO iter 38/1250 | best_global_cost=12.312 | iter_best=20.464
2026-02-23 21:42:14 | INFO | underwater_sensor_ga.pso | PSO iter 39/1250 | best_global_cost=12.312 | iter_best=26.328
2026-02-23 21:42:14 | INFO | underwater_sensor_ga.pso | PSO iter 40/1250 | best_global_cost=12.312 | iter_best=14.232
2026-02-23 21:42:14 | INFO | underwater_sensor_ga.pso | PSO iter 41/1250 | best_global_cost=12.312 | iter_best=13.804
2026-02-23 21:42:14 | INFO | underwater_sensor_ga.pso | PSO iter 42/1250 | best_global_cost=12.312 | iter_best=21.931
2026-02-23 21:42:14 | INFO | underwater_sensor_ga.pso | PSO iter 43/1250 | best_global_cost=12.312 | iter_best=18.745
2026-02-23 21:42:14 | INFO | underwater_sensor_ga.pso | PSO iter 44/1250 | best_global_cost=12.312 | iter_best=29.902
2026-02-23 21:42:15 | INFO | underwater_sensor_ga.pso | PSO iter 45/1250 | best_global_cost=12.312 | iter_best=22.894
2026-02-23 21:42:15 | INFO | underwater_sensor_ga.pso | PSO iter 46/1250 | best_global_cost=12.312 | iter_best=24.676
2026-02-23 21:42:15 | INFO | underwater_sensor_ga.pso | PSO iter 47/1250 | best_global_cost=12.312 | iter_best=27.253
2026-02-23 21:42:15 | INFO | underwater_sensor_ga.pso | PSO iter 48/1250 | best_global_cost=12.312 | iter_best=25.264
2026-02-23 21:42:15 | INFO | underwater_sensor_ga.pso | PSO iter 49/1250 | best_global_cost=12.312 | iter_best=15.819
2026-02-23 21:42:15 | INFO | underwater_sensor_ga.pso | PSO iter 50/1250 | best_global_cost=11.120 | iter_best=11.120
2026-02-23 21:42:15 | INFO | underwater_sensor_ga.pso | PSO iter 51/1250 | best_global_cost=11.120 | iter_best=22.587
2026-02-23 21:42:15 | INFO | underwater_sensor_ga.pso | PSO iter 52/1250 | best_global_cost=11.120 | iter_best=23.229
2026-02-23 21:42:15 | INFO | underwater_sensor_ga.pso | PSO iter 53/1250 | best_global_cost=11.120 | iter_best=25.743
2026-02-23 21:42:16 | INFO | underwater_sensor_ga.pso | PSO iter 54/1250 | best_global_cost=11.120 | iter_best=16.720
2026-02-23 21:42:16 | INFO | underwater_sensor_ga.pso | PSO iter 55/1250 | best_global_cost=11.120 | iter_best=16.495
2026-02-23 21:42:16 | INFO | underwater_sensor_ga.pso | PSO iter 56/1250 | best_global_cost=11.120 | iter_best=18.546
2026-02-23 21:42:16 | INFO | underwater_sensor_ga.pso | PSO iter 57/1250 | best_global_cost=11.120 | iter_best=20.198
2026-02-23 21:42:16 | INFO | underwater_sensor_ga.pso | PSO iter 58/1250 | best_global_cost=11.120 | iter_best=22.624
2026-02-23 21:42:16 | INFO | underwater_sensor_ga.pso | PSO iter 59/1250 | best_global_cost=11.120 | iter_best=30.585
2026-02-23 21:42:16 | INFO | underwater_sensor_ga.pso | PSO iter 60/1250 | best_global_cost=11.120 | iter_best=19.806
2026-02-23 21:42:16 | INFO | underwater_sensor_ga.pso | PSO iter 61/1250 | best_global_cost=11.120 | iter_best=18.646
2026-02-23 21:42:16 | INFO | underwater_sensor_ga.pso | PSO iter 62/1250 | best_global_cost=11.120 | iter_best=21.067
2026-02-23 21:42:17 | INFO | underwater_sensor_ga.pso | PSO iter 63/1250 | best_global_cost=11.120 | iter_best=20.391
2026-02-23 21:42:17 | INFO | underwater_sensor_ga.pso | PSO iter 64/1250 | best_global_cost=11.120 | iter_best=26.447
2026-02-23 21:42:17 | INFO | underwater_sensor_ga.pso | PSO iter 65/1250 | best_global_cost=11.120 | iter_best=29.927
2026-02-23 21:42:17 | INFO | underwater_sensor_ga.pso | PSO iter 66/1250 | best_global_cost=11.120 | iter_best=22.325
2026-02-23 21:42:17 | INFO | underwater_sensor_ga.pso | PSO iter 67/1250 | best_global_cost=11.120 | iter_best=20.609
2026-02-23 21:42:17 | INFO | underwater_sensor_ga.pso | PSO iter 68/1250 | best_global_cost=11.120 | iter_best=13.572
2026-02-23 21:42:17 | INFO | underwater_sensor_ga.pso | PSO iter 69/1250 | best_global_cost=11.120 | iter_best=18.212
2026-02-23 21:42:17 | INFO | underwater_sensor_ga.pso | PSO iter 70/1250 | best_global_cost=11.120 | iter_best=18.606
2026-02-23 21:42:17 | INFO | underwater_sensor_ga.pso | PSO iter 71/1250 | best_global_cost=11.120 | iter_best=16.855
2026-02-23 21:42:18 | INFO | underwater_sensor_ga.pso | PSO iter 72/1250 | best_global_cost=11.120 | iter_best=15.532
2026-02-23 21:42:18 | INFO | underwater_sensor_ga.pso | PSO iter 73/1250 | best_global_cost=11.120 | iter_best=14.234
2026-02-23 21:42:18 | INFO | underwater_sensor_ga.pso | PSO iter 74/1250 | best_global_cost=11.120 | iter_best=20.020
2026-02-23 21:42:18 | INFO | underwater_sensor_ga.pso | PSO iter 75/1250 | best_global_cost=11.120 | iter_best=22.296
2026-02-23 21:42:18 | INFO | underwater_sensor_ga.pso | PSO iter 76/1250 | best_global_cost=11.120 | iter_best=38.778
2026-02-23 21:42:18 | INFO | underwater_sensor_ga.pso | PSO iter 77/1250 | best_global_cost=11.120 | iter_best=21.145
2026-02-23 21:42:18 | INFO | underwater_sensor_ga.pso | PSO iter 78/1250 | best_global_cost=11.120 | iter_best=21.247
2026-02-23 21:42:18 | INFO | underwater_sensor_ga.pso | PSO iter 79/1250 | best_global_cost=11.120 | iter_best=20.492
2026-02-23 21:42:18 | INFO | underwater_sensor_ga.pso | PSO iter 80/1250 | best_global_cost=11.120 | iter_best=26.535
2026-02-23 21:42:18 | INFO | underwater_sensor_ga.pso | PSO iter 81/1250 | best_global_cost=11.120 | iter_best=12.168
2026-02-23 21:42:19 | INFO | underwater_sensor_ga.pso | PSO iter 82/1250 | best_global_cost=11.120 | iter_best=22.267
2026-02-23 21:42:19 | INFO | underwater_sensor_ga.pso | PSO iter 83/1250 | best_global_cost=11.120 | iter_best=28.152
2026-02-23 21:42:19 | INFO | underwater_sensor_ga.pso | PSO iter 84/1250 | best_global_cost=11.120 | iter_best=19.661
2026-02-23 21:42:19 | INFO | underwater_sensor_ga.pso | PSO iter 85/1250 | best_global_cost=11.120 | iter_best=22.179
2026-02-23 21:42:19 | INFO | underwater_sensor_ga.pso | PSO iter 86/1250 | best_global_cost=11.120 | iter_best=25.319
2026-02-23 21:42:19 | INFO | underwater_sensor_ga.pso | PSO iter 87/1250 | best_global_cost=11.120 | iter_best=17.474
2026-02-23 21:42:19 | INFO | underwater_sensor_ga.pso | PSO iter 88/1250 | best_global_cost=11.120 | iter_best=30.743
2026-02-23 21:42:19 | INFO | underwater_sensor_ga.pso | PSO iter 89/1250 | best_global_cost=11.120 | iter_best=28.139
2026-02-23 21:42:19 | INFO | underwater_sensor_ga.pso | PSO iter 90/1250 | best_global_cost=11.120 | iter_best=16.518
2026-02-23 21:42:20 | INFO | underwater_sensor_ga.pso | PSO iter 91/1250 | best_global_cost=11.120 | iter_best=29.781
2026-02-23 21:42:20 | INFO | underwater_sensor_ga.pso | PSO iter 92/1250 | best_global_cost=11.120 | iter_best=26.312
2026-02-23 21:42:20 | INFO | underwater_sensor_ga.pso | PSO iter 93/1250 | best_global_cost=11.120 | iter_best=15.849
2026-02-23 21:42:20 | INFO | underwater_sensor_ga.pso | PSO iter 94/1250 | best_global_cost=11.120 | iter_best=24.920
2026-02-23 21:42:20 | INFO | underwater_sensor_ga.pso | PSO iter 95/1250 | best_global_cost=11.120 | iter_best=20.091
2026-02-23 21:42:20 | INFO | underwater_sensor_ga.pso | PSO iter 96/1250 | best_global_cost=11.120 | iter_best=31.840
2026-02-23 21:42:20 | INFO | underwater_sensor_ga.pso | PSO iter 97/1250 | best_global_cost=11.120 | iter_best=27.809
2026-02-23 21:42:20 | INFO | underwater_sensor_ga.pso | PSO iter 98/1250 | best_global_cost=11.120 | iter_best=21.844
2026-02-23 21:42:20 | INFO | underwater_sensor_ga.pso | PSO iter 99/1250 | best_global_cost=11.120 | iter_best=29.686
2026-02-23 21:42:20 | INFO | underwater_sensor_ga.pso | PSO iter 100/1250 | best_global_cost=11.120 | iter_best=15.395
2026-02-23 21:42:21 | INFO | underwater_sensor_ga.pso | PSO iter 101/1250 | best_global_cost=11.120 | iter_best=28.499
2026-02-23 21:42:21 | INFO | underwater_sensor_ga.pso | PSO iter 102/1250 | best_global_cost=11.120 | iter_best=20.169
2026-02-23 21:42:21 | INFO | underwater_sensor_ga.pso | PSO iter 103/1250 | best_global_cost=11.120 | iter_best=18.706
2026-02-23 21:42:21 | INFO | underwater_sensor_ga.pso | PSO iter 104/1250 | best_global_cost=11.120 | iter_best=24.358
2026-02-23 21:42:21 | INFO | underwater_sensor_ga.pso | PSO iter 105/1250 | best_global_cost=11.120 | iter_best=17.561
2026-02-23 21:42:21 | INFO | underwater_sensor_ga.pso | PSO iter 106/1250 | best_global_cost=11.120 | iter_best=13.881
2026-02-23 21:42:21 | INFO | underwater_sensor_ga.pso | PSO iter 107/1250 | best_global_cost=11.120 | iter_best=21.989
2026-02-23 21:42:21 | INFO | underwater_sensor_ga.pso | PSO iter 108/1250 | best_global_cost=11.120 | iter_best=17.425
2026-02-23 21:42:21 | INFO | underwater_sensor_ga.pso | PSO iter 109/1250 | best_global_cost=11.120 | iter_best=23.001
2026-02-23 21:42:22 | INFO | underwater_sensor_ga.pso | PSO iter 110/1250 | best_global_cost=11.120 | iter_best=32.747
2026-02-23 21:42:22 | INFO | underwater_sensor_ga.pso | PSO iter 111/1250 | best_global_cost=11.120 | iter_best=26.644
2026-02-23 21:42:22 | INFO | underwater_sensor_ga.pso | PSO iter 112/1250 | best_global_cost=11.120 | iter_best=24.138
2026-02-23 21:42:22 | INFO | underwater_sensor_ga.pso | PSO iter 113/1250 | best_global_cost=11.120 | iter_best=15.818
2026-02-23 21:42:22 | INFO | underwater_sensor_ga.pso | PSO iter 114/1250 | best_global_cost=11.120 | iter_best=27.460
2026-02-23 21:42:22 | INFO | underwater_sensor_ga.pso | PSO iter 115/1250 | best_global_cost=11.120 | iter_best=17.598
2026-02-23 21:42:22 | INFO | underwater_sensor_ga.pso | PSO iter 116/1250 | best_global_cost=11.120 | iter_best=15.562
2026-02-23 21:42:22 | INFO | underwater_sensor_ga.pso | PSO iter 117/1250 | best_global_cost=11.120 | iter_best=14.005
2026-02-23 21:42:22 | INFO | underwater_sensor_ga.pso | PSO iter 118/1250 | best_global_cost=11.120 | iter_best=21.977
2026-02-23 21:42:22 | INFO | underwater_sensor_ga.pso | PSO iter 119/1250 | best_global_cost=11.120 | iter_best=16.067
2026-02-23 21:42:23 | INFO | underwater_sensor_ga.pso | PSO iter 120/1250 | best_global_cost=11.120 | iter_best=20.927
2026-02-23 21:42:23 | INFO | underwater_sensor_ga.pso | PSO iter 121/1250 | best_global_cost=11.120 | iter_best=18.212
2026-02-23 21:42:23 | INFO | underwater_sensor_ga.pso | PSO iter 122/1250 | best_global_cost=11.120 | iter_best=32.218
2026-02-23 21:42:23 | INFO | underwater_sensor_ga.pso | PSO iter 123/1250 | best_global_cost=11.120 | iter_best=15.722
2026-02-23 21:42:23 | INFO | underwater_sensor_ga.pso | PSO iter 124/1250 | best_global_cost=11.120 | iter_best=25.961
2026-02-23 21:42:23 | INFO | underwater_sensor_ga.pso | PSO iter 125/1250 | best_global_cost=11.120 | iter_best=31.159
2026-02-23 21:42:23 | INFO | underwater_sensor_ga.pso | PSO iter 126/1250 | best_global_cost=11.120 | iter_best=27.064
2026-02-23 21:42:23 | INFO | underwater_sensor_ga.pso | PSO iter 127/1250 | best_global_cost=11.120 | iter_best=19.995
2026-02-23 21:42:23 | INFO | underwater_sensor_ga.pso | PSO iter 128/1250 | best_global_cost=11.120 | iter_best=23.316
2026-02-23 21:42:24 | INFO | underwater_sensor_ga.pso | PSO iter 129/1250 | best_global_cost=11.120 | iter_best=19.549
2026-02-23 21:42:24 | INFO | underwater_sensor_ga.pso | PSO iter 130/1250 | best_global_cost=11.120 | iter_best=17.149
2026-02-23 21:42:24 | INFO | underwater_sensor_ga.pso | PSO iter 131/1250 | best_global_cost=11.120 | iter_best=25.054
2026-02-23 21:42:24 | INFO | underwater_sensor_ga.pso | PSO iter 132/1250 | best_global_cost=11.120 | iter_best=15.640
2026-02-23 21:42:24 | INFO | underwater_sensor_ga.pso | PSO iter 133/1250 | best_global_cost=11.120 | iter_best=21.720
2026-02-23 21:42:24 | INFO | underwater_sensor_ga.pso | PSO iter 134/1250 | best_global_cost=11.120 | iter_best=17.585
2026-02-23 21:42:24 | INFO | underwater_sensor_ga.pso | PSO iter 135/1250 | best_global_cost=11.120 | iter_best=13.885
2026-02-23 21:42:24 | INFO | underwater_sensor_ga.pso | PSO iter 136/1250 | best_global_cost=11.120 | iter_best=13.574
2026-02-23 21:42:24 | INFO | underwater_sensor_ga.pso | PSO iter 137/1250 | best_global_cost=11.120 | iter_best=20.096
2026-02-23 21:42:24 | INFO | underwater_sensor_ga.pso | PSO iter 138/1250 | best_global_cost=11.120 | iter_best=20.714
2026-02-23 21:42:25 | INFO | underwater_sensor_ga.pso | PSO iter 139/1250 | best_global_cost=11.120 | iter_best=23.007
2026-02-23 21:42:25 | INFO | underwater_sensor_ga.pso | PSO iter 140/1250 | best_global_cost=11.120 | iter_best=15.537
2026-02-23 21:42:25 | INFO | underwater_sensor_ga.pso | PSO iter 141/1250 | best_global_cost=11.120 | iter_best=14.953
2026-02-23 21:42:25 | INFO | underwater_sensor_ga.pso | PSO iter 142/1250 | best_global_cost=11.120 | iter_best=30.644
2026-02-23 21:42:25 | INFO | underwater_sensor_ga.pso | PSO iter 143/1250 | best_global_cost=11.120 | iter_best=23.340
2026-02-23 21:42:25 | INFO | underwater_sensor_ga.pso | PSO iter 144/1250 | best_global_cost=11.120 | iter_best=16.243
2026-02-23 21:42:25 | INFO | underwater_sensor_ga.pso | PSO iter 145/1250 | best_global_cost=11.120 | iter_best=23.205
2026-02-23 21:42:25 | INFO | underwater_sensor_ga.pso | PSO iter 146/1250 | best_global_cost=11.120 | iter_best=34.318
2026-02-23 21:42:25 | INFO | underwater_sensor_ga.pso | PSO iter 147/1250 | best_global_cost=11.120 | iter_best=15.221
2026-02-23 21:42:25 | INFO | underwater_sensor_ga.pso | PSO iter 148/1250 | best_global_cost=11.120 | iter_best=26.579
2026-02-23 21:42:26 | INFO | underwater_sensor_ga.pso | PSO iter 149/1250 | best_global_cost=11.120 | iter_best=15.095
2026-02-23 21:42:26 | INFO | underwater_sensor_ga.pso | PSO iter 150/1250 | best_global_cost=11.120 | iter_best=19.809
2026-02-23 21:42:26 | INFO | underwater_sensor_ga.pso | PSO iter 151/1250 | best_global_cost=11.120 | iter_best=17.776
2026-02-23 21:42:26 | INFO | underwater_sensor_ga.pso | PSO iter 152/1250 | best_global_cost=11.120 | iter_best=21.214
2026-02-23 21:42:26 | INFO | underwater_sensor_ga.pso | PSO iter 153/1250 | best_global_cost=11.120 | iter_best=22.812
2026-02-23 21:42:26 | INFO | underwater_sensor_ga.pso | PSO iter 154/1250 | best_global_cost=11.120 | iter_best=18.652
2026-02-23 21:42:26 | INFO | underwater_sensor_ga.pso | PSO iter 155/1250 | best_global_cost=11.120 | iter_best=25.522
2026-02-23 21:42:26 | INFO | underwater_sensor_ga.pso | PSO iter 156/1250 | best_global_cost=11.120 | iter_best=18.299
2026-02-23 21:42:26 | INFO | underwater_sensor_ga.pso | PSO iter 157/1250 | best_global_cost=11.120 | iter_best=22.867
2026-02-23 21:42:26 | INFO | underwater_sensor_ga.pso | PSO iter 158/1250 | best_global_cost=11.120 | iter_best=15.757
2026-02-23 21:42:27 | INFO | underwater_sensor_ga.pso | PSO iter 159/1250 | best_global_cost=11.120 | iter_best=20.447
2026-02-23 21:42:27 | INFO | underwater_sensor_ga.pso | PSO iter 160/1250 | best_global_cost=11.120 | iter_best=23.225
2026-02-23 21:42:27 | INFO | underwater_sensor_ga.pso | PSO iter 161/1250 | best_global_cost=11.120 | iter_best=30.943
2026-02-23 21:42:27 | INFO | underwater_sensor_ga.pso | PSO iter 162/1250 | best_global_cost=11.120 | iter_best=21.108
2026-02-23 21:42:27 | INFO | underwater_sensor_ga.pso | PSO iter 163/1250 | best_global_cost=11.120 | iter_best=29.137
2026-02-23 21:42:27 | INFO | underwater_sensor_ga.pso | PSO iter 164/1250 | best_global_cost=11.120 | iter_best=19.499
2026-02-23 21:42:27 | INFO | underwater_sensor_ga.pso | PSO iter 165/1250 | best_global_cost=11.120 | iter_best=13.292
2026-02-23 21:42:27 | INFO | underwater_sensor_ga.pso | PSO iter 166/1250 | best_global_cost=11.120 | iter_best=23.076
2026-02-23 21:42:27 | INFO | underwater_sensor_ga.pso | PSO iter 167/1250 | best_global_cost=11.120 | iter_best=33.907
2026-02-23 21:42:27 | INFO | underwater_sensor_ga.pso | PSO iter 168/1250 | best_global_cost=11.120 | iter_best=29.942
2026-02-23 21:42:28 | INFO | underwater_sensor_ga.pso | PSO iter 169/1250 | best_global_cost=11.120 | iter_best=16.776
2026-02-23 21:42:28 | INFO | underwater_sensor_ga.pso | PSO iter 170/1250 | best_global_cost=11.120 | iter_best=20.260
2026-02-23 21:42:28 | INFO | underwater_sensor_ga.pso | PSO iter 171/1250 | best_global_cost=11.120 | iter_best=24.675
2026-02-23 21:42:28 | INFO | underwater_sensor_ga.pso | PSO iter 172/1250 | best_global_cost=11.120 | iter_best=12.662
2026-02-23 21:42:28 | INFO | underwater_sensor_ga.pso | PSO iter 173/1250 | best_global_cost=11.120 | iter_best=16.945
2026-02-23 21:42:28 | INFO | underwater_sensor_ga.pso | PSO iter 174/1250 | best_global_cost=11.120 | iter_best=24.871
2026-02-23 21:42:28 | INFO | underwater_sensor_ga.pso | PSO iter 175/1250 | best_global_cost=11.120 | iter_best=14.387
2026-02-23 21:42:28 | INFO | underwater_sensor_ga.pso | PSO iter 176/1250 | best_global_cost=11.120 | iter_best=23.661
2026-02-23 21:42:28 | INFO | underwater_sensor_ga.pso | PSO iter 177/1250 | best_global_cost=11.120 | iter_best=31.497
2026-02-23 21:42:29 | INFO | underwater_sensor_ga.pso | PSO iter 178/1250 | best_global_cost=11.120 | iter_best=26.213
2026-02-23 21:42:29 | INFO | underwater_sensor_ga.pso | PSO iter 179/1250 | best_global_cost=11.120 | iter_best=20.729
2026-02-23 21:42:29 | INFO | underwater_sensor_ga.pso | PSO iter 180/1250 | best_global_cost=11.120 | iter_best=17.014
2026-02-23 21:42:29 | INFO | underwater_sensor_ga.pso | PSO iter 181/1250 | best_global_cost=11.120 | iter_best=16.759
2026-02-23 21:42:29 | INFO | underwater_sensor_ga.pso | PSO iter 182/1250 | best_global_cost=11.120 | iter_best=21.115
2026-02-23 21:42:29 | INFO | underwater_sensor_ga.pso | PSO iter 183/1250 | best_global_cost=11.120 | iter_best=21.463
2026-02-23 21:42:29 | INFO | underwater_sensor_ga.pso | PSO iter 184/1250 | best_global_cost=11.120 | iter_best=32.827
2026-02-23 21:42:29 | INFO | underwater_sensor_ga.pso | PSO iter 185/1250 | best_global_cost=11.120 | iter_best=18.874
2026-02-23 21:42:29 | INFO | underwater_sensor_ga.pso | PSO iter 186/1250 | best_global_cost=11.120 | iter_best=27.457
2026-02-23 21:42:29 | INFO | underwater_sensor_ga.pso | PSO iter 187/1250 | best_global_cost=11.120 | iter_best=27.641
2026-02-23 21:42:30 | INFO | underwater_sensor_ga.pso | PSO iter 188/1250 | best_global_cost=11.120 | iter_best=13.509
2026-02-23 21:42:30 | INFO | underwater_sensor_ga.pso | PSO iter 189/1250 | best_global_cost=11.120 | iter_best=14.134
2026-02-23 21:42:30 | INFO | underwater_sensor_ga.pso | PSO iter 190/1250 | best_global_cost=11.120 | iter_best=23.244
2026-02-23 21:42:30 | INFO | underwater_sensor_ga.pso | PSO iter 191/1250 | best_global_cost=11.120 | iter_best=16.787
2026-02-23 21:42:30 | INFO | underwater_sensor_ga.pso | PSO iter 192/1250 | best_global_cost=11.120 | iter_best=12.014
2026-02-23 21:42:30 | INFO | underwater_sensor_ga.pso | PSO iter 193/1250 | best_global_cost=11.120 | iter_best=17.286
2026-02-23 21:42:30 | INFO | underwater_sensor_ga.pso | PSO iter 194/1250 | best_global_cost=11.120 | iter_best=15.733
2026-02-23 21:42:30 | INFO | underwater_sensor_ga.pso | PSO iter 195/1250 | best_global_cost=11.120 | iter_best=18.206
2026-02-23 21:42:30 | INFO | underwater_sensor_ga.pso | PSO iter 196/1250 | best_global_cost=11.120 | iter_best=20.748
2026-02-23 21:42:31 | INFO | underwater_sensor_ga.pso | PSO iter 197/1250 | best_global_cost=11.120 | iter_best=21.013
2026-02-23 21:42:31 | INFO | underwater_sensor_ga.pso | PSO iter 198/1250 | best_global_cost=11.120 | iter_best=24.706
2026-02-23 21:42:31 | INFO | underwater_sensor_ga.pso | PSO iter 199/1250 | best_global_cost=11.120 | iter_best=19.425
2026-02-23 21:42:31 | INFO | underwater_sensor_ga.pso | PSO iter 200/1250 | best_global_cost=11.120 | iter_best=14.763
2026-02-23 21:42:31 | INFO | underwater_sensor_ga.pso | PSO iter 201/1250 | best_global_cost=11.120 | iter_best=16.533
2026-02-23 21:42:31 | INFO | underwater_sensor_ga.pso | PSO iter 202/1250 | best_global_cost=11.120 | iter_best=23.072
2026-02-23 21:42:31 | INFO | underwater_sensor_ga.pso | PSO iter 203/1250 | best_global_cost=11.120 | iter_best=19.290
2026-02-23 21:42:31 | INFO | underwater_sensor_ga.pso | PSO iter 204/1250 | best_global_cost=11.120 | iter_best=26.724
2026-02-23 21:42:31 | INFO | underwater_sensor_ga.pso | PSO iter 205/1250 | best_global_cost=11.120 | iter_best=20.388
2026-02-23 21:42:31 | INFO | underwater_sensor_ga.pso | PSO iter 206/1250 | best_global_cost=11.120 | iter_best=32.324
2026-02-23 21:42:32 | INFO | underwater_sensor_ga.pso | PSO iter 207/1250 | best_global_cost=11.120 | iter_best=27.925
2026-02-23 21:42:32 | INFO | underwater_sensor_ga.pso | PSO iter 208/1250 | best_global_cost=11.120 | iter_best=20.659
2026-02-23 21:42:32 | INFO | underwater_sensor_ga.pso | PSO iter 209/1250 | best_global_cost=11.120 | iter_best=19.934
2026-02-23 21:42:32 | INFO | underwater_sensor_ga.pso | PSO iter 210/1250 | best_global_cost=11.120 | iter_best=27.684
2026-02-23 21:42:32 | INFO | underwater_sensor_ga.pso | PSO iter 211/1250 | best_global_cost=11.120 | iter_best=22.317
2026-02-23 21:42:32 | INFO | underwater_sensor_ga.pso | PSO iter 212/1250 | best_global_cost=11.120 | iter_best=16.047
2026-02-23 21:42:32 | INFO | underwater_sensor_ga.pso | PSO iter 213/1250 | best_global_cost=11.120 | iter_best=17.985
2026-02-23 21:42:32 | INFO | underwater_sensor_ga.pso | PSO iter 214/1250 | best_global_cost=11.120 | iter_best=17.839
2026-02-23 21:42:32 | INFO | underwater_sensor_ga.pso | PSO iter 215/1250 | best_global_cost=11.120 | iter_best=20.732
2026-02-23 21:42:33 | INFO | underwater_sensor_ga.pso | PSO iter 216/1250 | best_global_cost=11.120 | iter_best=20.538
2026-02-23 21:42:33 | INFO | underwater_sensor_ga.pso | PSO iter 217/1250 | best_global_cost=11.120 | iter_best=16.589
2026-02-23 21:42:33 | INFO | underwater_sensor_ga.pso | PSO iter 218/1250 | best_global_cost=11.120 | iter_best=16.532
2026-02-23 21:42:33 | INFO | underwater_sensor_ga.pso | PSO iter 219/1250 | best_global_cost=11.120 | iter_best=19.441
2026-02-23 21:42:33 | INFO | underwater_sensor_ga.pso | PSO iter 220/1250 | best_global_cost=11.120 | iter_best=22.082
2026-02-23 21:42:33 | INFO | underwater_sensor_ga.pso | PSO iter 221/1250 | best_global_cost=11.120 | iter_best=21.229
2026-02-23 21:42:33 | INFO | underwater_sensor_ga.pso | PSO iter 222/1250 | best_global_cost=11.120 | iter_best=16.732
2026-02-23 21:42:33 | INFO | underwater_sensor_ga.pso | PSO iter 223/1250 | best_global_cost=11.120 | iter_best=29.760
2026-02-23 21:42:33 | INFO | underwater_sensor_ga.pso | PSO iter 224/1250 | best_global_cost=11.120 | iter_best=18.016
2026-02-23 21:42:33 | INFO | underwater_sensor_ga.pso | PSO iter 225/1250 | best_global_cost=11.120 | iter_best=18.032
2026-02-23 21:42:34 | INFO | underwater_sensor_ga.pso | PSO iter 226/1250 | best_global_cost=11.120 | iter_best=23.391
2026-02-23 21:42:34 | INFO | underwater_sensor_ga.pso | PSO iter 227/1250 | best_global_cost=11.120 | iter_best=22.613
2026-02-23 21:42:34 | INFO | underwater_sensor_ga.pso | PSO iter 228/1250 | best_global_cost=11.120 | iter_best=23.554
2026-02-23 21:42:34 | INFO | underwater_sensor_ga.pso | PSO iter 229/1250 | best_global_cost=11.120 | iter_best=22.535
2026-02-23 21:42:34 | INFO | underwater_sensor_ga.pso | PSO iter 230/1250 | best_global_cost=11.120 | iter_best=22.293
2026-02-23 21:42:34 | INFO | underwater_sensor_ga.pso | PSO iter 231/1250 | best_global_cost=11.120 | iter_best=21.863
2026-02-23 21:42:34 | INFO | underwater_sensor_ga.pso | PSO iter 232/1250 | best_global_cost=11.120 | iter_best=23.341
2026-02-23 21:42:34 | INFO | underwater_sensor_ga.pso | PSO iter 233/1250 | best_global_cost=11.120 | iter_best=24.656
2026-02-23 21:42:34 | INFO | underwater_sensor_ga.pso | PSO iter 234/1250 | best_global_cost=11.120 | iter_best=27.823
2026-02-23 21:42:34 | INFO | underwater_sensor_ga.pso | PSO iter 235/1250 | best_global_cost=11.120 | iter_best=25.404
2026-02-23 21:42:35 | INFO | underwater_sensor_ga.pso | PSO iter 236/1250 | best_global_cost=11.120 | iter_best=32.900
2026-02-23 21:42:35 | INFO | underwater_sensor_ga.pso | PSO iter 237/1250 | best_global_cost=11.120 | iter_best=14.795
2026-02-23 21:42:35 | INFO | underwater_sensor_ga.pso | PSO iter 238/1250 | best_global_cost=11.120 | iter_best=13.987
2026-02-23 21:42:35 | INFO | underwater_sensor_ga.pso | PSO iter 239/1250 | best_global_cost=11.120 | iter_best=18.231
2026-02-23 21:42:35 | INFO | underwater_sensor_ga.pso | PSO iter 240/1250 | best_global_cost=11.120 | iter_best=31.068
2026-02-23 21:42:35 | INFO | underwater_sensor_ga.pso | PSO iter 241/1250 | best_global_cost=11.120 | iter_best=29.634
2026-02-23 21:42:35 | INFO | underwater_sensor_ga.pso | PSO iter 242/1250 | best_global_cost=11.120 | iter_best=29.124
2026-02-23 21:42:35 | INFO | underwater_sensor_ga.pso | PSO iter 243/1250 | best_global_cost=11.120 | iter_best=23.512
2026-02-23 21:42:35 | INFO | underwater_sensor_ga.pso | PSO iter 244/1250 | best_global_cost=11.120 | iter_best=18.196
2026-02-23 21:42:35 | INFO | underwater_sensor_ga.pso | PSO iter 245/1250 | best_global_cost=11.120 | iter_best=26.860
2026-02-23 21:42:36 | INFO | underwater_sensor_ga.pso | PSO iter 246/1250 | best_global_cost=11.120 | iter_best=13.117
2026-02-23 21:42:36 | INFO | underwater_sensor_ga.pso | PSO iter 247/1250 | best_global_cost=11.120 | iter_best=23.955
2026-02-23 21:42:36 | INFO | underwater_sensor_ga.pso | PSO iter 248/1250 | best_global_cost=11.120 | iter_best=27.318
2026-02-23 21:42:36 | INFO | underwater_sensor_ga.pso | PSO iter 249/1250 | best_global_cost=11.120 | iter_best=13.763
2026-02-23 21:42:36 | INFO | underwater_sensor_ga.pso | PSO iter 250/1250 | best_global_cost=11.120 | iter_best=12.482
2026-02-23 21:42:36 | INFO | underwater_sensor_ga.pso | PSO iter 251/1250 | best_global_cost=11.120 | iter_best=25.157
2026-02-23 21:42:36 | INFO | underwater_sensor_ga.pso | PSO iter 252/1250 | best_global_cost=11.120 | iter_best=29.068
2026-02-23 21:42:36 | INFO | underwater_sensor_ga.pso | PSO iter 253/1250 | best_global_cost=11.120 | iter_best=22.746
2026-02-23 21:42:36 | INFO | underwater_sensor_ga.pso | PSO iter 254/1250 | best_global_cost=11.120 | iter_best=26.045
2026-02-23 21:42:36 | INFO | underwater_sensor_ga.pso | PSO iter 255/1250 | best_global_cost=11.120 | iter_best=18.099
2026-02-23 21:42:37 | INFO | underwater_sensor_ga.pso | PSO iter 256/1250 | best_global_cost=11.120 | iter_best=19.021
2026-02-23 21:42:37 | INFO | underwater_sensor_ga.pso | PSO iter 257/1250 | best_global_cost=11.120 | iter_best=28.836
2026-02-23 21:42:37 | INFO | underwater_sensor_ga.pso | PSO iter 258/1250 | best_global_cost=11.120 | iter_best=27.363
2026-02-23 21:42:37 | INFO | underwater_sensor_ga.pso | PSO iter 259/1250 | best_global_cost=11.120 | iter_best=20.166
2026-02-23 21:42:37 | INFO | underwater_sensor_ga.pso | PSO iter 260/1250 | best_global_cost=11.120 | iter_best=18.888
2026-02-23 21:42:37 | INFO | underwater_sensor_ga.pso | PSO iter 261/1250 | best_global_cost=11.120 | iter_best=22.128
2026-02-23 21:42:37 | INFO | underwater_sensor_ga.pso | PSO iter 262/1250 | best_global_cost=11.120 | iter_best=13.513
2026-02-23 21:42:37 | INFO | underwater_sensor_ga.pso | PSO iter 263/1250 | best_global_cost=11.120 | iter_best=27.501
2026-02-23 21:42:37 | INFO | underwater_sensor_ga.pso | PSO iter 264/1250 | best_global_cost=11.120 | iter_best=14.497
2026-02-23 21:42:37 | INFO | underwater_sensor_ga.pso | PSO iter 265/1250 | best_global_cost=11.120 | iter_best=24.056
2026-02-23 21:42:38 | INFO | underwater_sensor_ga.pso | PSO iter 266/1250 | best_global_cost=11.120 | iter_best=28.253
2026-02-23 21:42:38 | INFO | underwater_sensor_ga.pso | PSO iter 267/1250 | best_global_cost=11.120 | iter_best=19.035
2026-02-23 21:42:38 | INFO | underwater_sensor_ga.pso | PSO iter 268/1250 | best_global_cost=11.120 | iter_best=20.881
2026-02-23 21:42:38 | INFO | underwater_sensor_ga.pso | PSO iter 269/1250 | best_global_cost=11.120 | iter_best=21.189
2026-02-23 21:42:38 | INFO | underwater_sensor_ga.pso | PSO iter 270/1250 | best_global_cost=11.120 | iter_best=20.634
2026-02-23 21:42:38 | INFO | underwater_sensor_ga.pso | PSO iter 271/1250 | best_global_cost=11.120 | iter_best=22.462
2026-02-23 21:42:38 | INFO | underwater_sensor_ga.pso | PSO iter 272/1250 | best_global_cost=11.120 | iter_best=24.272
2026-02-23 21:42:38 | INFO | underwater_sensor_ga.pso | PSO iter 273/1250 | best_global_cost=11.120 | iter_best=17.237
2026-02-23 21:42:38 | INFO | underwater_sensor_ga.pso | PSO iter 274/1250 | best_global_cost=11.120 | iter_best=22.451
2026-02-23 21:42:38 | INFO | underwater_sensor_ga.pso | PSO iter 275/1250 | best_global_cost=11.120 | iter_best=25.258
2026-02-23 21:42:39 | INFO | underwater_sensor_ga.pso | PSO iter 276/1250 | best_global_cost=11.120 | iter_best=16.181
2026-02-23 21:42:39 | INFO | underwater_sensor_ga.pso | PSO iter 277/1250 | best_global_cost=11.120 | iter_best=33.771
2026-02-23 21:42:39 | INFO | underwater_sensor_ga.pso | PSO iter 278/1250 | best_global_cost=11.120 | iter_best=14.419
2026-02-23 21:42:39 | INFO | underwater_sensor_ga.pso | PSO iter 279/1250 | best_global_cost=11.120 | iter_best=15.661
2026-02-23 21:42:39 | INFO | underwater_sensor_ga.pso | PSO iter 280/1250 | best_global_cost=11.120 | iter_best=20.683
2026-02-23 21:42:39 | INFO | underwater_sensor_ga.pso | PSO iter 281/1250 | best_global_cost=11.120 | iter_best=18.916
2026-02-23 21:42:39 | INFO | underwater_sensor_ga.pso | PSO iter 282/1250 | best_global_cost=11.120 | iter_best=14.633
2026-02-23 21:42:39 | INFO | underwater_sensor_ga.pso | PSO iter 283/1250 | best_global_cost=11.120 | iter_best=18.099
2026-02-23 21:42:39 | INFO | underwater_sensor_ga.pso | PSO iter 284/1250 | best_global_cost=11.120 | iter_best=17.219
2026-02-23 21:42:39 | INFO | underwater_sensor_ga.pso | PSO iter 285/1250 | best_global_cost=11.120 | iter_best=12.141
2026-02-23 21:42:40 | INFO | underwater_sensor_ga.pso | PSO iter 286/1250 | best_global_cost=11.120 | iter_best=26.711
2026-02-23 21:42:40 | INFO | underwater_sensor_ga.pso | PSO iter 287/1250 | best_global_cost=11.120 | iter_best=20.010
2026-02-23 21:42:40 | INFO | underwater_sensor_ga.pso | PSO iter 288/1250 | best_global_cost=11.120 | iter_best=22.319
2026-02-23 21:42:40 | INFO | underwater_sensor_ga.pso | PSO iter 289/1250 | best_global_cost=11.120 | iter_best=22.166
2026-02-23 21:42:40 | INFO | underwater_sensor_ga.pso | PSO iter 290/1250 | best_global_cost=11.120 | iter_best=23.736
2026-02-23 21:42:40 | INFO | underwater_sensor_ga.pso | PSO iter 291/1250 | best_global_cost=11.120 | iter_best=22.276
2026-02-23 21:42:40 | INFO | underwater_sensor_ga.pso | PSO iter 292/1250 | best_global_cost=11.120 | iter_best=30.393
2026-02-23 21:42:40 | INFO | underwater_sensor_ga.pso | PSO iter 293/1250 | best_global_cost=11.120 | iter_best=15.404
2026-02-23 21:42:40 | INFO | underwater_sensor_ga.pso | PSO iter 294/1250 | best_global_cost=11.120 | iter_best=21.383
2026-02-23 21:42:40 | INFO | underwater_sensor_ga.pso | PSO iter 295/1250 | best_global_cost=11.120 | iter_best=23.434
2026-02-23 21:42:41 | INFO | underwater_sensor_ga.pso | PSO iter 296/1250 | best_global_cost=11.120 | iter_best=34.768
2026-02-23 21:42:41 | INFO | underwater_sensor_ga.pso | PSO iter 297/1250 | best_global_cost=11.120 | iter_best=18.617
2026-02-23 21:42:41 | INFO | underwater_sensor_ga.pso | PSO iter 298/1250 | best_global_cost=11.120 | iter_best=29.621
2026-02-23 21:42:41 | INFO | underwater_sensor_ga.pso | PSO iter 299/1250 | best_global_cost=11.120 | iter_best=14.507
2026-02-23 21:42:41 | INFO | underwater_sensor_ga.pso | PSO iter 300/1250 | best_global_cost=11.120 | iter_best=22.051
2026-02-23 21:42:41 | INFO | underwater_sensor_ga.pso | PSO iter 301/1250 | best_global_cost=11.120 | iter_best=28.325
2026-02-23 21:42:41 | INFO | underwater_sensor_ga.pso | PSO iter 302/1250 | best_global_cost=11.120 | iter_best=25.084
2026-02-23 21:42:41 | INFO | underwater_sensor_ga.pso | PSO iter 303/1250 | best_global_cost=11.120 | iter_best=21.526
2026-02-23 21:42:41 | INFO | underwater_sensor_ga.pso | PSO iter 304/1250 | best_global_cost=11.120 | iter_best=21.833
2026-02-23 21:42:42 | INFO | underwater_sensor_ga.pso | PSO iter 305/1250 | best_global_cost=11.120 | iter_best=15.039
2026-02-23 21:42:42 | INFO | underwater_sensor_ga.pso | PSO iter 306/1250 | best_global_cost=11.120 | iter_best=15.094
2026-02-23 21:42:42 | INFO | underwater_sensor_ga.pso | PSO iter 307/1250 | best_global_cost=11.120 | iter_best=16.505
2026-02-23 21:42:42 | INFO | underwater_sensor_ga.pso | PSO iter 308/1250 | best_global_cost=11.120 | iter_best=12.976
2026-02-23 21:42:42 | INFO | underwater_sensor_ga.pso | PSO iter 309/1250 | best_global_cost=11.120 | iter_best=22.931
2026-02-23 21:42:42 | INFO | underwater_sensor_ga.pso | PSO iter 310/1250 | best_global_cost=11.120 | iter_best=21.737
2026-02-23 21:42:42 | INFO | underwater_sensor_ga.pso | PSO iter 311/1250 | best_global_cost=11.120 | iter_best=18.159
2026-02-23 21:42:42 | INFO | underwater_sensor_ga.pso | PSO iter 312/1250 | best_global_cost=11.120 | iter_best=27.397
2026-02-23 21:42:42 | INFO | underwater_sensor_ga.pso | PSO iter 313/1250 | best_global_cost=11.120 | iter_best=14.374
2026-02-23 21:42:42 | INFO | underwater_sensor_ga.pso | PSO iter 314/1250 | best_global_cost=11.120 | iter_best=29.443
2026-02-23 21:42:43 | INFO | underwater_sensor_ga.pso | PSO iter 315/1250 | best_global_cost=11.120 | iter_best=18.018
2026-02-23 21:42:43 | INFO | underwater_sensor_ga.pso | PSO iter 316/1250 | best_global_cost=11.120 | iter_best=19.555
2026-02-23 21:42:43 | INFO | underwater_sensor_ga.pso | PSO iter 317/1250 | best_global_cost=11.120 | iter_best=23.297
2026-02-23 21:42:43 | INFO | underwater_sensor_ga.pso | PSO iter 318/1250 | best_global_cost=11.120 | iter_best=27.592
2026-02-23 21:42:43 | INFO | underwater_sensor_ga.pso | PSO iter 319/1250 | best_global_cost=11.120 | iter_best=22.030
2026-02-23 21:42:43 | INFO | underwater_sensor_ga.pso | PSO iter 320/1250 | best_global_cost=11.120 | iter_best=27.448
2026-02-23 21:42:43 | INFO | underwater_sensor_ga.pso | PSO iter 321/1250 | best_global_cost=11.120 | iter_best=25.002
2026-02-23 21:42:43 | INFO | underwater_sensor_ga.pso | PSO iter 322/1250 | best_global_cost=11.120 | iter_best=22.963
2026-02-23 21:42:43 | INFO | underwater_sensor_ga.pso | PSO iter 323/1250 | best_global_cost=11.120 | iter_best=27.348
2026-02-23 21:42:43 | INFO | underwater_sensor_ga.pso | PSO iter 324/1250 | best_global_cost=11.120 | iter_best=27.292
2026-02-23 21:42:44 | INFO | underwater_sensor_ga.pso | PSO iter 325/1250 | best_global_cost=11.120 | iter_best=16.982
2026-02-23 21:42:44 | INFO | underwater_sensor_ga.pso | PSO iter 326/1250 | best_global_cost=11.120 | iter_best=15.786
2026-02-23 21:42:44 | INFO | underwater_sensor_ga.pso | PSO iter 327/1250 | best_global_cost=11.120 | iter_best=21.593
2026-02-23 21:42:44 | INFO | underwater_sensor_ga.pso | PSO iter 328/1250 | best_global_cost=11.120 | iter_best=19.376
2026-02-23 21:42:44 | INFO | underwater_sensor_ga.pso | PSO iter 329/1250 | best_global_cost=11.120 | iter_best=21.245
2026-02-23 21:42:44 | INFO | underwater_sensor_ga.pso | PSO iter 330/1250 | best_global_cost=11.120 | iter_best=21.905
2026-02-23 21:42:44 | INFO | underwater_sensor_ga.pso | PSO iter 331/1250 | best_global_cost=11.120 | iter_best=21.222
2026-02-23 21:42:44 | INFO | underwater_sensor_ga.pso | PSO iter 332/1250 | best_global_cost=11.120 | iter_best=22.284
2026-02-23 21:42:44 | INFO | underwater_sensor_ga.pso | PSO iter 333/1250 | best_global_cost=11.120 | iter_best=18.391
2026-02-23 21:42:44 | INFO | underwater_sensor_ga.pso | PSO iter 334/1250 | best_global_cost=11.120 | iter_best=15.699
2026-02-23 21:42:45 | INFO | underwater_sensor_ga.pso | PSO iter 335/1250 | best_global_cost=11.120 | iter_best=16.131
2026-02-23 21:42:45 | INFO | underwater_sensor_ga.pso | PSO iter 336/1250 | best_global_cost=11.120 | iter_best=15.346
2026-02-23 21:42:45 | INFO | underwater_sensor_ga.pso | PSO iter 337/1250 | best_global_cost=11.120 | iter_best=12.543
2026-02-23 21:42:45 | INFO | underwater_sensor_ga.pso | PSO iter 338/1250 | best_global_cost=11.120 | iter_best=16.699
2026-02-23 21:42:45 | INFO | underwater_sensor_ga.pso | PSO iter 339/1250 | best_global_cost=11.120 | iter_best=23.345
2026-02-23 21:42:45 | INFO | underwater_sensor_ga.pso | PSO iter 340/1250 | best_global_cost=11.120 | iter_best=23.161
2026-02-23 21:42:45 | INFO | underwater_sensor_ga.pso | PSO iter 341/1250 | best_global_cost=11.120 | iter_best=17.345
2026-02-23 21:42:45 | INFO | underwater_sensor_ga.pso | PSO iter 342/1250 | best_global_cost=11.120 | iter_best=35.144
2026-02-23 21:42:45 | INFO | underwater_sensor_ga.pso | PSO iter 343/1250 | best_global_cost=11.120 | iter_best=27.386
2026-02-23 21:42:45 | INFO | underwater_sensor_ga.pso | PSO iter 344/1250 | best_global_cost=11.120 | iter_best=20.575
2026-02-23 21:42:46 | INFO | underwater_sensor_ga.pso | PSO iter 345/1250 | best_global_cost=11.120 | iter_best=26.086
2026-02-23 21:42:46 | INFO | underwater_sensor_ga.pso | PSO iter 346/1250 | best_global_cost=11.120 | iter_best=25.071
2026-02-23 21:42:46 | INFO | underwater_sensor_ga.pso | PSO iter 347/1250 | best_global_cost=11.120 | iter_best=18.001
2026-02-23 21:42:46 | INFO | underwater_sensor_ga.pso | PSO iter 348/1250 | best_global_cost=11.120 | iter_best=32.881
2026-02-23 21:42:46 | INFO | underwater_sensor_ga.pso | PSO iter 349/1250 | best_global_cost=11.120 | iter_best=15.702
2026-02-23 21:42:46 | INFO | underwater_sensor_ga.pso | PSO iter 350/1250 | best_global_cost=11.120 | iter_best=19.323
2026-02-23 21:42:46 | INFO | underwater_sensor_ga.pso | PSO iter 351/1250 | best_global_cost=11.120 | iter_best=21.956
2026-02-23 21:42:46 | INFO | underwater_sensor_ga.pso | PSO iter 352/1250 | best_global_cost=11.120 | iter_best=21.106
2026-02-23 21:42:46 | INFO | underwater_sensor_ga.pso | PSO iter 353/1250 | best_global_cost=11.120 | iter_best=21.860
2026-02-23 21:42:46 | INFO | underwater_sensor_ga.pso | PSO iter 354/1250 | best_global_cost=11.120 | iter_best=13.391
2026-02-23 21:42:47 | INFO | underwater_sensor_ga.pso | PSO iter 355/1250 | best_global_cost=11.120 | iter_best=22.278
2026-02-23 21:42:47 | INFO | underwater_sensor_ga.pso | PSO iter 356/1250 | best_global_cost=11.120 | iter_best=22.669
2026-02-23 21:42:47 | INFO | underwater_sensor_ga.pso | PSO iter 357/1250 | best_global_cost=11.120 | iter_best=14.827
2026-02-23 21:42:47 | INFO | underwater_sensor_ga.pso | PSO iter 358/1250 | best_global_cost=11.120 | iter_best=37.113
2026-02-23 21:42:47 | INFO | underwater_sensor_ga.pso | PSO iter 359/1250 | best_global_cost=11.120 | iter_best=24.740
2026-02-23 21:42:47 | INFO | underwater_sensor_ga.pso | PSO iter 360/1250 | best_global_cost=11.120 | iter_best=17.774
2026-02-23 21:42:47 | INFO | underwater_sensor_ga.pso | PSO iter 361/1250 | best_global_cost=11.120 | iter_best=28.953
2026-02-23 21:42:47 | INFO | underwater_sensor_ga.pso | PSO iter 362/1250 | best_global_cost=11.120 | iter_best=19.011
2026-02-23 21:42:47 | INFO | underwater_sensor_ga.pso | PSO iter 363/1250 | best_global_cost=11.120 | iter_best=19.364
2026-02-23 21:42:47 | INFO | underwater_sensor_ga.pso | PSO iter 364/1250 | best_global_cost=11.120 | iter_best=11.524
2026-02-23 21:42:48 | INFO | underwater_sensor_ga.pso | PSO iter 365/1250 | best_global_cost=11.120 | iter_best=19.299
2026-02-23 21:42:48 | INFO | underwater_sensor_ga.pso | PSO iter 366/1250 | best_global_cost=11.120 | iter_best=23.540
2026-02-23 21:42:48 | INFO | underwater_sensor_ga.pso | PSO iter 367/1250 | best_global_cost=11.120 | iter_best=20.794
2026-02-23 21:42:48 | INFO | underwater_sensor_ga.pso | PSO iter 368/1250 | best_global_cost=11.120 | iter_best=23.175
2026-02-23 21:42:48 | INFO | underwater_sensor_ga.pso | PSO iter 369/1250 | best_global_cost=11.120 | iter_best=26.942
2026-02-23 21:42:48 | INFO | underwater_sensor_ga.pso | PSO iter 370/1250 | best_global_cost=11.120 | iter_best=17.432
2026-02-23 21:42:48 | INFO | underwater_sensor_ga.pso | PSO iter 371/1250 | best_global_cost=11.120 | iter_best=27.670
2026-02-23 21:42:48 | INFO | underwater_sensor_ga.pso | PSO iter 372/1250 | best_global_cost=11.120 | iter_best=16.936
2026-02-23 21:42:48 | INFO | underwater_sensor_ga.pso | PSO iter 373/1250 | best_global_cost=11.120 | iter_best=29.312
2026-02-23 21:42:48 | INFO | underwater_sensor_ga.pso | PSO iter 374/1250 | best_global_cost=11.120 | iter_best=17.833
2026-02-23 21:42:49 | INFO | underwater_sensor_ga.pso | PSO iter 375/1250 | best_global_cost=11.120 | iter_best=17.715
2026-02-23 21:42:49 | INFO | underwater_sensor_ga.pso | PSO iter 376/1250 | best_global_cost=11.120 | iter_best=27.605
2026-02-23 21:42:49 | INFO | underwater_sensor_ga.pso | PSO iter 377/1250 | best_global_cost=11.120 | iter_best=18.598
2026-02-23 21:42:49 | INFO | underwater_sensor_ga.pso | PSO iter 378/1250 | best_global_cost=11.120 | iter_best=14.488
2026-02-23 21:42:49 | INFO | underwater_sensor_ga.pso | PSO iter 379/1250 | best_global_cost=11.120 | iter_best=13.203
2026-02-23 21:42:49 | INFO | underwater_sensor_ga.pso | PSO iter 380/1250 | best_global_cost=11.120 | iter_best=28.579
2026-02-23 21:42:49 | INFO | underwater_sensor_ga.pso | PSO iter 381/1250 | best_global_cost=11.120 | iter_best=15.514
2026-02-23 21:42:49 | INFO | underwater_sensor_ga.pso | PSO iter 382/1250 | best_global_cost=11.120 | iter_best=12.376
2026-02-23 21:42:49 | INFO | underwater_sensor_ga.pso | PSO iter 383/1250 | best_global_cost=11.120 | iter_best=21.484
2026-02-23 21:42:49 | INFO | underwater_sensor_ga.pso | PSO iter 384/1250 | best_global_cost=11.120 | iter_best=14.679
2026-02-23 21:42:50 | INFO | underwater_sensor_ga.pso | PSO iter 385/1250 | best_global_cost=11.120 | iter_best=20.396
2026-02-23 21:42:50 | INFO | underwater_sensor_ga.pso | PSO iter 386/1250 | best_global_cost=11.120 | iter_best=19.684
2026-02-23 21:42:50 | INFO | underwater_sensor_ga.pso | PSO iter 387/1250 | best_global_cost=11.120 | iter_best=29.805
2026-02-23 21:42:50 | INFO | underwater_sensor_ga.pso | PSO iter 388/1250 | best_global_cost=11.120 | iter_best=22.938
2026-02-23 21:42:50 | INFO | underwater_sensor_ga.pso | PSO iter 389/1250 | best_global_cost=11.120 | iter_best=23.862
2026-02-23 21:42:50 | INFO | underwater_sensor_ga.pso | PSO iter 390/1250 | best_global_cost=11.120 | iter_best=19.364
2026-02-23 21:42:50 | INFO | underwater_sensor_ga.pso | PSO iter 391/1250 | best_global_cost=11.120 | iter_best=26.625
2026-02-23 21:42:50 | INFO | underwater_sensor_ga.pso | PSO iter 392/1250 | best_global_cost=11.120 | iter_best=21.142
2026-02-23 21:42:50 | INFO | underwater_sensor_ga.pso | PSO iter 393/1250 | best_global_cost=11.120 | iter_best=19.235
2026-02-23 21:42:50 | INFO | underwater_sensor_ga.pso | PSO iter 394/1250 | best_global_cost=11.120 | iter_best=32.306
2026-02-23 21:42:51 | INFO | underwater_sensor_ga.pso | PSO iter 395/1250 | best_global_cost=11.120 | iter_best=25.442
2026-02-23 21:42:51 | INFO | underwater_sensor_ga.pso | PSO iter 396/1250 | best_global_cost=11.120 | iter_best=17.325
2026-02-23 21:42:51 | INFO | underwater_sensor_ga.pso | PSO iter 397/1250 | best_global_cost=11.120 | iter_best=21.762
2026-02-23 21:42:51 | INFO | underwater_sensor_ga.pso | PSO iter 398/1250 | best_global_cost=11.120 | iter_best=26.264
2026-02-23 21:42:51 | INFO | underwater_sensor_ga.pso | PSO iter 399/1250 | best_global_cost=11.120 | iter_best=18.922
2026-02-23 21:42:51 | INFO | underwater_sensor_ga.pso | PSO iter 400/1250 | best_global_cost=11.120 | iter_best=20.035
2026-02-23 21:42:51 | INFO | underwater_sensor_ga.pso | PSO iter 401/1250 | best_global_cost=11.120 | iter_best=22.108
2026-02-23 21:42:51 | INFO | underwater_sensor_ga.pso | PSO iter 402/1250 | best_global_cost=11.120 | iter_best=24.777
2026-02-23 21:42:51 | INFO | underwater_sensor_ga.pso | PSO iter 403/1250 | best_global_cost=11.120 | iter_best=24.259
2026-02-23 21:42:51 | INFO | underwater_sensor_ga.pso | PSO iter 404/1250 | best_global_cost=11.120 | iter_best=24.283
2026-02-23 21:42:52 | INFO | underwater_sensor_ga.pso | PSO iter 405/1250 | best_global_cost=11.120 | iter_best=13.936
2026-02-23 21:42:52 | INFO | underwater_sensor_ga.pso | PSO iter 406/1250 | best_global_cost=11.120 | iter_best=20.554
2026-02-23 21:42:52 | INFO | underwater_sensor_ga.pso | PSO iter 407/1250 | best_global_cost=11.120 | iter_best=14.768
2026-02-23 21:42:52 | INFO | underwater_sensor_ga.pso | PSO iter 408/1250 | best_global_cost=11.120 | iter_best=19.301
2026-02-23 21:42:52 | INFO | underwater_sensor_ga.pso | PSO iter 409/1250 | best_global_cost=11.120 | iter_best=31.083
2026-02-23 21:42:52 | INFO | underwater_sensor_ga.pso | PSO iter 410/1250 | best_global_cost=11.120 | iter_best=22.655
2026-02-23 21:42:52 | INFO | underwater_sensor_ga.pso | PSO iter 411/1250 | best_global_cost=11.120 | iter_best=29.037
2026-02-23 21:42:52 | INFO | underwater_sensor_ga.pso | PSO iter 412/1250 | best_global_cost=11.120 | iter_best=17.632
2026-02-23 21:42:52 | INFO | underwater_sensor_ga.pso | PSO iter 413/1250 | best_global_cost=11.120 | iter_best=14.067
2026-02-23 21:42:52 | INFO | underwater_sensor_ga.pso | PSO iter 414/1250 | best_global_cost=11.120 | iter_best=19.567
2026-02-23 21:42:53 | INFO | underwater_sensor_ga.pso | PSO iter 415/1250 | best_global_cost=11.120 | iter_best=17.610
2026-02-23 21:42:53 | INFO | underwater_sensor_ga.pso | PSO iter 416/1250 | best_global_cost=11.120 | iter_best=13.834
2026-02-23 21:42:53 | INFO | underwater_sensor_ga.pso | PSO iter 417/1250 | best_global_cost=11.120 | iter_best=22.361
2026-02-23 21:42:53 | INFO | underwater_sensor_ga.pso | PSO iter 418/1250 | best_global_cost=11.120 | iter_best=21.079
2026-02-23 21:42:53 | INFO | underwater_sensor_ga.pso | PSO iter 419/1250 | best_global_cost=11.120 | iter_best=28.456
2026-02-23 21:42:53 | INFO | underwater_sensor_ga.pso | PSO iter 420/1250 | best_global_cost=11.120 | iter_best=12.295
2026-02-23 21:42:53 | INFO | underwater_sensor_ga.pso | PSO iter 421/1250 | best_global_cost=11.120 | iter_best=29.660
2026-02-23 21:42:53 | INFO | underwater_sensor_ga.pso | PSO iter 422/1250 | best_global_cost=11.120 | iter_best=18.379
2026-02-23 21:42:53 | INFO | underwater_sensor_ga.pso | PSO iter 423/1250 | best_global_cost=11.120 | iter_best=15.524
2026-02-23 21:42:53 | INFO | underwater_sensor_ga.pso | PSO iter 424/1250 | best_global_cost=11.120 | iter_best=19.722
2026-02-23 21:42:53 | INFO | underwater_sensor_ga.pso | PSO iter 425/1250 | best_global_cost=11.120 | iter_best=30.028
2026-02-23 21:42:54 | INFO | underwater_sensor_ga.pso | PSO iter 426/1250 | best_global_cost=11.120 | iter_best=17.338
2026-02-23 21:42:54 | INFO | underwater_sensor_ga.pso | PSO iter 427/1250 | best_global_cost=10.692 | iter_best=10.692
2026-02-23 21:42:54 | INFO | underwater_sensor_ga.pso | PSO iter 428/1250 | best_global_cost=10.692 | iter_best=31.953
2026-02-23 21:42:54 | INFO | underwater_sensor_ga.pso | PSO iter 429/1250 | best_global_cost=10.692 | iter_best=22.323
2026-02-23 21:42:54 | INFO | underwater_sensor_ga.pso | PSO iter 430/1250 | best_global_cost=10.692 | iter_best=22.341
2026-02-23 21:42:54 | INFO | underwater_sensor_ga.pso | PSO iter 431/1250 | best_global_cost=10.692 | iter_best=19.431
2026-02-23 21:42:54 | INFO | underwater_sensor_ga.pso | PSO iter 432/1250 | best_global_cost=10.692 | iter_best=18.919
2026-02-23 21:42:54 | INFO | underwater_sensor_ga.pso | PSO iter 433/1250 | best_global_cost=10.692 | iter_best=17.857
2026-02-23 21:42:54 | INFO | underwater_sensor_ga.pso | PSO iter 434/1250 | best_global_cost=10.692 | iter_best=12.440
2026-02-23 21:42:54 | INFO | underwater_sensor_ga.pso | PSO iter 435/1250 | best_global_cost=10.692 | iter_best=20.644
2026-02-23 21:42:55 | INFO | underwater_sensor_ga.pso | PSO iter 436/1250 | best_global_cost=10.692 | iter_best=17.586
2026-02-23 21:42:55 | INFO | underwater_sensor_ga.pso | PSO iter 437/1250 | best_global_cost=10.692 | iter_best=30.830
2026-02-23 21:42:55 | INFO | underwater_sensor_ga.pso | PSO iter 438/1250 | best_global_cost=10.692 | iter_best=21.602
2026-02-23 21:42:55 | INFO | underwater_sensor_ga.pso | PSO iter 439/1250 | best_global_cost=10.692 | iter_best=29.926
2026-02-23 21:42:55 | INFO | underwater_sensor_ga.pso | PSO iter 440/1250 | best_global_cost=10.692 | iter_best=26.813
2026-02-23 21:42:55 | INFO | underwater_sensor_ga.pso | PSO iter 441/1250 | best_global_cost=10.692 | iter_best=22.348
2026-02-23 21:42:55 | INFO | underwater_sensor_ga.pso | PSO iter 442/1250 | best_global_cost=10.692 | iter_best=20.905
2026-02-23 21:42:55 | INFO | underwater_sensor_ga.pso | PSO iter 443/1250 | best_global_cost=10.692 | iter_best=16.824
2026-02-23 21:42:55 | INFO | underwater_sensor_ga.pso | PSO iter 444/1250 | best_global_cost=10.692 | iter_best=21.437
2026-02-23 21:42:55 | INFO | underwater_sensor_ga.pso | PSO iter 445/1250 | best_global_cost=10.692 | iter_best=17.764
2026-02-23 21:42:56 | INFO | underwater_sensor_ga.pso | PSO iter 446/1250 | best_global_cost=10.692 | iter_best=20.405
2026-02-23 21:42:56 | INFO | underwater_sensor_ga.pso | PSO iter 447/1250 | best_global_cost=10.692 | iter_best=17.507
2026-02-23 21:42:56 | INFO | underwater_sensor_ga.pso | PSO iter 448/1250 | best_global_cost=10.692 | iter_best=18.282
2026-02-23 21:42:56 | INFO | underwater_sensor_ga.pso | PSO iter 449/1250 | best_global_cost=10.692 | iter_best=30.579
2026-02-23 21:42:56 | INFO | underwater_sensor_ga.pso | PSO iter 450/1250 | best_global_cost=10.692 | iter_best=14.821
2026-02-23 21:42:56 | INFO | underwater_sensor_ga.pso | PSO iter 451/1250 | best_global_cost=10.692 | iter_best=23.118
2026-02-23 21:42:56 | INFO | underwater_sensor_ga.pso | PSO iter 452/1250 | best_global_cost=10.692 | iter_best=29.069
2026-02-23 21:42:56 | INFO | underwater_sensor_ga.pso | PSO iter 453/1250 | best_global_cost=10.692 | iter_best=25.567
2026-02-23 21:42:56 | INFO | underwater_sensor_ga.pso | PSO iter 454/1250 | best_global_cost=10.692 | iter_best=25.712
2026-02-23 21:42:57 | INFO | underwater_sensor_ga.pso | PSO iter 455/1250 | best_global_cost=10.692 | iter_best=21.108
2026-02-23 21:42:57 | INFO | underwater_sensor_ga.pso | PSO iter 456/1250 | best_global_cost=10.692 | iter_best=26.708
2026-02-23 21:42:57 | INFO | underwater_sensor_ga.pso | PSO iter 457/1250 | best_global_cost=10.692 | iter_best=22.938
2026-02-23 21:42:57 | INFO | underwater_sensor_ga.pso | PSO iter 458/1250 | best_global_cost=10.692 | iter_best=24.358
2026-02-23 21:42:57 | INFO | underwater_sensor_ga.pso | PSO iter 459/1250 | best_global_cost=10.692 | iter_best=29.688
2026-02-23 21:42:57 | INFO | underwater_sensor_ga.pso | PSO iter 460/1250 | best_global_cost=10.692 | iter_best=11.858
2026-02-23 21:42:57 | INFO | underwater_sensor_ga.pso | PSO iter 461/1250 | best_global_cost=10.692 | iter_best=17.002
2026-02-23 21:42:57 | INFO | underwater_sensor_ga.pso | PSO iter 462/1250 | best_global_cost=10.692 | iter_best=21.118
2026-02-23 21:42:57 | INFO | underwater_sensor_ga.pso | PSO iter 463/1250 | best_global_cost=10.692 | iter_best=19.412
2026-02-23 21:42:57 | INFO | underwater_sensor_ga.pso | PSO iter 464/1250 | best_global_cost=10.692 | iter_best=29.163
2026-02-23 21:42:57 | INFO | underwater_sensor_ga.pso | PSO iter 465/1250 | best_global_cost=10.692 | iter_best=27.447
2026-02-23 21:42:58 | INFO | underwater_sensor_ga.pso | PSO iter 466/1250 | best_global_cost=10.692 | iter_best=16.765
2026-02-23 21:42:58 | INFO | underwater_sensor_ga.pso | PSO iter 467/1250 | best_global_cost=10.692 | iter_best=16.518
2026-02-23 21:42:58 | INFO | underwater_sensor_ga.pso | PSO iter 468/1250 | best_global_cost=10.692 | iter_best=16.288
2026-02-23 21:42:58 | INFO | underwater_sensor_ga.pso | PSO iter 469/1250 | best_global_cost=10.692 | iter_best=18.656
2026-02-23 21:42:58 | INFO | underwater_sensor_ga.pso | PSO iter 470/1250 | best_global_cost=10.692 | iter_best=20.491
2026-02-23 21:42:58 | INFO | underwater_sensor_ga.pso | PSO iter 471/1250 | best_global_cost=10.692 | iter_best=29.249
2026-02-23 21:42:58 | INFO | underwater_sensor_ga.pso | PSO iter 472/1250 | best_global_cost=10.692 | iter_best=22.158
2026-02-23 21:42:58 | INFO | underwater_sensor_ga.pso | PSO iter 473/1250 | best_global_cost=10.692 | iter_best=26.754
2026-02-23 21:42:58 | INFO | underwater_sensor_ga.pso | PSO iter 474/1250 | best_global_cost=10.692 | iter_best=27.738
2026-02-23 21:42:58 | INFO | underwater_sensor_ga.pso | PSO iter 475/1250 | best_global_cost=10.692 | iter_best=17.530
2026-02-23 21:42:59 | INFO | underwater_sensor_ga.pso | PSO iter 476/1250 | best_global_cost=10.692 | iter_best=28.757
2026-02-23 21:42:59 | INFO | underwater_sensor_ga.pso | PSO iter 477/1250 | best_global_cost=10.692 | iter_best=31.138
2026-02-23 21:42:59 | INFO | underwater_sensor_ga.pso | PSO iter 478/1250 | best_global_cost=10.692 | iter_best=25.494
2026-02-23 21:42:59 | INFO | underwater_sensor_ga.pso | PSO iter 479/1250 | best_global_cost=10.692 | iter_best=16.326
2026-02-23 21:42:59 | INFO | underwater_sensor_ga.pso | PSO iter 480/1250 | best_global_cost=10.692 | iter_best=27.087
2026-02-23 21:42:59 | INFO | underwater_sensor_ga.pso | PSO iter 481/1250 | best_global_cost=10.692 | iter_best=24.675
2026-02-23 21:42:59 | INFO | underwater_sensor_ga.pso | PSO iter 482/1250 | best_global_cost=10.692 | iter_best=19.946
2026-02-23 21:42:59 | INFO | underwater_sensor_ga.pso | PSO iter 483/1250 | best_global_cost=10.692 | iter_best=20.835
2026-02-23 21:42:59 | INFO | underwater_sensor_ga.pso | PSO iter 484/1250 | best_global_cost=10.692 | iter_best=18.428
2026-02-23 21:42:59 | INFO | underwater_sensor_ga.pso | PSO iter 485/1250 | best_global_cost=10.692 | iter_best=20.948
2026-02-23 21:43:00 | INFO | underwater_sensor_ga.pso | PSO iter 486/1250 | best_global_cost=10.692 | iter_best=20.098
2026-02-23 21:43:00 | INFO | underwater_sensor_ga.pso | PSO iter 487/1250 | best_global_cost=10.692 | iter_best=18.314
2026-02-23 21:43:00 | INFO | underwater_sensor_ga.pso | PSO iter 488/1250 | best_global_cost=10.692 | iter_best=25.475
2026-02-23 21:43:00 | INFO | underwater_sensor_ga.pso | PSO iter 489/1250 | best_global_cost=10.692 | iter_best=23.256
2026-02-23 21:43:00 | INFO | underwater_sensor_ga.pso | PSO iter 490/1250 | best_global_cost=10.692 | iter_best=17.279
2026-02-23 21:43:00 | INFO | underwater_sensor_ga.pso | PSO iter 491/1250 | best_global_cost=10.692 | iter_best=15.162
2026-02-23 21:43:00 | INFO | underwater_sensor_ga.pso | PSO iter 492/1250 | best_global_cost=10.692 | iter_best=18.396
2026-02-23 21:43:00 | INFO | underwater_sensor_ga.pso | PSO iter 493/1250 | best_global_cost=10.692 | iter_best=23.660
2026-02-23 21:43:00 | INFO | underwater_sensor_ga.pso | PSO iter 494/1250 | best_global_cost=10.692 | iter_best=23.880
2026-02-23 21:43:00 | INFO | underwater_sensor_ga.pso | PSO iter 495/1250 | best_global_cost=10.692 | iter_best=19.007
2026-02-23 21:43:01 | INFO | underwater_sensor_ga.pso | PSO iter 496/1250 | best_global_cost=10.692 | iter_best=17.297
2026-02-23 21:43:01 | INFO | underwater_sensor_ga.pso | PSO iter 497/1250 | best_global_cost=10.692 | iter_best=18.913
2026-02-23 21:43:01 | INFO | underwater_sensor_ga.pso | PSO iter 498/1250 | best_global_cost=10.692 | iter_best=13.482
2026-02-23 21:43:01 | INFO | underwater_sensor_ga.pso | PSO iter 499/1250 | best_global_cost=10.692 | iter_best=23.259
2026-02-23 21:43:01 | INFO | underwater_sensor_ga.pso | PSO iter 500/1250 | best_global_cost=10.692 | iter_best=34.209
2026-02-23 21:43:01 | INFO | underwater_sensor_ga.pso | PSO iter 501/1250 | best_global_cost=10.692 | iter_best=12.660
2026-02-23 21:43:02 | INFO | underwater_sensor_ga.pso | PSO iter 502/1250 | best_global_cost=10.692 | iter_best=20.858
2026-02-23 21:43:02 | INFO | underwater_sensor_ga.pso | PSO iter 503/1250 | best_global_cost=10.692 | iter_best=20.871
2026-02-23 21:43:02 | INFO | underwater_sensor_ga.pso | PSO iter 504/1250 | best_global_cost=10.692 | iter_best=19.452
2026-02-23 21:43:02 | INFO | underwater_sensor_ga.pso | PSO iter 505/1250 | best_global_cost=10.692 | iter_best=33.890
2026-02-23 21:43:02 | INFO | underwater_sensor_ga.pso | PSO iter 506/1250 | best_global_cost=10.692 | iter_best=23.781
2026-02-23 21:43:03 | INFO | underwater_sensor_ga.pso | PSO iter 507/1250 | best_global_cost=10.692 | iter_best=21.487
2026-02-23 21:43:03 | INFO | underwater_sensor_ga.pso | PSO iter 508/1250 | best_global_cost=10.692 | iter_best=25.472
2026-02-23 21:43:03 | INFO | underwater_sensor_ga.pso | PSO iter 509/1250 | best_global_cost=10.692 | iter_best=21.467
2026-02-23 21:43:03 | INFO | underwater_sensor_ga.pso | PSO iter 510/1250 | best_global_cost=10.692 | iter_best=26.970
2026-02-23 21:43:03 | INFO | underwater_sensor_ga.pso | PSO iter 511/1250 | best_global_cost=10.692 | iter_best=16.521
2026-02-23 21:43:03 | INFO | underwater_sensor_ga.pso | PSO iter 512/1250 | best_global_cost=10.692 | iter_best=11.996
2026-02-23 21:43:04 | INFO | underwater_sensor_ga.pso | PSO iter 513/1250 | best_global_cost=10.692 | iter_best=25.895
2026-02-23 21:43:04 | INFO | underwater_sensor_ga.pso | PSO iter 514/1250 | best_global_cost=10.692 | iter_best=27.505
2026-02-23 21:43:04 | INFO | underwater_sensor_ga.pso | PSO iter 515/1250 | best_global_cost=10.692 | iter_best=20.877
2026-02-23 21:43:04 | INFO | underwater_sensor_ga.pso | PSO iter 516/1250 | best_global_cost=10.692 | iter_best=14.973
2026-02-23 21:43:04 | INFO | underwater_sensor_ga.pso | PSO iter 517/1250 | best_global_cost=10.692 | iter_best=22.233
2026-02-23 21:43:04 | INFO | underwater_sensor_ga.pso | PSO iter 518/1250 | best_global_cost=10.692 | iter_best=17.954
2026-02-23 21:43:04 | INFO | underwater_sensor_ga.pso | PSO iter 519/1250 | best_global_cost=10.692 | iter_best=19.941
2026-02-23 21:43:04 | INFO | underwater_sensor_ga.pso | PSO iter 520/1250 | best_global_cost=10.692 | iter_best=16.932
2026-02-23 21:43:04 | INFO | underwater_sensor_ga.pso | PSO iter 521/1250 | best_global_cost=10.692 | iter_best=20.865
2026-02-23 21:43:04 | INFO | underwater_sensor_ga.pso | PSO iter 522/1250 | best_global_cost=10.692 | iter_best=26.765
2026-02-23 21:43:05 | INFO | underwater_sensor_ga.pso | PSO iter 523/1250 | best_global_cost=10.692 | iter_best=22.471
2026-02-23 21:43:05 | INFO | underwater_sensor_ga.pso | PSO iter 524/1250 | best_global_cost=10.692 | iter_best=22.435
2026-02-23 21:43:05 | INFO | underwater_sensor_ga.pso | PSO iter 525/1250 | best_global_cost=10.692 | iter_best=21.780
2026-02-23 21:43:05 | INFO | underwater_sensor_ga.pso | PSO iter 526/1250 | best_global_cost=10.692 | iter_best=20.745
2026-02-23 21:43:05 | INFO | underwater_sensor_ga.pso | PSO iter 527/1250 | best_global_cost=10.692 | iter_best=23.007
2026-02-23 21:43:05 | INFO | underwater_sensor_ga.pso | PSO iter 528/1250 | best_global_cost=10.692 | iter_best=18.762
2026-02-23 21:43:05 | INFO | underwater_sensor_ga.pso | PSO iter 529/1250 | best_global_cost=10.692 | iter_best=16.891
2026-02-23 21:43:05 | INFO | underwater_sensor_ga.pso | PSO iter 530/1250 | best_global_cost=10.692 | iter_best=17.986
2026-02-23 21:43:05 | INFO | underwater_sensor_ga.pso | PSO iter 531/1250 | best_global_cost=10.692 | iter_best=25.814
2026-02-23 21:43:06 | INFO | underwater_sensor_ga.pso | PSO iter 532/1250 | best_global_cost=10.692 | iter_best=27.648
2026-02-23 21:43:06 | INFO | underwater_sensor_ga.pso | PSO iter 533/1250 | best_global_cost=10.692 | iter_best=26.451
2026-02-23 21:43:06 | INFO | underwater_sensor_ga.pso | PSO iter 534/1250 | best_global_cost=10.692 | iter_best=24.237
2026-02-23 21:43:06 | INFO | underwater_sensor_ga.pso | PSO iter 535/1250 | best_global_cost=10.692 | iter_best=23.476
2026-02-23 21:43:06 | INFO | underwater_sensor_ga.pso | PSO iter 536/1250 | best_global_cost=10.692 | iter_best=23.540
2026-02-23 21:43:06 | INFO | underwater_sensor_ga.pso | PSO iter 537/1250 | best_global_cost=10.692 | iter_best=17.341
2026-02-23 21:43:06 | INFO | underwater_sensor_ga.pso | PSO iter 538/1250 | best_global_cost=10.692 | iter_best=15.912
2026-02-23 21:43:06 | INFO | underwater_sensor_ga.pso | PSO iter 539/1250 | best_global_cost=10.692 | iter_best=26.104
2026-02-23 21:43:06 | INFO | underwater_sensor_ga.pso | PSO iter 540/1250 | best_global_cost=10.692 | iter_best=13.308
2026-02-23 21:43:06 | INFO | underwater_sensor_ga.pso | PSO iter 541/1250 | best_global_cost=10.692 | iter_best=17.772
2026-02-23 21:43:07 | INFO | underwater_sensor_ga.pso | PSO iter 542/1250 | best_global_cost=10.692 | iter_best=18.441
2026-02-23 21:43:07 | INFO | underwater_sensor_ga.pso | PSO iter 543/1250 | best_global_cost=10.692 | iter_best=28.715
2026-02-23 21:43:07 | INFO | underwater_sensor_ga.pso | PSO iter 544/1250 | best_global_cost=10.692 | iter_best=17.163
2026-02-23 21:43:07 | INFO | underwater_sensor_ga.pso | PSO iter 545/1250 | best_global_cost=10.692 | iter_best=24.838
2026-02-23 21:43:07 | INFO | underwater_sensor_ga.pso | PSO iter 546/1250 | best_global_cost=10.692 | iter_best=26.022
2026-02-23 21:43:07 | INFO | underwater_sensor_ga.pso | PSO iter 547/1250 | best_global_cost=10.692 | iter_best=22.543
2026-02-23 21:43:07 | INFO | underwater_sensor_ga.pso | PSO iter 548/1250 | best_global_cost=10.692 | iter_best=17.185
2026-02-23 21:43:07 | INFO | underwater_sensor_ga.pso | PSO iter 549/1250 | best_global_cost=10.692 | iter_best=20.776
2026-02-23 21:43:07 | INFO | underwater_sensor_ga.pso | PSO iter 550/1250 | best_global_cost=10.692 | iter_best=22.617
2026-02-23 21:43:07 | INFO | underwater_sensor_ga.pso | PSO iter 551/1250 | best_global_cost=10.692 | iter_best=27.796
2026-02-23 21:43:08 | INFO | underwater_sensor_ga.pso | PSO iter 552/1250 | best_global_cost=10.692 | iter_best=23.483
2026-02-23 21:43:08 | INFO | underwater_sensor_ga.pso | PSO iter 553/1250 | best_global_cost=10.692 | iter_best=18.283
2026-02-23 21:43:08 | INFO | underwater_sensor_ga.pso | PSO iter 554/1250 | best_global_cost=10.692 | iter_best=13.659
2026-02-23 21:43:08 | INFO | underwater_sensor_ga.pso | PSO iter 555/1250 | best_global_cost=10.692 | iter_best=18.099
2026-02-23 21:43:08 | INFO | underwater_sensor_ga.pso | PSO iter 556/1250 | best_global_cost=10.692 | iter_best=17.419
2026-02-23 21:43:08 | INFO | underwater_sensor_ga.pso | PSO iter 557/1250 | best_global_cost=10.692 | iter_best=22.466
2026-02-23 21:43:08 | INFO | underwater_sensor_ga.pso | PSO iter 558/1250 | best_global_cost=10.692 | iter_best=24.424
2026-02-23 21:43:08 | INFO | underwater_sensor_ga.pso | PSO iter 559/1250 | best_global_cost=10.692 | iter_best=17.113
2026-02-23 21:43:08 | INFO | underwater_sensor_ga.pso | PSO iter 560/1250 | best_global_cost=10.692 | iter_best=15.606
2026-02-23 21:43:08 | INFO | underwater_sensor_ga.pso | PSO iter 561/1250 | best_global_cost=10.692 | iter_best=16.414
2026-02-23 21:43:08 | INFO | underwater_sensor_ga.pso | PSO iter 562/1250 | best_global_cost=10.692 | iter_best=17.327
2026-02-23 21:43:09 | INFO | underwater_sensor_ga.pso | PSO iter 563/1250 | best_global_cost=10.692 | iter_best=12.505
2026-02-23 21:43:09 | INFO | underwater_sensor_ga.pso | PSO iter 564/1250 | best_global_cost=10.692 | iter_best=17.908
2026-02-23 21:43:09 | INFO | underwater_sensor_ga.pso | PSO iter 565/1250 | best_global_cost=10.692 | iter_best=16.629
2026-02-23 21:43:09 | INFO | underwater_sensor_ga.pso | PSO iter 566/1250 | best_global_cost=10.692 | iter_best=14.613
2026-02-23 21:43:09 | INFO | underwater_sensor_ga.pso | PSO iter 567/1250 | best_global_cost=10.692 | iter_best=11.237
2026-02-23 21:43:09 | INFO | underwater_sensor_ga.pso | PSO iter 568/1250 | best_global_cost=10.692 | iter_best=17.007
2026-02-23 21:43:09 | INFO | underwater_sensor_ga.pso | PSO iter 569/1250 | best_global_cost=10.692 | iter_best=19.468
2026-02-23 21:43:09 | INFO | underwater_sensor_ga.pso | PSO iter 570/1250 | best_global_cost=10.692 | iter_best=13.897
2026-02-23 21:43:09 | INFO | underwater_sensor_ga.pso | PSO iter 571/1250 | best_global_cost=10.692 | iter_best=24.059
2026-02-23 21:43:09 | INFO | underwater_sensor_ga.pso | PSO iter 572/1250 | best_global_cost=10.692 | iter_best=23.714
2026-02-23 21:43:10 | INFO | underwater_sensor_ga.pso | PSO iter 573/1250 | best_global_cost=10.692 | iter_best=26.875
2026-02-23 21:43:10 | INFO | underwater_sensor_ga.pso | PSO iter 574/1250 | best_global_cost=10.692 | iter_best=20.693
2026-02-23 21:43:10 | INFO | underwater_sensor_ga.pso | PSO iter 575/1250 | best_global_cost=10.692 | iter_best=24.758
2026-02-23 21:43:18 | INFO | underwater_sensor_ga.pso | PSO iter 576/1250 | best_global_cost=10.692 | iter_best=20.697
2026-02-23 21:43:18 | INFO | underwater_sensor_ga.pso | PSO iter 577/1250 | best_global_cost=10.692 | iter_best=24.275
2026-02-23 21:43:18 | INFO | underwater_sensor_ga.pso | PSO iter 578/1250 | best_global_cost=10.692 | iter_best=23.828
2026-02-23 21:43:19 | INFO | underwater_sensor_ga.pso | PSO iter 579/1250 | best_global_cost=10.692 | iter_best=22.865
2026-02-23 21:43:19 | INFO | underwater_sensor_ga.pso | PSO iter 580/1250 | best_global_cost=10.692 | iter_best=24.502
2026-02-23 21:43:19 | INFO | underwater_sensor_ga.pso | PSO iter 581/1250 | best_global_cost=10.692 | iter_best=16.281
2026-02-23 21:43:19 | INFO | underwater_sensor_ga.pso | PSO iter 582/1250 | best_global_cost=10.692 | iter_best=22.765
2026-02-23 21:43:19 | INFO | underwater_sensor_ga.pso | PSO iter 583/1250 | best_global_cost=10.692 | iter_best=16.897
2026-02-23 21:43:19 | INFO | underwater_sensor_ga.pso | PSO iter 584/1250 | best_global_cost=10.692 | iter_best=17.944
2026-02-23 21:43:19 | INFO | underwater_sensor_ga.pso | PSO iter 585/1250 | best_global_cost=10.692 | iter_best=14.228
2026-02-23 21:43:20 | INFO | underwater_sensor_ga.pso | PSO iter 586/1250 | best_global_cost=10.692 | iter_best=26.825
2026-02-23 21:43:20 | INFO | underwater_sensor_ga.pso | PSO iter 587/1250 | best_global_cost=10.692 | iter_best=23.426
2026-02-23 21:43:20 | INFO | underwater_sensor_ga.pso | PSO iter 588/1250 | best_global_cost=10.692 | iter_best=19.784
2026-02-23 21:43:20 | INFO | underwater_sensor_ga.pso | PSO iter 589/1250 | best_global_cost=10.692 | iter_best=34.271
2026-02-23 21:43:20 | INFO | underwater_sensor_ga.pso | PSO iter 590/1250 | best_global_cost=10.692 | iter_best=32.985
2026-02-23 21:43:20 | INFO | underwater_sensor_ga.pso | PSO iter 591/1250 | best_global_cost=10.692 | iter_best=23.112
2026-02-23 21:43:20 | INFO | underwater_sensor_ga.pso | PSO iter 592/1250 | best_global_cost=10.692 | iter_best=13.622
2026-02-23 21:43:20 | INFO | underwater_sensor_ga.pso | PSO iter 593/1250 | best_global_cost=10.692 | iter_best=16.274
2026-02-23 21:43:21 | INFO | underwater_sensor_ga.pso | PSO iter 594/1250 | best_global_cost=10.692 | iter_best=22.157
2026-02-23 21:43:21 | INFO | underwater_sensor_ga.pso | PSO iter 595/1250 | best_global_cost=10.692 | iter_best=18.817
2026-02-23 21:43:21 | INFO | underwater_sensor_ga.pso | PSO iter 596/1250 | best_global_cost=10.692 | iter_best=20.191
2026-02-23 21:43:21 | INFO | underwater_sensor_ga.pso | PSO iter 597/1250 | best_global_cost=10.692 | iter_best=19.216
2026-02-23 21:43:21 | INFO | underwater_sensor_ga.pso | PSO iter 598/1250 | best_global_cost=10.692 | iter_best=28.141
2026-02-23 21:43:21 | INFO | underwater_sensor_ga.pso | PSO iter 599/1250 | best_global_cost=10.692 | iter_best=17.710
2026-02-23 21:43:21 | INFO | underwater_sensor_ga.pso | PSO iter 600/1250 | best_global_cost=10.692 | iter_best=25.407
2026-02-23 21:43:21 | INFO | underwater_sensor_ga.pso | PSO iter 601/1250 | best_global_cost=10.692 | iter_best=13.085
2026-02-23 21:43:21 | INFO | underwater_sensor_ga.pso | PSO iter 602/1250 | best_global_cost=10.692 | iter_best=31.570
2026-02-23 21:43:22 | INFO | underwater_sensor_ga.pso | PSO iter 603/1250 | best_global_cost=10.692 | iter_best=20.849
2026-02-23 21:43:22 | INFO | underwater_sensor_ga.pso | PSO iter 604/1250 | best_global_cost=10.692 | iter_best=21.462
2026-02-23 21:43:22 | INFO | underwater_sensor_ga.pso | PSO iter 605/1250 | best_global_cost=10.692 | iter_best=18.144
2026-02-23 21:43:22 | INFO | underwater_sensor_ga.pso | PSO iter 606/1250 | best_global_cost=10.692 | iter_best=14.104
2026-02-23 21:43:22 | INFO | underwater_sensor_ga.pso | PSO iter 607/1250 | best_global_cost=10.692 | iter_best=17.577
2026-02-23 21:43:22 | INFO | underwater_sensor_ga.pso | PSO iter 608/1250 | best_global_cost=10.692 | iter_best=15.261
2026-02-23 21:43:22 | INFO | underwater_sensor_ga.pso | PSO iter 609/1250 | best_global_cost=10.692 | iter_best=32.449
2026-02-23 21:43:22 | INFO | underwater_sensor_ga.pso | PSO iter 610/1250 | best_global_cost=10.692 | iter_best=25.755
2026-02-23 21:43:22 | INFO | underwater_sensor_ga.pso | PSO iter 611/1250 | best_global_cost=10.692 | iter_best=22.134
2026-02-23 21:43:22 | INFO | underwater_sensor_ga.pso | PSO iter 612/1250 | best_global_cost=10.692 | iter_best=22.268
2026-02-23 21:43:22 | INFO | underwater_sensor_ga.pso | PSO iter 613/1250 | best_global_cost=10.692 | iter_best=22.687
2026-02-23 21:43:23 | INFO | underwater_sensor_ga.pso | PSO iter 614/1250 | best_global_cost=10.692 | iter_best=22.166
2026-02-23 21:43:23 | INFO | underwater_sensor_ga.pso | PSO iter 615/1250 | best_global_cost=10.692 | iter_best=16.424
2026-02-23 21:43:23 | INFO | underwater_sensor_ga.pso | PSO iter 616/1250 | best_global_cost=10.692 | iter_best=23.979
2026-02-23 21:43:23 | INFO | underwater_sensor_ga.pso | PSO iter 617/1250 | best_global_cost=10.692 | iter_best=27.789
2026-02-23 21:43:23 | INFO | underwater_sensor_ga.pso | PSO iter 618/1250 | best_global_cost=10.692 | iter_best=22.815
2026-02-23 21:43:23 | INFO | underwater_sensor_ga.pso | PSO iter 619/1250 | best_global_cost=10.692 | iter_best=31.219
2026-02-23 21:43:23 | INFO | underwater_sensor_ga.pso | PSO iter 620/1250 | best_global_cost=10.692 | iter_best=21.363
2026-02-23 21:43:23 | INFO | underwater_sensor_ga.pso | PSO iter 621/1250 | best_global_cost=10.692 | iter_best=26.624
2026-02-23 21:43:23 | INFO | underwater_sensor_ga.pso | PSO iter 622/1250 | best_global_cost=10.692 | iter_best=26.569
2026-02-23 21:43:24 | INFO | underwater_sensor_ga.pso | PSO iter 623/1250 | best_global_cost=10.692 | iter_best=15.540
2026-02-23 21:43:24 | INFO | underwater_sensor_ga.pso | PSO iter 624/1250 | best_global_cost=10.692 | iter_best=30.391
2026-02-23 21:43:24 | INFO | underwater_sensor_ga.pso | PSO iter 625/1250 | best_global_cost=10.692 | iter_best=29.010
2026-02-23 21:43:24 | INFO | underwater_sensor_ga.pso | PSO iter 626/1250 | best_global_cost=10.692 | iter_best=38.683
2026-02-23 21:43:24 | INFO | underwater_sensor_ga.pso | PSO iter 627/1250 | best_global_cost=10.692 | iter_best=24.484
2026-02-23 21:43:24 | INFO | underwater_sensor_ga.pso | PSO iter 628/1250 | best_global_cost=10.692 | iter_best=15.955
2026-02-23 21:43:24 | INFO | underwater_sensor_ga.pso | PSO iter 629/1250 | best_global_cost=10.692 | iter_best=19.436
2026-02-23 21:43:24 | INFO | underwater_sensor_ga.pso | PSO iter 630/1250 | best_global_cost=10.692 | iter_best=29.796
2026-02-23 21:43:24 | INFO | underwater_sensor_ga.pso | PSO iter 631/1250 | best_global_cost=10.692 | iter_best=32.784
2026-02-23 21:43:24 | INFO | underwater_sensor_ga.pso | PSO iter 632/1250 | best_global_cost=10.692 | iter_best=17.673
2026-02-23 21:43:24 | INFO | underwater_sensor_ga.pso | PSO iter 633/1250 | best_global_cost=10.692 | iter_best=20.095
2026-02-23 21:43:25 | INFO | underwater_sensor_ga.pso | PSO iter 634/1250 | best_global_cost=10.692 | iter_best=22.089
2026-02-23 21:46:03 | INFO | underwater_sensor_ga.pso_runner | ================================================================================
2026-02-23 21:46:03 | INFO | underwater_sensor_ga.pso_runner | Running PSO for number_of_sensors=3
2026-02-23 21:46:03 | INFO | underwater_sensor_ga.pso | PSO seeds | pso_seed=321 | scenario_seed=123
2026-02-23 21:46:04 | INFO | underwater_sensor_ga.pso | PSO iter 1/300 | best_global_cost=67.932789 | iter_best=67.932789
2026-02-23 21:46:05 | INFO | underwater_sensor_ga.pso | PSO iter 2/300 | best_global_cost=46.546403 | iter_best=46.546403
2026-02-23 21:46:06 | INFO | underwater_sensor_ga.pso | PSO iter 3/300 | best_global_cost=16.192983 | iter_best=16.192983
2026-02-23 21:46:06 | INFO | underwater_sensor_ga.pso | PSO iter 4/300 | best_global_cost=13.380246 | iter_best=13.380246
2026-02-23 21:46:07 | INFO | underwater_sensor_ga.pso | PSO iter 5/300 | best_global_cost=6.636165 | iter_best=6.636165
2026-02-23 21:46:08 | INFO | underwater_sensor_ga.pso | PSO iter 6/300 | best_global_cost=6.636165 | iter_best=7.037417
2026-02-23 21:46:09 | INFO | underwater_sensor_ga.pso | PSO iter 7/300 | best_global_cost=6.636165 | iter_best=9.153824
2026-02-23 21:46:10 | INFO | underwater_sensor_ga.pso | PSO iter 8/300 | best_global_cost=6.636165 | iter_best=7.860490
2026-02-23 21:46:12 | INFO | underwater_sensor_ga.pso | PSO iter 9/300 | best_global_cost=6.636165 | iter_best=7.416275
2026-02-23 21:46:13 | INFO | underwater_sensor_ga.pso | PSO iter 10/300 | best_global_cost=6.636165 | iter_best=8.712438
2026-02-23 21:46:14 | INFO | underwater_sensor_ga.pso | PSO iter 11/300 | best_global_cost=6.636165 | iter_best=6.866403
2026-02-23 21:46:15 | INFO | underwater_sensor_ga.pso | PSO iter 12/300 | best_global_cost=6.636165 | iter_best=7.156481
2026-02-23 21:46:16 | INFO | underwater_sensor_ga.pso | PSO iter 13/300 | best_global_cost=6.636165 | iter_best=6.925751
2026-02-23 21:46:17 | INFO | underwater_sensor_ga.pso | PSO iter 14/300 | best_global_cost=6.043877 | iter_best=6.043877
2026-02-23 21:46:18 | INFO | underwater_sensor_ga.pso | PSO iter 15/300 | best_global_cost=6.043877 | iter_best=8.246351
2026-02-23 21:46:19 | INFO | underwater_sensor_ga.pso | PSO iter 16/300 | best_global_cost=6.043877 | iter_best=6.458049
2026-02-23 21:46:20 | INFO | underwater_sensor_ga.pso | PSO iter 17/300 | best_global_cost=5.724804 | iter_best=5.724804
2026-02-23 21:46:21 | INFO | underwater_sensor_ga.pso | PSO iter 18/300 | best_global_cost=5.724804 | iter_best=6.729249
2026-02-23 21:46:22 | INFO | underwater_sensor_ga.pso | PSO iter 19/300 | best_global_cost=5.724804 | iter_best=7.221156
2026-02-23 21:46:23 | INFO | underwater_sensor_ga.pso | PSO iter 20/300 | best_global_cost=5.724804 | iter_best=6.633787
2026-02-23 21:46:24 | INFO | underwater_sensor_ga.pso | PSO iter 21/300 | best_global_cost=5.724804 | iter_best=6.683264
2026-02-23 21:46:25 | INFO | underwater_sensor_ga.pso | PSO iter 22/300 | best_global_cost=5.724804 | iter_best=6.162435
2026-02-23 21:46:27 | INFO | underwater_sensor_ga.pso | PSO iter 23/300 | best_global_cost=5.724804 | iter_best=6.481740
2026-02-23 21:46:28 | INFO | underwater_sensor_ga.pso | PSO iter 24/300 | best_global_cost=5.724804 | iter_best=6.312937
2026-02-23 21:46:29 | INFO | underwater_sensor_ga.pso | PSO iter 25/300 | best_global_cost=5.724804 | iter_best=6.379589
2026-02-23 21:46:30 | INFO | underwater_sensor_ga.pso | PSO iter 26/300 | best_global_cost=5.724804 | iter_best=6.551617
2026-02-23 21:46:31 | INFO | underwater_sensor_ga.pso | PSO iter 27/300 | best_global_cost=5.724804 | iter_best=7.450680
2026-02-23 21:46:32 | INFO | underwater_sensor_ga.pso | PSO iter 28/300 | best_global_cost=5.724804 | iter_best=5.728741
2026-02-23 21:46:33 | INFO | underwater_sensor_ga.pso | PSO iter 29/300 | best_global_cost=5.724804 | iter_best=6.107910
2026-02-23 21:46:34 | INFO | underwater_sensor_ga.pso | PSO iter 30/300 | best_global_cost=5.724804 | iter_best=6.404738
2026-02-23 21:46:35 | INFO | underwater_sensor_ga.pso | PSO iter 31/300 | best_global_cost=5.724804 | iter_best=6.185670
2026-02-23 21:46:36 | INFO | underwater_sensor_ga.pso | PSO iter 32/300 | best_global_cost=5.724804 | iter_best=5.931233
2026-02-23 21:46:37 | INFO | underwater_sensor_ga.pso | PSO iter 33/300 | best_global_cost=5.724804 | iter_best=6.358481
2026-02-23 21:46:38 | INFO | underwater_sensor_ga.pso | PSO iter 34/300 | best_global_cost=5.724804 | iter_best=6.228204
2026-02-23 21:46:39 | INFO | underwater_sensor_ga.pso | PSO iter 35/300 | best_global_cost=5.724804 | iter_best=6.972956
2026-02-23 21:46:41 | INFO | underwater_sensor_ga.pso | PSO iter 36/300 | best_global_cost=5.724804 | iter_best=6.311028
2026-02-23 21:46:42 | INFO | underwater_sensor_ga.pso | PSO iter 37/300 | best_global_cost=5.724804 | iter_best=6.146043
2026-02-23 21:46:43 | INFO | underwater_sensor_ga.pso | PSO iter 38/300 | best_global_cost=5.724804 | iter_best=6.640010
2026-02-23 21:46:44 | INFO | underwater_sensor_ga.pso | PSO iter 39/300 | best_global_cost=5.724804 | iter_best=6.440033
2026-02-23 21:46:45 | INFO | underwater_sensor_ga.pso | PSO iter 40/300 | best_global_cost=5.724804 | iter_best=6.113528
2026-02-23 21:46:46 | INFO | underwater_sensor_ga.pso | PSO iter 41/300 | best_global_cost=5.724804 | iter_best=6.125628
2026-02-23 21:46:47 | INFO | underwater_sensor_ga.pso | PSO iter 42/300 | best_global_cost=5.724804 | iter_best=6.875649
2026-02-23 21:46:48 | INFO | underwater_sensor_ga.pso | PSO iter 43/300 | best_global_cost=5.724804 | iter_best=5.859051
2026-02-23 21:46:49 | INFO | underwater_sensor_ga.pso | PSO iter 44/300 | best_global_cost=5.724804 | iter_best=5.826467
2026-02-23 21:46:50 | INFO | underwater_sensor_ga.pso | PSO iter 45/300 | best_global_cost=5.724804 | iter_best=6.360838
2026-02-23 21:46:51 | INFO | underwater_sensor_ga.pso | PSO iter 46/300 | best_global_cost=5.724804 | iter_best=6.882209
2026-02-23 21:46:53 | INFO | underwater_sensor_ga.pso | PSO iter 47/300 | best_global_cost=5.724804 | iter_best=6.408792
2026-02-23 21:46:54 | INFO | underwater_sensor_ga.pso | PSO iter 48/300 | best_global_cost=5.724804 | iter_best=6.466452
2026-02-23 21:46:55 | INFO | underwater_sensor_ga.pso | PSO iter 49/300 | best_global_cost=5.724804 | iter_best=6.149725
2026-02-23 21:46:56 | INFO | underwater_sensor_ga.pso | PSO iter 50/300 | best_global_cost=5.724804 | iter_best=5.858390
2026-02-23 21:46:57 | INFO | underwater_sensor_ga.pso | PSO iter 51/300 | best_global_cost=5.724804 | iter_best=6.170075
2026-02-23 21:46:58 | INFO | underwater_sensor_ga.pso | PSO iter 52/300 | best_global_cost=5.724804 | iter_best=7.217477
2026-02-23 21:46:59 | INFO | underwater_sensor_ga.pso | PSO iter 53/300 | best_global_cost=5.724804 | iter_best=6.652233
2026-02-23 21:47:00 | INFO | underwater_sensor_ga.pso | PSO iter 54/300 | best_global_cost=5.724804 | iter_best=6.281547
2026-02-23 21:47:02 | INFO | underwater_sensor_ga.pso | PSO iter 55/300 | best_global_cost=5.724804 | iter_best=5.831037
2026-02-23 21:47:03 | INFO | underwater_sensor_ga.pso | PSO iter 56/300 | best_global_cost=5.712188 | iter_best=5.712188
2026-02-23 21:47:04 | INFO | underwater_sensor_ga.pso | PSO iter 57/300 | best_global_cost=5.712188 | iter_best=6.820905
2026-02-23 21:47:05 | INFO | underwater_sensor_ga.pso | PSO iter 58/300 | best_global_cost=5.712188 | iter_best=6.007303
2026-02-23 21:47:06 | INFO | underwater_sensor_ga.pso | PSO iter 59/300 | best_global_cost=5.712188 | iter_best=5.922560
2026-02-23 21:47:08 | INFO | underwater_sensor_ga.pso | PSO iter 60/300 | best_global_cost=5.712188 | iter_best=7.055569
2026-02-23 21:47:09 | INFO | underwater_sensor_ga.pso | PSO iter 61/300 | best_global_cost=5.712188 | iter_best=6.200231
2026-02-23 21:47:10 | INFO | underwater_sensor_ga.pso | PSO iter 62/300 | best_global_cost=5.712188 | iter_best=6.667827
2026-02-23 21:47:11 | INFO | underwater_sensor_ga.pso | PSO iter 63/300 | best_global_cost=5.712188 | iter_best=6.545522
2026-02-23 21:47:12 | INFO | underwater_sensor_ga.pso | PSO iter 64/300 | best_global_cost=5.385234 | iter_best=5.385234
2026-02-23 21:47:13 | INFO | underwater_sensor_ga.pso | PSO iter 65/300 | best_global_cost=5.385234 | iter_best=6.592616
2026-02-23 21:47:14 | INFO | underwater_sensor_ga.pso | PSO iter 66/300 | best_global_cost=5.385234 | iter_best=6.168836
2026-02-23 21:47:15 | INFO | underwater_sensor_ga.pso | PSO iter 67/300 | best_global_cost=5.385234 | iter_best=6.168130
2026-02-23 21:47:17 | INFO | underwater_sensor_ga.pso | PSO iter 68/300 | best_global_cost=5.385234 | iter_best=6.677830
2026-02-23 21:47:18 | INFO | underwater_sensor_ga.pso | PSO iter 69/300 | best_global_cost=5.385234 | iter_best=5.810517
2026-02-23 21:47:19 | INFO | underwater_sensor_ga.pso | PSO iter 70/300 | best_global_cost=5.385234 | iter_best=5.842099
2026-02-23 21:47:20 | INFO | underwater_sensor_ga.pso | PSO iter 71/300 | best_global_cost=5.385234 | iter_best=5.915853
2026-02-23 21:47:20 | INFO | underwater_sensor_ga.pso | PSO iter 72/300 | best_global_cost=5.385234 | iter_best=5.947072
2026-02-23 21:47:21 | INFO | underwater_sensor_ga.pso | PSO iter 73/300 | best_global_cost=5.385234 | iter_best=6.090003
2026-02-23 21:47:22 | INFO | underwater_sensor_ga.pso | PSO iter 74/300 | best_global_cost=5.385234 | iter_best=5.753684
2026-02-23 21:47:24 | INFO | underwater_sensor_ga.pso | PSO iter 75/300 | best_global_cost=5.385234 | iter_best=5.887736
2026-02-23 21:47:25 | INFO | underwater_sensor_ga.pso | PSO iter 76/300 | best_global_cost=5.385234 | iter_best=6.184204
2026-02-23 21:47:26 | INFO | underwater_sensor_ga.pso | PSO iter 77/300 | best_global_cost=5.385234 | iter_best=6.107948
2026-02-23 21:47:26 | INFO | underwater_sensor_ga.pso | PSO iter 78/300 | best_global_cost=5.385234 | iter_best=5.616165
2026-02-23 21:47:27 | INFO | underwater_sensor_ga.pso | PSO iter 79/300 | best_global_cost=5.385234 | iter_best=5.801943
2026-02-23 21:47:28 | INFO | underwater_sensor_ga.pso | PSO iter 80/300 | best_global_cost=5.385234 | iter_best=5.647799
2026-02-23 21:47:29 | INFO | underwater_sensor_ga.pso | PSO iter 81/300 | best_global_cost=5.385234 | iter_best=5.959501
2026-02-23 21:47:31 | INFO | underwater_sensor_ga.pso | PSO iter 82/300 | best_global_cost=5.385234 | iter_best=6.070379
2026-02-23 21:47:32 | INFO | underwater_sensor_ga.pso | PSO iter 83/300 | best_global_cost=5.385234 | iter_best=6.116502
2026-02-23 21:47:33 | INFO | underwater_sensor_ga.pso | PSO iter 84/300 | best_global_cost=5.385234 | iter_best=6.065646
2026-02-23 21:47:34 | INFO | underwater_sensor_ga.pso | PSO iter 85/300 | best_global_cost=5.385234 | iter_best=6.114977
2026-02-23 21:47:35 | INFO | underwater_sensor_ga.pso | PSO iter 86/300 | best_global_cost=5.385234 | iter_best=5.754971
2026-02-23 21:47:36 | INFO | underwater_sensor_ga.pso | PSO iter 87/300 | best_global_cost=5.385234 | iter_best=6.070014
2026-02-23 21:47:37 | INFO | underwater_sensor_ga.pso | PSO iter 88/300 | best_global_cost=5.385234 | iter_best=5.717203
2026-02-23 21:47:38 | INFO | underwater_sensor_ga.pso | PSO iter 89/300 | best_global_cost=5.385234 | iter_best=5.705905
2026-02-23 21:47:39 | INFO | underwater_sensor_ga.pso | PSO iter 90/300 | best_global_cost=5.385234 | iter_best=5.966602
2026-02-23 21:47:40 | INFO | underwater_sensor_ga.pso | PSO iter 91/300 | best_global_cost=5.385234 | iter_best=6.120388
2026-02-23 21:47:41 | INFO | underwater_sensor_ga.pso | PSO iter 92/300 | best_global_cost=5.385234 | iter_best=6.001184
2026-02-23 21:47:42 | INFO | underwater_sensor_ga.pso | PSO iter 93/300 | best_global_cost=5.385234 | iter_best=6.122781
2026-02-23 21:47:43 | INFO | underwater_sensor_ga.pso | PSO iter 94/300 | best_global_cost=5.385234 | iter_best=6.092787
2026-02-23 21:47:44 | INFO | underwater_sensor_ga.pso | PSO iter 95/300 | best_global_cost=5.385234 | iter_best=5.617122
2026-02-23 21:47:45 | INFO | underwater_sensor_ga.pso | PSO iter 96/300 | best_global_cost=5.385234 | iter_best=5.574793
2026-02-23 21:47:46 | INFO | underwater_sensor_ga.pso | PSO iter 97/300 | best_global_cost=5.385234 | iter_best=5.875850
2026-02-23 21:47:47 | INFO | underwater_sensor_ga.pso | PSO iter 98/300 | best_global_cost=5.385234 | iter_best=6.068060
2026-02-23 21:47:48 | INFO | underwater_sensor_ga.pso | PSO iter 99/300 | best_global_cost=5.385234 | iter_best=5.937982
2026-02-23 21:47:50 | INFO | underwater_sensor_ga.pso | PSO iter 100/300 | best_global_cost=5.385234 | iter_best=5.737940
2026-02-23 21:47:51 | INFO | underwater_sensor_ga.pso | PSO iter 101/300 | best_global_cost=5.385234 | iter_best=5.796999
2026-02-23 21:47:52 | INFO | underwater_sensor_ga.pso | PSO iter 102/300 | best_global_cost=5.172538 | iter_best=5.172538
2026-02-23 21:47:53 | INFO | underwater_sensor_ga.pso | PSO iter 103/300 | best_global_cost=5.172538 | iter_best=5.351936
2026-02-23 21:47:54 | INFO | underwater_sensor_ga.pso | PSO iter 104/300 | best_global_cost=5.172538 | iter_best=5.822759
2026-02-23 21:47:55 | INFO | underwater_sensor_ga.pso | PSO iter 105/300 | best_global_cost=5.172538 | iter_best=6.221337
2026-02-23 21:47:56 | INFO | underwater_sensor_ga.pso | PSO iter 106/300 | best_global_cost=5.172538 | iter_best=5.709366
2026-02-23 21:47:57 | INFO | underwater_sensor_ga.pso | PSO iter 107/300 | best_global_cost=5.172538 | iter_best=5.797156
2026-02-23 21:47:58 | INFO | underwater_sensor_ga.pso | PSO iter 108/300 | best_global_cost=5.172538 | iter_best=6.290184
2026-02-23 21:47:59 | INFO | underwater_sensor_ga.pso | PSO iter 109/300 | best_global_cost=5.172538 | iter_best=6.168715
2026-02-23 21:48:00 | INFO | underwater_sensor_ga.pso | PSO iter 110/300 | best_global_cost=5.172538 | iter_best=5.979279
2026-02-23 21:48:01 | INFO | underwater_sensor_ga.pso | PSO iter 111/300 | best_global_cost=5.172538 | iter_best=5.611863
2026-02-23 21:48:02 | INFO | underwater_sensor_ga.pso | PSO iter 112/300 | best_global_cost=5.172538 | iter_best=5.646121
2026-02-23 21:48:04 | INFO | underwater_sensor_ga.pso | PSO iter 113/300 | best_global_cost=5.172538 | iter_best=5.879439
2026-02-23 21:48:05 | INFO | underwater_sensor_ga.pso | PSO iter 114/300 | best_global_cost=5.172538 | iter_best=5.944009
2026-02-23 21:48:06 | INFO | underwater_sensor_ga.pso | PSO iter 115/300 | best_global_cost=5.172538 | iter_best=5.797007
2026-02-23 21:48:07 | INFO | underwater_sensor_ga.pso | PSO iter 116/300 | best_global_cost=5.172538 | iter_best=5.405124
2026-02-23 21:48:08 | INFO | underwater_sensor_ga.pso | PSO iter 117/300 | best_global_cost=5.172538 | iter_best=5.554005
2026-02-23 21:48:09 | INFO | underwater_sensor_ga.pso | PSO iter 118/300 | best_global_cost=5.172538 | iter_best=5.713241
2026-02-23 21:48:10 | INFO | underwater_sensor_ga.pso | PSO iter 119/300 | best_global_cost=5.172538 | iter_best=6.461443
2026-02-23 21:48:11 | INFO | underwater_sensor_ga.pso | PSO iter 120/300 | best_global_cost=5.172538 | iter_best=6.209247
2026-02-23 21:48:12 | INFO | underwater_sensor_ga.pso | PSO iter 121/300 | best_global_cost=5.172538 | iter_best=5.880611
2026-02-23 21:48:13 | INFO | underwater_sensor_ga.pso | PSO iter 122/300 | best_global_cost=5.172538 | iter_best=6.063982
2026-02-23 21:48:14 | INFO | underwater_sensor_ga.pso | PSO iter 123/300 | best_global_cost=5.172538 | iter_best=6.041779
2026-02-23 21:48:16 | INFO | underwater_sensor_ga.pso | PSO iter 124/300 | best_global_cost=5.172538 | iter_best=5.827257
2026-02-23 21:48:17 | INFO | underwater_sensor_ga.pso | PSO iter 125/300 | best_global_cost=5.172538 | iter_best=5.736582
2026-02-23 21:48:18 | INFO | underwater_sensor_ga.pso | PSO iter 126/300 | best_global_cost=5.172538 | iter_best=6.107672
2026-02-23 21:48:19 | INFO | underwater_sensor_ga.pso | PSO iter 127/300 | best_global_cost=5.172538 | iter_best=6.078263
2026-02-23 21:48:20 | INFO | underwater_sensor_ga.pso | PSO iter 128/300 | best_global_cost=5.172538 | iter_best=5.809873
2026-02-23 21:48:21 | INFO | underwater_sensor_ga.pso | PSO iter 129/300 | best_global_cost=5.172538 | iter_best=5.580258
2026-02-23 21:48:22 | INFO | underwater_sensor_ga.pso | PSO iter 130/300 | best_global_cost=5.172538 | iter_best=6.040823
2026-02-23 21:48:24 | INFO | underwater_sensor_ga.pso | PSO iter 131/300 | best_global_cost=5.172538 | iter_best=5.862333
2026-02-23 21:48:25 | INFO | underwater_sensor_ga.pso | PSO iter 132/300 | best_global_cost=5.172538 | iter_best=5.539163
2026-02-23 21:48:26 | INFO | underwater_sensor_ga.pso | PSO iter 133/300 | best_global_cost=5.172538 | iter_best=6.019429
2026-02-23 21:48:27 | INFO | underwater_sensor_ga.pso | PSO iter 134/300 | best_global_cost=5.172538 | iter_best=6.058248
2026-02-23 21:48:28 | INFO | underwater_sensor_ga.pso | PSO iter 135/300 | best_global_cost=5.172538 | iter_best=5.565171
2026-02-23 21:48:30 | INFO | underwater_sensor_ga.pso | PSO iter 136/300 | best_global_cost=5.172538 | iter_best=5.795623
2026-02-23 21:48:31 | INFO | underwater_sensor_ga.pso | PSO iter 137/300 | best_global_cost=5.172538 | iter_best=5.855198
2026-02-23 21:48:33 | INFO | underwater_sensor_ga.pso | PSO iter 138/300 | best_global_cost=5.172538 | iter_best=5.590589
2026-02-23 21:48:34 | INFO | underwater_sensor_ga.pso | PSO iter 139/300 | best_global_cost=5.172538 | iter_best=6.116467
2026-02-23 21:48:35 | INFO | underwater_sensor_ga.pso | PSO iter 140/300 | best_global_cost=5.172538 | iter_best=6.144578
2026-02-23 21:48:36 | INFO | underwater_sensor_ga.pso | PSO iter 141/300 | best_global_cost=5.172538 | iter_best=5.684710
2026-02-23 21:48:37 | INFO | underwater_sensor_ga.pso | PSO iter 142/300 | best_global_cost=5.172538 | iter_best=6.223921
2026-02-23 21:48:38 | INFO | underwater_sensor_ga.pso | PSO iter 143/300 | best_global_cost=5.172538 | iter_best=6.036579
2026-02-23 21:48:39 | INFO | underwater_sensor_ga.pso | PSO iter 144/300 | best_global_cost=5.172538 | iter_best=5.589990
2026-02-23 21:48:40 | INFO | underwater_sensor_ga.pso | PSO iter 145/300 | best_global_cost=5.172538 | iter_best=5.575363
2026-02-23 21:48:41 | INFO | underwater_sensor_ga.pso | PSO iter 146/300 | best_global_cost=5.172538 | iter_best=5.793365
2026-02-23 21:48:42 | INFO | underwater_sensor_ga.pso | PSO iter 147/300 | best_global_cost=5.172538 | iter_best=5.674042
2026-02-23 21:48:43 | INFO | underwater_sensor_ga.pso | PSO iter 148/300 | best_global_cost=5.172538 | iter_best=6.025804
2026-02-23 21:48:44 | INFO | underwater_sensor_ga.pso | PSO iter 149/300 | best_global_cost=5.172538 | iter_best=6.103630
2026-02-23 21:48:46 | INFO | underwater_sensor_ga.pso | PSO iter 150/300 | best_global_cost=5.172538 | iter_best=5.286440
2026-02-23 21:48:47 | INFO | underwater_sensor_ga.pso | PSO iter 151/300 | best_global_cost=5.172538 | iter_best=5.813478
2026-02-23 21:48:48 | INFO | underwater_sensor_ga.pso | PSO iter 152/300 | best_global_cost=5.172538 | iter_best=5.723704
2026-02-23 21:48:49 | INFO | underwater_sensor_ga.pso | PSO iter 153/300 | best_global_cost=5.172538 | iter_best=5.553832
2026-02-23 21:48:50 | INFO | underwater_sensor_ga.pso | PSO iter 154/300 | best_global_cost=5.172538 | iter_best=5.516360
2026-02-23 21:48:51 | INFO | underwater_sensor_ga.pso | PSO iter 155/300 | best_global_cost=5.172538 | iter_best=5.863312
2026-02-23 21:48:52 | INFO | underwater_sensor_ga.pso | PSO iter 156/300 | best_global_cost=5.172538 | iter_best=5.820068
2026-02-23 21:48:53 | INFO | underwater_sensor_ga.pso | PSO iter 157/300 | best_global_cost=5.172538 | iter_best=6.144539
2026-02-23 21:48:54 | INFO | underwater_sensor_ga.pso | PSO iter 158/300 | best_global_cost=5.172538 | iter_best=5.668743
2026-02-23 21:48:55 | INFO | underwater_sensor_ga.pso | PSO iter 159/300 | best_global_cost=5.172538 | iter_best=5.915759
2026-02-23 21:48:56 | INFO | underwater_sensor_ga.pso | PSO iter 160/300 | best_global_cost=5.172538 | iter_best=6.055346
2026-02-23 21:48:57 | INFO | underwater_sensor_ga.pso | PSO iter 161/300 | best_global_cost=5.172538 | iter_best=5.833983
2026-02-23 21:48:58 | INFO | underwater_sensor_ga.pso | PSO iter 162/300 | best_global_cost=5.172538 | iter_best=5.740449
2026-02-23 21:48:59 | INFO | underwater_sensor_ga.pso | PSO iter 163/300 | best_global_cost=5.172538 | iter_best=6.501842
2026-02-23 21:49:01 | INFO | underwater_sensor_ga.pso | PSO iter 164/300 | best_global_cost=5.172538 | iter_best=6.071364
2026-02-23 21:49:02 | INFO | underwater_sensor_ga.pso | PSO iter 165/300 | best_global_cost=5.172538 | iter_best=6.247135
2026-02-23 21:49:03 | INFO | underwater_sensor_ga.pso | PSO iter 166/300 | best_global_cost=5.172538 | iter_best=5.900771
2026-02-23 21:49:04 | INFO | underwater_sensor_ga.pso | PSO iter 167/300 | best_global_cost=5.172538 | iter_best=5.901069
2026-02-23 21:49:05 | INFO | underwater_sensor_ga.pso | PSO iter 168/300 | best_global_cost=5.172538 | iter_best=6.029276
2026-02-23 21:49:06 | INFO | underwater_sensor_ga.pso | PSO iter 169/300 | best_global_cost=5.172538 | iter_best=5.840926
2026-02-23 21:49:07 | INFO | underwater_sensor_ga.pso | PSO iter 170/300 | best_global_cost=5.172538 | iter_best=6.211912
2026-02-23 21:49:08 | INFO | underwater_sensor_ga.pso | PSO iter 171/300 | best_global_cost=5.172538 | iter_best=5.759502
2026-02-23 21:49:09 | INFO | underwater_sensor_ga.pso | PSO iter 172/300 | best_global_cost=5.172538 | iter_best=5.938559
2026-02-23 21:49:10 | INFO | underwater_sensor_ga.pso | PSO iter 173/300 | best_global_cost=5.172538 | iter_best=5.843984
2026-02-23 21:49:11 | INFO | underwater_sensor_ga.pso | PSO iter 174/300 | best_global_cost=5.172538 | iter_best=5.966546
2026-02-23 21:49:12 | INFO | underwater_sensor_ga.pso | PSO iter 175/300 | best_global_cost=5.172538 | iter_best=6.003261
2026-02-23 21:49:13 | INFO | underwater_sensor_ga.pso | PSO iter 176/300 | best_global_cost=5.172538 | iter_best=5.587263
2026-02-23 21:49:14 | INFO | underwater_sensor_ga.pso | PSO iter 177/300 | best_global_cost=5.172538 | iter_best=5.945422
2026-02-23 21:49:15 | INFO | underwater_sensor_ga.pso | PSO iter 178/300 | best_global_cost=5.172538 | iter_best=5.536872
2026-02-23 21:49:16 | INFO | underwater_sensor_ga.pso | PSO iter 179/300 | best_global_cost=5.172538 | iter_best=5.829224
2026-02-23 21:49:17 | INFO | underwater_sensor_ga.pso | PSO iter 180/300 | best_global_cost=5.172538 | iter_best=5.962496
2026-02-23 21:49:19 | INFO | underwater_sensor_ga.pso | PSO iter 181/300 | best_global_cost=5.172538 | iter_best=5.716596
2026-02-23 21:49:20 | INFO | underwater_sensor_ga.pso | PSO iter 182/300 | best_global_cost=5.172538 | iter_best=6.262406
2026-02-23 21:49:21 | INFO | underwater_sensor_ga.pso | PSO iter 183/300 | best_global_cost=5.172538 | iter_best=5.933806
2026-02-23 21:49:22 | INFO | underwater_sensor_ga.pso | PSO iter 184/300 | best_global_cost=5.172538 | iter_best=5.683152
2026-02-23 21:49:23 | INFO | underwater_sensor_ga.pso | PSO iter 185/300 | best_global_cost=5.172538 | iter_best=5.991366
2026-02-23 21:49:24 | INFO | underwater_sensor_ga.pso | PSO iter 186/300 | best_global_cost=5.172538 | iter_best=5.793816
2026-02-23 21:49:27 | INFO | underwater_sensor_ga.pso | PSO iter 187/300 | best_global_cost=5.172538 | iter_best=5.921335
2026-02-23 21:49:28 | INFO | underwater_sensor_ga.pso | PSO iter 188/300 | best_global_cost=5.172538 | iter_best=5.816612
2026-02-23 21:49:30 | INFO | underwater_sensor_ga.pso | PSO iter 189/300 | best_global_cost=5.172538 | iter_best=5.918971
2026-02-23 21:49:31 | INFO | underwater_sensor_ga.pso | PSO iter 190/300 | best_global_cost=5.172538 | iter_best=5.742133
2026-02-23 21:49:32 | INFO | underwater_sensor_ga.pso | PSO iter 191/300 | best_global_cost=5.172538 | iter_best=5.882045
2026-02-23 21:49:33 | INFO | underwater_sensor_ga.pso | PSO iter 192/300 | best_global_cost=5.172538 | iter_best=5.685881
2026-02-23 21:49:34 | INFO | underwater_sensor_ga.pso | PSO iter 193/300 | best_global_cost=5.172538 | iter_best=6.176788
2026-02-23 21:49:35 | INFO | underwater_sensor_ga.pso | PSO iter 194/300 | best_global_cost=5.172538 | iter_best=5.774206
2026-02-23 21:49:36 | INFO | underwater_sensor_ga.pso | PSO iter 195/300 | best_global_cost=5.172538 | iter_best=5.793415
2026-02-23 21:49:37 | INFO | underwater_sensor_ga.pso | PSO iter 196/300 | best_global_cost=5.172538 | iter_best=5.720275
2026-02-23 21:49:38 | INFO | underwater_sensor_ga.pso | PSO iter 197/300 | best_global_cost=5.172538 | iter_best=5.847642
2026-02-23 21:49:39 | INFO | underwater_sensor_ga.pso | PSO iter 198/300 | best_global_cost=5.172538 | iter_best=5.716445
2026-02-23 21:49:40 | INFO | underwater_sensor_ga.pso | PSO iter 199/300 | best_global_cost=5.172538 | iter_best=5.975306
2026-02-23 21:49:41 | INFO | underwater_sensor_ga.pso | PSO iter 200/300 | best_global_cost=5.172538 | iter_best=5.891526
2026-02-23 21:49:42 | INFO | underwater_sensor_ga.pso | PSO iter 201/300 | best_global_cost=5.172538 | iter_best=5.645024
2026-02-23 21:49:43 | INFO | underwater_sensor_ga.pso | PSO iter 202/300 | best_global_cost=5.172538 | iter_best=5.824891
2026-02-23 21:49:44 | INFO | underwater_sensor_ga.pso | PSO iter 203/300 | best_global_cost=5.172538 | iter_best=5.755137
2026-02-23 21:49:45 | INFO | underwater_sensor_ga.pso | PSO iter 204/300 | best_global_cost=5.172538 | iter_best=5.510811
2026-02-23 21:49:46 | INFO | underwater_sensor_ga.pso | PSO iter 205/300 | best_global_cost=5.172538 | iter_best=6.268944
2026-02-23 21:49:47 | INFO | underwater_sensor_ga.pso | PSO iter 206/300 | best_global_cost=5.172538 | iter_best=5.718976
2026-02-23 21:49:48 | INFO | underwater_sensor_ga.pso | PSO iter 207/300 | best_global_cost=5.172538 | iter_best=6.079736
2026-02-23 21:49:49 | INFO | underwater_sensor_ga.pso | PSO iter 208/300 | best_global_cost=5.172538 | iter_best=5.820077
2026-02-23 21:49:51 | INFO | underwater_sensor_ga.pso | PSO iter 209/300 | best_global_cost=5.172538 | iter_best=5.727750
2026-02-23 21:49:55 | INFO | underwater_sensor_ga.pso | PSO iter 210/300 | best_global_cost=5.172538 | iter_best=5.973342
2026-02-23 21:49:57 | INFO | underwater_sensor_ga.pso | PSO iter 211/300 | best_global_cost=5.172538 | iter_best=5.800337
2026-02-23 21:49:59 | INFO | underwater_sensor_ga.pso | PSO iter 212/300 | best_global_cost=5.172538 | iter_best=6.000211
2026-02-23 21:50:00 | INFO | underwater_sensor_ga.pso | PSO iter 213/300 | best_global_cost=5.172538 | iter_best=5.242737
2026-02-23 21:50:01 | INFO | underwater_sensor_ga.pso | PSO iter 214/300 | best_global_cost=5.172538 | iter_best=5.854456
2026-02-23 21:50:03 | INFO | underwater_sensor_ga.pso | PSO iter 215/300 | best_global_cost=5.172538 | iter_best=5.797611
2026-02-23 21:50:04 | INFO | underwater_sensor_ga.pso | PSO iter 216/300 | best_global_cost=5.172538 | iter_best=5.640323
2026-02-23 21:50:05 | INFO | underwater_sensor_ga.pso | PSO iter 217/300 | best_global_cost=5.172538 | iter_best=5.376279
2026-02-23 21:50:06 | INFO | underwater_sensor_ga.pso | PSO iter 218/300 | best_global_cost=5.172538 | iter_best=5.772609
2026-02-23 21:50:07 | INFO | underwater_sensor_ga.pso | PSO iter 219/300 | best_global_cost=5.172538 | iter_best=5.846652
2026-02-23 21:50:09 | INFO | underwater_sensor_ga.pso | PSO iter 220/300 | best_global_cost=5.172538 | iter_best=5.803960
2026-02-23 21:50:10 | INFO | underwater_sensor_ga.pso | PSO iter 221/300 | best_global_cost=5.172538 | iter_best=6.043453
2026-02-23 21:50:11 | INFO | underwater_sensor_ga.pso | PSO iter 222/300 | best_global_cost=5.172538 | iter_best=5.645896
2026-02-23 21:50:12 | INFO | underwater_sensor_ga.pso | PSO iter 223/300 | best_global_cost=5.172538 | iter_best=5.234272
2026-02-23 21:50:13 | INFO | underwater_sensor_ga.pso | PSO iter 224/300 | best_global_cost=5.172538 | iter_best=5.757419
2026-02-23 21:50:14 | INFO | underwater_sensor_ga.pso | PSO iter 225/300 | best_global_cost=5.172538 | iter_best=5.646083
2026-02-23 21:50:15 | INFO | underwater_sensor_ga.pso | PSO iter 226/300 | best_global_cost=5.172538 | iter_best=5.871490
2026-02-23 21:50:16 | INFO | underwater_sensor_ga.pso | PSO iter 227/300 | best_global_cost=5.172538 | iter_best=6.150942
2026-02-23 21:50:17 | INFO | underwater_sensor_ga.pso | PSO iter 228/300 | best_global_cost=5.172538 | iter_best=5.596214
2026-02-23 21:50:18 | INFO | underwater_sensor_ga.pso | PSO iter 229/300 | best_global_cost=5.172538 | iter_best=6.386694
2026-02-23 21:50:19 | INFO | underwater_sensor_ga.pso | PSO iter 230/300 | best_global_cost=5.172538 | iter_best=5.594229
2026-02-23 21:50:20 | INFO | underwater_sensor_ga.pso | PSO iter 231/300 | best_global_cost=5.172538 | iter_best=6.078817
2026-02-23 21:50:21 | INFO | underwater_sensor_ga.pso | PSO iter 232/300 | best_global_cost=5.172538 | iter_best=6.324033
2026-02-23 21:50:22 | INFO | underwater_sensor_ga.pso | PSO iter 233/300 | best_global_cost=5.172538 | iter_best=5.892414
2026-02-23 21:50:23 | INFO | underwater_sensor_ga.pso | PSO iter 234/300 | best_global_cost=5.172538 | iter_best=5.727719
2026-02-23 21:50:24 | INFO | underwater_sensor_ga.pso | PSO iter 235/300 | best_global_cost=5.172538 | iter_best=5.732795
2026-02-23 21:50:25 | INFO | underwater_sensor_ga.pso | PSO iter 236/300 | best_global_cost=5.172538 | iter_best=5.807883
2026-02-23 21:50:26 | INFO | underwater_sensor_ga.pso | PSO iter 237/300 | best_global_cost=5.172538 | iter_best=6.236496
2026-02-23 21:50:27 | INFO | underwater_sensor_ga.pso | PSO iter 238/300 | best_global_cost=5.172538 | iter_best=5.923964
2026-02-23 21:50:28 | INFO | underwater_sensor_ga.pso | PSO iter 239/300 | best_global_cost=5.172538 | iter_best=6.268499
2026-02-23 21:50:29 | INFO | underwater_sensor_ga.pso | PSO iter 240/300 | best_global_cost=5.172538 | iter_best=5.885046
2026-02-23 21:50:30 | INFO | underwater_sensor_ga.pso | PSO iter 241/300 | best_global_cost=5.172538 | iter_best=5.667503
2026-02-23 21:50:31 | INFO | underwater_sensor_ga.pso | PSO iter 242/300 | best_global_cost=5.172538 | iter_best=5.456795
2026-02-23 21:50:32 | INFO | underwater_sensor_ga.pso | PSO iter 243/300 | best_global_cost=5.172538 | iter_best=5.537344
2026-02-23 21:50:33 | INFO | underwater_sensor_ga.pso | PSO iter 244/300 | best_global_cost=5.172538 | iter_best=5.503728
2026-02-23 21:50:34 | INFO | underwater_sensor_ga.pso | PSO iter 245/300 | best_global_cost=5.172538 | iter_best=6.225147
2026-02-23 21:50:35 | INFO | underwater_sensor_ga.pso | PSO iter 246/300 | best_global_cost=5.172538 | iter_best=5.861872
2026-02-23 21:50:36 | INFO | underwater_sensor_ga.pso | PSO iter 247/300 | best_global_cost=5.172538 | iter_best=5.862324
2026-02-23 21:50:37 | INFO | underwater_sensor_ga.pso | PSO iter 248/300 | best_global_cost=5.172538 | iter_best=5.567227
2026-02-23 21:50:38 | INFO | underwater_sensor_ga.pso | PSO iter 249/300 | best_global_cost=5.172538 | iter_best=5.662549
2026-02-23 21:50:39 | INFO | underwater_sensor_ga.pso | PSO iter 250/300 | best_global_cost=5.172538 | iter_best=5.963138
2026-02-23 21:50:40 | INFO | underwater_sensor_ga.pso | PSO iter 251/300 | best_global_cost=5.172538 | iter_best=6.200176
2026-02-23 21:50:41 | INFO | underwater_sensor_ga.pso | PSO iter 252/300 | best_global_cost=5.172538 | iter_best=6.043999
2026-02-23 21:50:42 | INFO | underwater_sensor_ga.pso | PSO iter 253/300 | best_global_cost=5.172538 | iter_best=5.930314
2026-02-23 21:50:43 | INFO | underwater_sensor_ga.pso | PSO iter 254/300 | best_global_cost=5.172538 | iter_best=5.659191
2026-02-23 21:50:44 | INFO | underwater_sensor_ga.pso | PSO iter 255/300 | best_global_cost=5.172538 | iter_best=5.962868
2026-02-23 21:50:45 | INFO | underwater_sensor_ga.pso | PSO iter 256/300 | best_global_cost=5.172538 | iter_best=5.687278
2026-02-23 21:50:46 | INFO | underwater_sensor_ga.pso | PSO iter 257/300 | best_global_cost=5.172538 | iter_best=5.596695
2026-02-23 21:50:47 | INFO | underwater_sensor_ga.pso | PSO iter 258/300 | best_global_cost=5.172538 | iter_best=5.632557
2026-02-23 21:50:48 | INFO | underwater_sensor_ga.pso | PSO iter 259/300 | best_global_cost=5.172538 | iter_best=6.046369
2026-02-23 21:50:49 | INFO | underwater_sensor_ga.pso | PSO iter 260/300 | best_global_cost=5.172538 | iter_best=5.761518
2026-02-23 21:50:50 | INFO | underwater_sensor_ga.pso | PSO iter 261/300 | best_global_cost=5.172538 | iter_best=5.640373
2026-02-23 21:50:51 | INFO | underwater_sensor_ga.pso | PSO iter 262/300 | best_global_cost=5.172538 | iter_best=5.280509
2026-02-23 21:50:52 | INFO | underwater_sensor_ga.pso | PSO iter 263/300 | best_global_cost=5.172538 | iter_best=5.720465
2026-02-23 21:50:53 | INFO | underwater_sensor_ga.pso | PSO iter 264/300 | best_global_cost=5.172538 | iter_best=6.304936
2026-02-23 21:50:54 | INFO | underwater_sensor_ga.pso | PSO iter 265/300 | best_global_cost=5.172538 | iter_best=5.843038
2026-02-23 21:50:55 | INFO | underwater_sensor_ga.pso | PSO iter 266/300 | best_global_cost=5.172538 | iter_best=5.487814
2026-02-23 21:50:56 | INFO | underwater_sensor_ga.pso | PSO iter 267/300 | best_global_cost=5.172538 | iter_best=5.799501
2026-02-23 21:50:57 | INFO | underwater_sensor_ga.pso | PSO iter 268/300 | best_global_cost=5.172538 | iter_best=5.948433
2026-02-23 21:50:58 | INFO | underwater_sensor_ga.pso | PSO iter 269/300 | best_global_cost=5.172538 | iter_best=5.899839
2026-02-23 21:50:59 | INFO | underwater_sensor_ga.pso | PSO iter 270/300 | best_global_cost=5.172538 | iter_best=5.921098
2026-02-23 21:51:00 | INFO | underwater_sensor_ga.pso | PSO iter 271/300 | best_global_cost=5.172538 | iter_best=5.710782
2026-02-23 21:51:01 | INFO | underwater_sensor_ga.pso | PSO iter 272/300 | best_global_cost=5.172538 | iter_best=5.736128
2026-02-23 21:51:02 | INFO | underwater_sensor_ga.pso | PSO iter 273/300 | best_global_cost=5.172538 | iter_best=5.254459
2026-02-23 21:51:04 | INFO | underwater_sensor_ga.pso | PSO iter 274/300 | best_global_cost=5.172538 | iter_best=6.265181
2026-02-23 21:51:05 | INFO | underwater_sensor_ga.pso | PSO iter 275/300 | best_global_cost=5.172538 | iter_best=6.260944
2026-02-23 21:51:05 | INFO | underwater_sensor_ga.pso | PSO iter 276/300 | best_global_cost=5.172538 | iter_best=6.095576
2026-02-23 21:51:06 | INFO | underwater_sensor_ga.pso | PSO iter 277/300 | best_global_cost=5.172538 | iter_best=6.098521
2026-02-23 21:51:07 | INFO | underwater_sensor_ga.pso | PSO iter 278/300 | best_global_cost=5.172538 | iter_best=5.872382
2026-02-23 21:51:08 | INFO | underwater_sensor_ga.pso | PSO iter 279/300 | best_global_cost=5.172538 | iter_best=5.490011
2026-02-23 21:51:09 | INFO | underwater_sensor_ga.pso | PSO iter 280/300 | best_global_cost=5.172538 | iter_best=5.778254
2026-02-23 21:51:11 | INFO | underwater_sensor_ga.pso | PSO iter 281/300 | best_global_cost=5.172538 | iter_best=5.490551
2026-02-23 21:51:12 | INFO | underwater_sensor_ga.pso | PSO iter 282/300 | best_global_cost=5.172538 | iter_best=5.966129
2026-02-23 21:51:13 | INFO | underwater_sensor_ga.pso | PSO iter 283/300 | best_global_cost=5.172538 | iter_best=6.028870
2026-02-23 21:51:14 | INFO | underwater_sensor_ga.pso | PSO iter 284/300 | best_global_cost=5.172538 | iter_best=5.808984
2026-02-23 21:51:15 | INFO | underwater_sensor_ga.pso | PSO iter 285/300 | best_global_cost=5.172538 | iter_best=6.169550
2026-02-23 21:51:16 | INFO | underwater_sensor_ga.pso | PSO iter 286/300 | best_global_cost=5.172538 | iter_best=5.651488
2026-02-23 21:51:17 | INFO | underwater_sensor_ga.pso | PSO iter 287/300 | best_global_cost=5.172538 | iter_best=5.860335
2026-02-23 21:51:18 | INFO | underwater_sensor_ga.pso | PSO iter 288/300 | best_global_cost=5.172538 | iter_best=5.783239
2026-02-23 21:51:19 | INFO | underwater_sensor_ga.pso | PSO iter 289/300 | best_global_cost=5.172538 | iter_best=5.809794
2026-02-23 21:51:19 | INFO | underwater_sensor_ga.pso | PSO iter 290/300 | best_global_cost=5.172538 | iter_best=5.630188
2026-02-23 21:51:20 | INFO | underwater_sensor_ga.pso | PSO iter 291/300 | best_global_cost=5.172538 | iter_best=5.454017
2026-02-23 21:51:21 | INFO | underwater_sensor_ga.pso | PSO iter 292/300 | best_global_cost=5.172538 | iter_best=5.931124
2026-02-23 21:51:22 | INFO | underwater_sensor_ga.pso | PSO iter 293/300 | best_global_cost=5.172538 | iter_best=5.720629
2026-02-23 21:51:23 | INFO | underwater_sensor_ga.pso | PSO iter 294/300 | best_global_cost=5.172538 | iter_best=6.127995
2026-02-23 21:51:24 | INFO | underwater_sensor_ga.pso | PSO iter 295/300 | best_global_cost=5.172538 | iter_best=5.803775
2026-02-23 21:51:25 | INFO | underwater_sensor_ga.pso | PSO iter 296/300 | best_global_cost=5.172538 | iter_best=6.211943
2026-02-23 21:51:27 | INFO | underwater_sensor_ga.pso | PSO iter 297/300 | best_global_cost=5.172538 | iter_best=5.798665
2026-02-23 21:51:28 | INFO | underwater_sensor_ga.pso | PSO iter 298/300 | best_global_cost=5.172538 | iter_best=5.671151
2026-02-23 21:51:29 | INFO | underwater_sensor_ga.pso | PSO iter 299/300 | best_global_cost=5.172538 | iter_best=6.178942
2026-02-23 21:51:30 | INFO | underwater_sensor_ga.pso | PSO iter 300/300 | best_global_cost=5.172538 | iter_best=6.237937
2026-02-23 21:51:30 | INFO | underwater_sensor_ga.pso_runner | Final PSO best cost (N=3): 5.172538
2026-02-23 21:51:30 | INFO | underwater_sensor_ga.pso_runner | ================================================================================
2026-02-23 21:51:30 | INFO | underwater_sensor_ga.pso_runner | Running PSO for number_of_sensors=4
2026-02-23 21:51:30 | INFO | underwater_sensor_ga.pso | PSO seeds | pso_seed=321 | scenario_seed=123
2026-02-23 21:51:31 | INFO | underwater_sensor_ga.pso | PSO iter 1/300 | best_global_cost=5.381571 | iter_best=5.381571
2026-02-23 21:51:32 | INFO | underwater_sensor_ga.pso | PSO iter 2/300 | best_global_cost=5.381571 | iter_best=6.257962
2026-02-23 21:51:33 | INFO | underwater_sensor_ga.pso | PSO iter 3/300 | best_global_cost=5.123835 | iter_best=5.123835
2026-02-23 21:51:34 | INFO | underwater_sensor_ga.pso | PSO iter 4/300 | best_global_cost=5.123835 | iter_best=5.293829
2026-02-23 21:51:36 | INFO | underwater_sensor_ga.pso | PSO iter 5/300 | best_global_cost=5.123835 | iter_best=5.393840
2026-02-23 21:51:37 | INFO | underwater_sensor_ga.pso | PSO iter 6/300 | best_global_cost=5.123835 | iter_best=5.371723
2026-02-23 21:51:38 | INFO | underwater_sensor_ga.pso | PSO iter 7/300 | best_global_cost=5.017736 | iter_best=5.017736
2026-02-23 21:51:39 | INFO | underwater_sensor_ga.pso | PSO iter 8/300 | best_global_cost=4.998543 | iter_best=4.998543
2026-02-23 21:51:40 | INFO | underwater_sensor_ga.pso | PSO iter 9/300 | best_global_cost=4.998543 | iter_best=5.755051
2026-02-23 21:51:42 | INFO | underwater_sensor_ga.pso | PSO iter 10/300 | best_global_cost=4.998543 | iter_best=5.847512
2026-02-23 21:51:43 | INFO | underwater_sensor_ga.pso | PSO iter 11/300 | best_global_cost=4.998543 | iter_best=5.860246
2026-02-23 21:51:44 | INFO | underwater_sensor_ga.pso | PSO iter 12/300 | best_global_cost=4.981083 | iter_best=4.981083
2026-02-23 21:51:46 | INFO | underwater_sensor_ga.pso | PSO iter 13/300 | best_global_cost=4.981083 | iter_best=5.075154
2026-02-23 21:51:47 | INFO | underwater_sensor_ga.pso | PSO iter 14/300 | best_global_cost=4.981083 | iter_best=5.067514
2026-02-23 21:51:48 | INFO | underwater_sensor_ga.pso | PSO iter 15/300 | best_global_cost=4.981083 | iter_best=5.150464
2026-02-23 21:51:50 | INFO | underwater_sensor_ga.pso | PSO iter 16/300 | best_global_cost=4.965416 | iter_best=4.965416
2026-02-23 21:51:51 | INFO | underwater_sensor_ga.pso | PSO iter 17/300 | best_global_cost=4.965416 | iter_best=5.350746
2026-02-23 21:51:52 | INFO | underwater_sensor_ga.pso | PSO iter 18/300 | best_global_cost=4.965416 | iter_best=5.358014
2026-02-23 21:51:53 | INFO | underwater_sensor_ga.pso | PSO iter 19/300 | best_global_cost=4.965416 | iter_best=5.754966
2026-02-23 21:51:55 | INFO | underwater_sensor_ga.pso | PSO iter 20/300 | best_global_cost=4.965416 | iter_best=5.547786
2026-02-23 21:51:56 | INFO | underwater_sensor_ga.pso | PSO iter 21/300 | best_global_cost=4.965416 | iter_best=5.280150
2026-02-23 21:51:57 | INFO | underwater_sensor_ga.pso | PSO iter 22/300 | best_global_cost=4.965416 | iter_best=5.226567
2026-02-23 21:51:59 | INFO | underwater_sensor_ga.pso | PSO iter 23/300 | best_global_cost=4.965416 | iter_best=5.785341
2026-02-23 21:52:00 | INFO | underwater_sensor_ga.pso | PSO iter 24/300 | best_global_cost=4.965416 | iter_best=5.455698
2026-02-23 21:52:03 | INFO | underwater_sensor_ga.pso | PSO iter 25/300 | best_global_cost=4.800511 | iter_best=4.800511
2026-02-23 21:52:05 | INFO | underwater_sensor_ga.pso | PSO iter 26/300 | best_global_cost=4.800511 | iter_best=5.283390
2026-02-23 21:52:06 | INFO | underwater_sensor_ga.pso | PSO iter 27/300 | best_global_cost=4.800511 | iter_best=4.863571
2026-02-23 21:52:08 | INFO | underwater_sensor_ga.pso | PSO iter 28/300 | best_global_cost=4.800511 | iter_best=5.431801
2026-02-23 21:52:09 | INFO | underwater_sensor_ga.pso | PSO iter 29/300 | best_global_cost=4.800511 | iter_best=5.123354
2026-02-23 21:52:10 | INFO | underwater_sensor_ga.pso | PSO iter 30/300 | best_global_cost=4.800511 | iter_best=5.170679
2026-02-23 21:52:13 | INFO | underwater_sensor_ga.pso | PSO iter 31/300 | best_global_cost=4.800511 | iter_best=4.938660
2026-02-23 21:52:15 | INFO | underwater_sensor_ga.pso | PSO iter 32/300 | best_global_cost=4.800511 | iter_best=5.003805
2026-02-23 21:52:17 | INFO | underwater_sensor_ga.pso | PSO iter 33/300 | best_global_cost=4.800511 | iter_best=5.186936
2026-02-23 21:52:18 | INFO | underwater_sensor_ga.pso | PSO iter 34/300 | best_global_cost=4.800511 | iter_best=4.966628
2026-02-23 21:52:19 | INFO | underwater_sensor_ga.pso | PSO iter 35/300 | best_global_cost=4.800511 | iter_best=5.124247
2026-02-23 21:52:20 | INFO | underwater_sensor_ga.pso | PSO iter 36/300 | best_global_cost=4.800511 | iter_best=5.190000
2026-02-23 21:52:22 | INFO | underwater_sensor_ga.pso | PSO iter 37/300 | best_global_cost=4.800511 | iter_best=5.045355
2026-02-23 21:52:23 | INFO | underwater_sensor_ga.pso | PSO iter 38/300 | best_global_cost=4.753057 | iter_best=4.753057
2026-02-23 21:52:24 | INFO | underwater_sensor_ga.pso | PSO iter 39/300 | best_global_cost=4.753057 | iter_best=5.055447
2026-02-23 21:52:25 | INFO | underwater_sensor_ga.pso | PSO iter 40/300 | best_global_cost=4.638010 | iter_best=4.638010
2026-02-23 21:52:27 | INFO | underwater_sensor_ga.pso | PSO iter 41/300 | best_global_cost=4.638010 | iter_best=5.139625
2026-02-23 21:52:28 | INFO | underwater_sensor_ga.pso | PSO iter 42/300 | best_global_cost=4.638010 | iter_best=5.056043
2026-02-23 21:52:30 | INFO | underwater_sensor_ga.pso | PSO iter 43/300 | best_global_cost=4.638010 | iter_best=5.130612
2026-02-23 21:52:31 | INFO | underwater_sensor_ga.pso | PSO iter 44/300 | best_global_cost=4.638010 | iter_best=5.260323
2026-02-23 21:52:32 | INFO | underwater_sensor_ga.pso | PSO iter 45/300 | best_global_cost=4.638010 | iter_best=5.109615
2026-02-23 21:52:34 | INFO | underwater_sensor_ga.pso | PSO iter 46/300 | best_global_cost=4.638010 | iter_best=5.208167
2026-02-23 21:52:35 | INFO | underwater_sensor_ga.pso | PSO iter 47/300 | best_global_cost=4.638010 | iter_best=5.434261
2026-02-23 21:52:36 | INFO | underwater_sensor_ga.pso | PSO iter 48/300 | best_global_cost=4.638010 | iter_best=4.935350
2026-02-23 21:52:37 | INFO | underwater_sensor_ga.pso | PSO iter 49/300 | best_global_cost=4.638010 | iter_best=5.173035
2026-02-23 21:52:39 | INFO | underwater_sensor_ga.pso | PSO iter 50/300 | best_global_cost=4.638010 | iter_best=5.174645
2026-02-23 21:52:40 | INFO | underwater_sensor_ga.pso | PSO iter 51/300 | best_global_cost=4.638010 | iter_best=5.375957
2026-02-23 21:52:41 | INFO | underwater_sensor_ga.pso | PSO iter 52/300 | best_global_cost=4.638010 | iter_best=5.208211
2026-02-23 21:52:42 | INFO | underwater_sensor_ga.pso | PSO iter 53/300 | best_global_cost=4.638010 | iter_best=4.998358
2026-02-23 21:52:43 | INFO | underwater_sensor_ga.pso | PSO iter 54/300 | best_global_cost=4.638010 | iter_best=5.015252
2026-02-23 21:52:45 | INFO | underwater_sensor_ga.pso | PSO iter 55/300 | best_global_cost=4.638010 | iter_best=5.371081
2026-02-23 21:52:46 | INFO | underwater_sensor_ga.pso | PSO iter 56/300 | best_global_cost=4.638010 | iter_best=5.116256
2026-02-23 21:52:47 | INFO | underwater_sensor_ga.pso | PSO iter 57/300 | best_global_cost=4.638010 | iter_best=5.161200
2026-02-23 21:52:49 | INFO | underwater_sensor_ga.pso | PSO iter 58/300 | best_global_cost=4.638010 | iter_best=5.281651
2026-02-23 21:52:50 | INFO | underwater_sensor_ga.pso | PSO iter 59/300 | best_global_cost=4.638010 | iter_best=5.341276
2026-02-23 21:52:52 | INFO | underwater_sensor_ga.pso | PSO iter 60/300 | best_global_cost=4.638010 | iter_best=5.256036
2026-02-23 21:52:53 | INFO | underwater_sensor_ga.pso | PSO iter 61/300 | best_global_cost=4.638010 | iter_best=4.886892
2026-02-23 21:52:54 | INFO | underwater_sensor_ga.pso | PSO iter 62/300 | best_global_cost=4.638010 | iter_best=5.175429
2026-02-23 21:52:55 | INFO | underwater_sensor_ga.pso | PSO iter 63/300 | best_global_cost=4.638010 | iter_best=4.846901
2026-02-23 21:52:56 | INFO | underwater_sensor_ga.pso | PSO iter 64/300 | best_global_cost=4.638010 | iter_best=4.903626
2026-02-23 21:52:57 | INFO | underwater_sensor_ga.pso | PSO iter 65/300 | best_global_cost=4.638010 | iter_best=4.833808
2026-02-23 21:52:59 | INFO | underwater_sensor_ga.pso | PSO iter 66/300 | best_global_cost=4.638010 | iter_best=5.009959
2026-02-23 21:53:00 | INFO | underwater_sensor_ga.pso | PSO iter 67/300 | best_global_cost=4.638010 | iter_best=4.872876
2026-02-23 21:53:02 | INFO | underwater_sensor_ga.pso | PSO iter 68/300 | best_global_cost=4.638010 | iter_best=4.942852
2026-02-23 21:53:03 | INFO | underwater_sensor_ga.pso | PSO iter 69/300 | best_global_cost=4.638010 | iter_best=4.934536
2026-02-23 21:53:05 | INFO | underwater_sensor_ga.pso | PSO iter 70/300 | best_global_cost=4.638010 | iter_best=5.327438
2026-02-23 21:53:06 | INFO | underwater_sensor_ga.pso | PSO iter 71/300 | best_global_cost=4.638010 | iter_best=5.284288
2026-02-23 21:53:07 | INFO | underwater_sensor_ga.pso | PSO iter 72/300 | best_global_cost=4.638010 | iter_best=5.453419
2026-02-23 21:53:08 | INFO | underwater_sensor_ga.pso | PSO iter 73/300 | best_global_cost=4.638010 | iter_best=4.905610
2026-02-23 21:53:09 | INFO | underwater_sensor_ga.pso | PSO iter 74/300 | best_global_cost=4.638010 | iter_best=5.316778
2026-02-23 21:53:11 | INFO | underwater_sensor_ga.pso | PSO iter 75/300 | best_global_cost=4.434661 | iter_best=4.434661
2026-02-23 21:53:12 | INFO | underwater_sensor_ga.pso | PSO iter 76/300 | best_global_cost=4.434661 | iter_best=4.774382
2026-02-23 21:53:13 | INFO | underwater_sensor_ga.pso | PSO iter 77/300 | best_global_cost=4.434661 | iter_best=5.074624
2026-02-23 21:53:14 | INFO | underwater_sensor_ga.pso | PSO iter 78/300 | best_global_cost=4.434661 | iter_best=5.277838
2026-02-23 21:53:15 | INFO | underwater_sensor_ga.pso | PSO iter 79/300 | best_global_cost=4.434661 | iter_best=5.317034
2026-02-23 21:53:17 | INFO | underwater_sensor_ga.pso | PSO iter 80/300 | best_global_cost=4.434661 | iter_best=5.348321
2026-02-23 21:53:18 | INFO | underwater_sensor_ga.pso | PSO iter 81/300 | best_global_cost=4.434661 | iter_best=4.940476
2026-02-23 21:53:19 | INFO | underwater_sensor_ga.pso | PSO iter 82/300 | best_global_cost=4.434661 | iter_best=5.184340
2026-02-23 21:53:21 | INFO | underwater_sensor_ga.pso | PSO iter 83/300 | best_global_cost=4.434661 | iter_best=4.845280
2026-02-23 21:53:22 | INFO | underwater_sensor_ga.pso | PSO iter 84/300 | best_global_cost=4.434661 | iter_best=5.101733
2026-02-23 21:53:23 | INFO | underwater_sensor_ga.pso | PSO iter 85/300 | best_global_cost=4.434661 | iter_best=4.982252
2026-02-23 21:53:24 | INFO | underwater_sensor_ga.pso | PSO iter 86/300 | best_global_cost=4.434661 | iter_best=5.298756
2026-02-23 21:53:25 | INFO | underwater_sensor_ga.pso | PSO iter 87/300 | best_global_cost=4.434661 | iter_best=5.412454
2026-02-23 21:53:27 | INFO | underwater_sensor_ga.pso | PSO iter 88/300 | best_global_cost=4.434661 | iter_best=4.975660
2026-02-23 21:53:28 | INFO | underwater_sensor_ga.pso | PSO iter 89/300 | best_global_cost=4.434661 | iter_best=5.318924
2026-02-23 21:53:29 | INFO | underwater_sensor_ga.pso | PSO iter 90/300 | best_global_cost=4.434661 | iter_best=5.458070
2026-02-23 21:53:30 | INFO | underwater_sensor_ga.pso | PSO iter 91/300 | best_global_cost=4.434661 | iter_best=4.938988
2026-02-23 21:53:32 | INFO | underwater_sensor_ga.pso | PSO iter 92/300 | best_global_cost=4.434661 | iter_best=4.972027
2026-02-23 21:53:33 | INFO | underwater_sensor_ga.pso | PSO iter 93/300 | best_global_cost=4.434661 | iter_best=5.234781
2026-02-23 21:53:34 | INFO | underwater_sensor_ga.pso | PSO iter 94/300 | best_global_cost=4.434661 | iter_best=4.881974
2026-02-23 21:53:35 | INFO | underwater_sensor_ga.pso | PSO iter 95/300 | best_global_cost=4.434661 | iter_best=4.859994
2026-02-23 21:53:37 | INFO | underwater_sensor_ga.pso | PSO iter 96/300 | best_global_cost=4.434661 | iter_best=4.749358
2026-02-23 21:53:38 | INFO | underwater_sensor_ga.pso | PSO iter 97/300 | best_global_cost=4.434661 | iter_best=5.213635
2026-02-23 21:53:39 | INFO | underwater_sensor_ga.pso | PSO iter 98/300 | best_global_cost=4.434661 | iter_best=4.535650
2026-02-23 21:53:40 | INFO | underwater_sensor_ga.pso | PSO iter 99/300 | best_global_cost=4.434661 | iter_best=5.261700
2026-02-23 21:53:41 | INFO | underwater_sensor_ga.pso | PSO iter 100/300 | best_global_cost=4.434661 | iter_best=5.164250
2026-02-23 21:53:43 | INFO | underwater_sensor_ga.pso | PSO iter 101/300 | best_global_cost=4.434661 | iter_best=5.002458
2026-02-23 21:53:44 | INFO | underwater_sensor_ga.pso | PSO iter 102/300 | best_global_cost=4.434661 | iter_best=4.973724
2026-02-23 21:53:45 | INFO | underwater_sensor_ga.pso | PSO iter 103/300 | best_global_cost=4.434661 | iter_best=4.992383
2026-02-23 21:53:46 | INFO | underwater_sensor_ga.pso | PSO iter 104/300 | best_global_cost=4.434661 | iter_best=5.275609
2026-02-23 21:53:47 | INFO | underwater_sensor_ga.pso | PSO iter 105/300 | best_global_cost=4.434661 | iter_best=5.266250
2026-02-23 21:53:49 | INFO | underwater_sensor_ga.pso | PSO iter 106/300 | best_global_cost=4.434661 | iter_best=5.027775
2026-02-23 21:53:50 | INFO | underwater_sensor_ga.pso | PSO iter 107/300 | best_global_cost=4.434661 | iter_best=5.186783
2026-02-23 21:53:51 | INFO | underwater_sensor_ga.pso | PSO iter 108/300 | best_global_cost=4.434661 | iter_best=5.157420
2026-02-23 21:53:52 | INFO | underwater_sensor_ga.pso | PSO iter 109/300 | best_global_cost=4.434661 | iter_best=5.093416
2026-02-23 21:53:53 | INFO | underwater_sensor_ga.pso | PSO iter 110/300 | best_global_cost=4.434661 | iter_best=5.121053
2026-02-23 21:53:55 | INFO | underwater_sensor_ga.pso | PSO iter 111/300 | best_global_cost=4.434661 | iter_best=4.924481
2026-02-23 21:53:56 | INFO | underwater_sensor_ga.pso | PSO iter 112/300 | best_global_cost=4.434661 | iter_best=4.960159
2026-02-23 21:53:57 | INFO | underwater_sensor_ga.pso | PSO iter 113/300 | best_global_cost=4.434661 | iter_best=5.031414
2026-02-23 21:53:58 | INFO | underwater_sensor_ga.pso | PSO iter 114/300 | best_global_cost=4.434661 | iter_best=5.170089
2026-02-23 21:53:59 | INFO | underwater_sensor_ga.pso | PSO iter 115/300 | best_global_cost=4.434661 | iter_best=5.313988
2026-02-23 21:54:00 | INFO | underwater_sensor_ga.pso | PSO iter 116/300 | best_global_cost=4.434661 | iter_best=4.976339
2026-02-23 21:54:02 | INFO | underwater_sensor_ga.pso | PSO iter 117/300 | best_global_cost=4.434661 | iter_best=5.045981
2026-02-23 21:54:03 | INFO | underwater_sensor_ga.pso | PSO iter 118/300 | best_global_cost=4.434661 | iter_best=5.347702
2026-02-23 21:54:04 | INFO | underwater_sensor_ga.pso | PSO iter 119/300 | best_global_cost=4.434661 | iter_best=4.963624
2026-02-23 21:54:05 | INFO | underwater_sensor_ga.pso | PSO iter 120/300 | best_global_cost=4.434661 | iter_best=4.939735
2026-02-23 21:54:06 | INFO | underwater_sensor_ga.pso | PSO iter 121/300 | best_global_cost=4.434661 | iter_best=5.150828
2026-02-23 21:54:07 | INFO | underwater_sensor_ga.pso | PSO iter 122/300 | best_global_cost=4.434661 | iter_best=5.486930
2026-02-23 21:54:08 | INFO | underwater_sensor_ga.pso | PSO iter 123/300 | best_global_cost=4.434661 | iter_best=5.148015
2026-02-23 21:54:10 | INFO | underwater_sensor_ga.pso | PSO iter 124/300 | best_global_cost=4.434661 | iter_best=4.845198
2026-02-23 21:54:11 | INFO | underwater_sensor_ga.pso | PSO iter 125/300 | best_global_cost=4.434661 | iter_best=5.154374
2026-02-23 21:54:12 | INFO | underwater_sensor_ga.pso | PSO iter 126/300 | best_global_cost=4.434661 | iter_best=5.136896
2026-02-23 21:54:13 | INFO | underwater_sensor_ga.pso | PSO iter 127/300 | best_global_cost=4.434661 | iter_best=4.907647
2026-02-23 21:54:14 | INFO | underwater_sensor_ga.pso | PSO iter 128/300 | best_global_cost=4.434661 | iter_best=4.890506
2026-02-23 21:54:15 | INFO | underwater_sensor_ga.pso | PSO iter 129/300 | best_global_cost=4.434661 | iter_best=4.886199
2026-02-23 21:54:17 | INFO | underwater_sensor_ga.pso | PSO iter 130/300 | best_global_cost=4.434661 | iter_best=5.039353
2026-02-23 21:54:18 | INFO | underwater_sensor_ga.pso | PSO iter 131/300 | best_global_cost=4.434661 | iter_best=4.930843
2026-02-23 21:54:19 | INFO | underwater_sensor_ga.pso | PSO iter 132/300 | best_global_cost=4.434661 | iter_best=5.037504
2026-02-23 21:54:21 | INFO | underwater_sensor_ga.pso | PSO iter 133/300 | best_global_cost=4.434661 | iter_best=5.285126
2026-02-23 21:54:22 | INFO | underwater_sensor_ga.pso | PSO iter 134/300 | best_global_cost=4.434661 | iter_best=4.827264
2026-02-23 21:54:23 | INFO | underwater_sensor_ga.pso | PSO iter 135/300 | best_global_cost=4.434661 | iter_best=5.207033
2026-02-23 21:54:24 | INFO | underwater_sensor_ga.pso | PSO iter 136/300 | best_global_cost=4.434661 | iter_best=5.250488
2026-02-23 21:54:25 | INFO | underwater_sensor_ga.pso | PSO iter 137/300 | best_global_cost=4.434661 | iter_best=5.313220
2026-02-23 21:54:26 | INFO | underwater_sensor_ga.pso | PSO iter 138/300 | best_global_cost=4.434661 | iter_best=5.060241
2026-02-23 21:54:28 | INFO | underwater_sensor_ga.pso | PSO iter 139/300 | best_global_cost=4.434661 | iter_best=4.892985
2026-02-23 21:54:29 | INFO | underwater_sensor_ga.pso | PSO iter 140/300 | best_global_cost=4.434661 | iter_best=5.206872
2026-02-23 21:54:30 | INFO | underwater_sensor_ga.pso | PSO iter 141/300 | best_global_cost=4.434661 | iter_best=5.122819
2026-02-23 21:54:31 | INFO | underwater_sensor_ga.pso | PSO iter 142/300 | best_global_cost=4.434661 | iter_best=4.943045
2026-02-23 21:54:33 | INFO | underwater_sensor_ga.pso | PSO iter 143/300 | best_global_cost=4.434661 | iter_best=5.114794
2026-02-23 21:54:34 | INFO | underwater_sensor_ga.pso | PSO iter 144/300 | best_global_cost=4.434661 | iter_best=4.734445
2026-02-23 21:54:35 | INFO | underwater_sensor_ga.pso | PSO iter 145/300 | best_global_cost=4.434661 | iter_best=5.276966
2026-02-23 21:54:36 | INFO | underwater_sensor_ga.pso | PSO iter 146/300 | best_global_cost=4.434661 | iter_best=5.307020
2026-02-23 21:54:37 | INFO | underwater_sensor_ga.pso | PSO iter 147/300 | best_global_cost=4.434661 | iter_best=4.675243
2026-02-23 21:54:38 | INFO | underwater_sensor_ga.pso | PSO iter 148/300 | best_global_cost=4.434661 | iter_best=4.978727
2026-02-23 21:54:39 | INFO | underwater_sensor_ga.pso | PSO iter 149/300 | best_global_cost=4.434661 | iter_best=4.944560
2026-02-23 21:54:41 | INFO | underwater_sensor_ga.pso | PSO iter 150/300 | best_global_cost=4.434661 | iter_best=4.895091
2026-02-23 21:54:42 | INFO | underwater_sensor_ga.pso | PSO iter 151/300 | best_global_cost=4.434661 | iter_best=4.820905
2026-02-23 21:54:43 | INFO | underwater_sensor_ga.pso | PSO iter 152/300 | best_global_cost=4.434661 | iter_best=5.153760
2026-02-23 21:54:44 | INFO | underwater_sensor_ga.pso | PSO iter 153/300 | best_global_cost=4.434661 | iter_best=5.279990
2026-02-23 21:54:45 | INFO | underwater_sensor_ga.pso | PSO iter 154/300 | best_global_cost=4.434661 | iter_best=5.199042
2026-02-23 21:54:46 | INFO | underwater_sensor_ga.pso | PSO iter 155/300 | best_global_cost=4.434661 | iter_best=4.744548
2026-02-23 21:54:50 | INFO | underwater_sensor_ga.pso | PSO iter 156/300 | best_global_cost=4.434661 | iter_best=4.818893
2026-02-23 21:54:51 | INFO | underwater_sensor_ga.pso | PSO iter 157/300 | best_global_cost=4.434661 | iter_best=4.990986
2026-02-23 21:54:52 | INFO | underwater_sensor_ga.pso | PSO iter 158/300 | best_global_cost=4.434661 | iter_best=4.932938
2026-02-23 21:54:53 | INFO | underwater_sensor_ga.pso | PSO iter 159/300 | best_global_cost=4.434661 | iter_best=4.970404
2026-02-23 21:54:54 | INFO | underwater_sensor_ga.pso | PSO iter 160/300 | best_global_cost=4.434661 | iter_best=5.155221
2026-02-23 21:54:56 | INFO | underwater_sensor_ga.pso | PSO iter 161/300 | best_global_cost=4.434661 | iter_best=4.925102
2026-02-23 21:54:57 | INFO | underwater_sensor_ga.pso | PSO iter 162/300 | best_global_cost=4.434661 | iter_best=4.450989
2026-02-23 21:54:58 | INFO | underwater_sensor_ga.pso | PSO iter 163/300 | best_global_cost=4.434661 | iter_best=4.826464
2026-02-23 21:54:59 | INFO | underwater_sensor_ga.pso | PSO iter 164/300 | best_global_cost=4.434661 | iter_best=4.946788
2026-02-23 21:55:00 | INFO | underwater_sensor_ga.pso | PSO iter 165/300 | best_global_cost=4.434661 | iter_best=4.883399
2026-02-23 21:55:01 | INFO | underwater_sensor_ga.pso | PSO iter 166/300 | best_global_cost=4.434661 | iter_best=5.501340
2026-02-23 21:55:02 | INFO | underwater_sensor_ga.pso | PSO iter 167/300 | best_global_cost=4.434661 | iter_best=5.331135
2026-02-23 21:55:03 | INFO | underwater_sensor_ga.pso | PSO iter 168/300 | best_global_cost=4.434661 | iter_best=5.153972
2026-02-23 21:55:05 | INFO | underwater_sensor_ga.pso | PSO iter 169/300 | best_global_cost=4.434661 | iter_best=5.028110
2026-02-23 21:55:06 | INFO | underwater_sensor_ga.pso | PSO iter 170/300 | best_global_cost=4.434661 | iter_best=5.304693
2026-02-23 21:55:07 | INFO | underwater_sensor_ga.pso | PSO iter 171/300 | best_global_cost=4.434661 | iter_best=5.153252
2026-02-23 21:55:08 | INFO | underwater_sensor_ga.pso | PSO iter 172/300 | best_global_cost=4.434661 | iter_best=5.175162
2026-02-23 21:55:09 | INFO | underwater_sensor_ga.pso | PSO iter 173/300 | best_global_cost=4.434661 | iter_best=4.931580
2026-02-23 21:55:10 | INFO | underwater_sensor_ga.pso | PSO iter 174/300 | best_global_cost=4.434661 | iter_best=4.974477
2026-02-23 21:55:12 | INFO | underwater_sensor_ga.pso | PSO iter 175/300 | best_global_cost=4.434661 | iter_best=5.241668
2026-02-23 21:55:13 | INFO | underwater_sensor_ga.pso | PSO iter 176/300 | best_global_cost=4.434661 | iter_best=4.650035
2026-02-23 21:55:14 | INFO | underwater_sensor_ga.pso | PSO iter 177/300 | best_global_cost=4.434661 | iter_best=4.648880
2026-02-23 21:55:15 | INFO | underwater_sensor_ga.pso | PSO iter 178/300 | best_global_cost=4.434661 | iter_best=5.105732
2026-02-23 21:55:16 | INFO | underwater_sensor_ga.pso | PSO iter 179/300 | best_global_cost=4.434661 | iter_best=5.178527
2026-02-23 21:55:17 | INFO | underwater_sensor_ga.pso | PSO iter 180/300 | best_global_cost=4.434661 | iter_best=5.135419
2026-02-23 21:55:20 | INFO | underwater_sensor_ga.pso | PSO iter 181/300 | best_global_cost=4.434661 | iter_best=5.123589
2026-02-23 21:55:22 | INFO | underwater_sensor_ga.pso | PSO iter 182/300 | best_global_cost=4.434661 | iter_best=4.667527
2026-02-23 21:55:23 | INFO | underwater_sensor_ga.pso | PSO iter 183/300 | best_global_cost=4.434661 | iter_best=5.037299
2026-02-23 21:55:24 | INFO | underwater_sensor_ga.pso | PSO iter 184/300 | best_global_cost=4.434661 | iter_best=5.114947
2026-02-23 21:55:25 | INFO | underwater_sensor_ga.pso | PSO iter 185/300 | best_global_cost=4.434661 | iter_best=5.113137
2026-02-23 21:55:26 | INFO | underwater_sensor_ga.pso | PSO iter 186/300 | best_global_cost=4.434661 | iter_best=4.963840
2026-02-23 21:55:27 | INFO | underwater_sensor_ga.pso | PSO iter 187/300 | best_global_cost=4.434661 | iter_best=4.990012
2026-02-23 21:55:28 | INFO | underwater_sensor_ga.pso | PSO iter 188/300 | best_global_cost=4.434661 | iter_best=5.150939
2026-02-23 21:55:30 | INFO | underwater_sensor_ga.pso | PSO iter 189/300 | best_global_cost=4.434661 | iter_best=5.024595
2026-02-23 21:55:31 | INFO | underwater_sensor_ga.pso | PSO iter 190/300 | best_global_cost=4.434661 | iter_best=5.239132
2026-02-23 21:55:32 | INFO | underwater_sensor_ga.pso | PSO iter 191/300 | best_global_cost=4.434661 | iter_best=4.856270
2026-02-23 21:55:33 | INFO | underwater_sensor_ga.pso | PSO iter 192/300 | best_global_cost=4.434661 | iter_best=4.828110
2026-02-23 21:55:34 | INFO | underwater_sensor_ga.pso | PSO iter 193/300 | best_global_cost=4.434661 | iter_best=5.053628
2026-02-23 21:55:35 | INFO | underwater_sensor_ga.pso | PSO iter 194/300 | best_global_cost=4.434661 | iter_best=5.280192
2026-02-23 21:55:36 | INFO | underwater_sensor_ga.pso | PSO iter 195/300 | best_global_cost=4.434661 | iter_best=5.262305
2026-02-23 21:55:37 | INFO | underwater_sensor_ga.pso | PSO iter 196/300 | best_global_cost=4.434661 | iter_best=5.113715
2026-02-23 21:55:39 | INFO | underwater_sensor_ga.pso | PSO iter 197/300 | best_global_cost=4.434661 | iter_best=4.983645
2026-02-23 21:55:40 | INFO | underwater_sensor_ga.pso | PSO iter 198/300 | best_global_cost=4.434661 | iter_best=5.047788
2026-02-23 21:55:41 | INFO | underwater_sensor_ga.pso | PSO iter 199/300 | best_global_cost=4.434661 | iter_best=5.143359
2026-02-23 21:55:42 | INFO | underwater_sensor_ga.pso | PSO iter 200/300 | best_global_cost=4.434661 | iter_best=5.128229
2026-02-23 21:55:43 | INFO | underwater_sensor_ga.pso | PSO iter 201/300 | best_global_cost=4.434661 | iter_best=4.821597
2026-02-23 21:55:44 | INFO | underwater_sensor_ga.pso | PSO iter 202/300 | best_global_cost=4.434661 | iter_best=5.328154
2026-02-23 21:55:45 | INFO | underwater_sensor_ga.pso | PSO iter 203/300 | best_global_cost=4.434661 | iter_best=5.332838
2026-02-23 21:55:46 | INFO | underwater_sensor_ga.pso | PSO iter 204/300 | best_global_cost=4.434661 | iter_best=5.508039
2026-02-23 21:55:48 | INFO | underwater_sensor_ga.pso | PSO iter 205/300 | best_global_cost=4.434661 | iter_best=5.146091
2026-02-23 21:55:49 | INFO | underwater_sensor_ga.pso | PSO iter 206/300 | best_global_cost=4.434661 | iter_best=4.841536
2026-02-23 21:55:50 | INFO | underwater_sensor_ga.pso | PSO iter 207/300 | best_global_cost=4.434661 | iter_best=5.041924
2026-02-23 21:55:51 | INFO | underwater_sensor_ga.pso | PSO iter 208/300 | best_global_cost=4.434661 | iter_best=4.841947
2026-02-23 21:55:52 | INFO | underwater_sensor_ga.pso | PSO iter 209/300 | best_global_cost=4.434661 | iter_best=5.077411
2026-02-23 21:55:53 | INFO | underwater_sensor_ga.pso | PSO iter 210/300 | best_global_cost=4.434661 | iter_best=5.478908
2026-02-23 21:55:54 | INFO | underwater_sensor_ga.pso | PSO iter 211/300 | best_global_cost=4.434661 | iter_best=5.090203
2026-02-23 21:55:56 | INFO | underwater_sensor_ga.pso | PSO iter 212/300 | best_global_cost=4.434661 | iter_best=4.857715
2026-02-23 21:55:57 | INFO | underwater_sensor_ga.pso | PSO iter 213/300 | best_global_cost=4.434661 | iter_best=4.830441
2026-02-23 21:55:58 | INFO | underwater_sensor_ga.pso | PSO iter 214/300 | best_global_cost=4.434661 | iter_best=5.193376
2026-02-23 21:55:59 | INFO | underwater_sensor_ga.pso | PSO iter 215/300 | best_global_cost=4.434661 | iter_best=5.108985
2026-02-23 21:56:00 | INFO | underwater_sensor_ga.pso | PSO iter 216/300 | best_global_cost=4.434661 | iter_best=5.286844
2026-02-23 21:56:01 | INFO | underwater_sensor_ga.pso | PSO iter 217/300 | best_global_cost=4.434661 | iter_best=5.167093
2026-02-23 21:56:02 | INFO | underwater_sensor_ga.pso | PSO iter 218/300 | best_global_cost=4.434661 | iter_best=5.285148
2026-02-23 21:56:03 | INFO | underwater_sensor_ga.pso | PSO iter 219/300 | best_global_cost=4.434661 | iter_best=4.810009
2026-02-23 21:56:05 | INFO | underwater_sensor_ga.pso | PSO iter 220/300 | best_global_cost=4.434661 | iter_best=4.933690
2026-02-23 21:56:06 | INFO | underwater_sensor_ga.pso | PSO iter 221/300 | best_global_cost=4.434661 | iter_best=4.978293
2026-02-23 21:56:07 | INFO | underwater_sensor_ga.pso | PSO iter 222/300 | best_global_cost=4.434661 | iter_best=5.139410
2026-02-23 21:56:08 | INFO | underwater_sensor_ga.pso | PSO iter 223/300 | best_global_cost=4.434661 | iter_best=4.951793
2026-02-23 21:56:09 | INFO | underwater_sensor_ga.pso | PSO iter 224/300 | best_global_cost=4.434661 | iter_best=5.124784
2026-02-23 21:56:11 | INFO | underwater_sensor_ga.pso | PSO iter 225/300 | best_global_cost=4.434661 | iter_best=4.908285
2026-02-23 21:56:12 | INFO | underwater_sensor_ga.pso | PSO iter 226/300 | best_global_cost=4.434661 | iter_best=5.122060
2026-02-23 21:56:13 | INFO | underwater_sensor_ga.pso | PSO iter 227/300 | best_global_cost=4.434661 | iter_best=4.967230
2026-02-23 21:56:14 | INFO | underwater_sensor_ga.pso | PSO iter 228/300 | best_global_cost=4.434661 | iter_best=5.133509
2026-02-23 21:56:15 | INFO | underwater_sensor_ga.pso | PSO iter 229/300 | best_global_cost=4.434661 | iter_best=4.809064
2026-02-23 21:56:16 | INFO | underwater_sensor_ga.pso | PSO iter 230/300 | best_global_cost=4.434661 | iter_best=5.018516
2026-02-23 21:56:17 | INFO | underwater_sensor_ga.pso | PSO iter 231/300 | best_global_cost=4.434661 | iter_best=5.273493
2026-02-23 21:56:19 | INFO | underwater_sensor_ga.pso | PSO iter 232/300 | best_global_cost=4.434661 | iter_best=4.834181
2026-02-23 21:56:20 | INFO | underwater_sensor_ga.pso | PSO iter 233/300 | best_global_cost=4.434661 | iter_best=5.168178
2026-02-23 21:56:21 | INFO | underwater_sensor_ga.pso | PSO iter 234/300 | best_global_cost=4.434661 | iter_best=5.031664
2026-02-23 21:56:22 | INFO | underwater_sensor_ga.pso | PSO iter 235/300 | best_global_cost=4.434661 | iter_best=5.127400
2026-02-23 21:56:23 | INFO | underwater_sensor_ga.pso | PSO iter 236/300 | best_global_cost=4.434661 | iter_best=5.313318
2026-02-23 21:56:25 | INFO | underwater_sensor_ga.pso | PSO iter 237/300 | best_global_cost=4.434661 | iter_best=5.164787
2026-02-23 21:56:26 | INFO | underwater_sensor_ga.pso | PSO iter 238/300 | best_global_cost=4.434661 | iter_best=5.251534
2026-02-23 21:56:27 | INFO | underwater_sensor_ga.pso | PSO iter 239/300 | best_global_cost=4.434661 | iter_best=5.058916
2026-02-23 21:56:28 | INFO | underwater_sensor_ga.pso | PSO iter 240/300 | best_global_cost=4.434661 | iter_best=4.434874
2026-02-23 21:56:30 | INFO | underwater_sensor_ga.pso | PSO iter 241/300 | best_global_cost=4.434661 | iter_best=5.043550
2026-02-23 21:56:31 | INFO | underwater_sensor_ga.pso | PSO iter 242/300 | best_global_cost=4.434661 | iter_best=5.042545
2026-02-23 21:56:32 | INFO | underwater_sensor_ga.pso | PSO iter 243/300 | best_global_cost=4.434661 | iter_best=4.957978
2026-02-23 21:56:33 | INFO | underwater_sensor_ga.pso | PSO iter 244/300 | best_global_cost=4.434661 | iter_best=4.860410
2026-02-23 21:56:34 | INFO | underwater_sensor_ga.pso | PSO iter 245/300 | best_global_cost=4.434661 | iter_best=5.012448
2026-02-23 21:56:36 | INFO | underwater_sensor_ga.pso | PSO iter 246/300 | best_global_cost=4.434661 | iter_best=4.740969
2026-02-23 21:56:37 | INFO | underwater_sensor_ga.pso | PSO iter 247/300 | best_global_cost=4.434661 | iter_best=5.021705
2026-02-23 21:56:38 | INFO | underwater_sensor_ga.pso | PSO iter 248/300 | best_global_cost=4.434661 | iter_best=5.231787
2026-02-23 21:56:39 | INFO | underwater_sensor_ga.pso | PSO iter 249/300 | best_global_cost=4.434661 | iter_best=4.617187
2026-02-23 21:56:40 | INFO | underwater_sensor_ga.pso | PSO iter 250/300 | best_global_cost=4.434661 | iter_best=5.469955
2026-02-23 21:56:41 | INFO | underwater_sensor_ga.pso | PSO iter 251/300 | best_global_cost=4.434661 | iter_best=5.074954
2026-02-23 21:56:43 | INFO | underwater_sensor_ga.pso | PSO iter 252/300 | best_global_cost=4.434661 | iter_best=5.139083
2026-02-23 21:56:44 | INFO | underwater_sensor_ga.pso | PSO iter 253/300 | best_global_cost=4.434661 | iter_best=4.912075
2026-02-23 21:56:45 | INFO | underwater_sensor_ga.pso | PSO iter 254/300 | best_global_cost=4.434661 | iter_best=4.951421
2026-02-23 21:56:46 | INFO | underwater_sensor_ga.pso | PSO iter 255/300 | best_global_cost=4.434661 | iter_best=4.728844
2026-02-23 21:56:47 | INFO | underwater_sensor_ga.pso | PSO iter 256/300 | best_global_cost=4.434661 | iter_best=4.989192
2026-02-23 21:56:49 | INFO | underwater_sensor_ga.pso | PSO iter 257/300 | best_global_cost=4.434661 | iter_best=4.979258
2026-02-23 21:56:50 | INFO | underwater_sensor_ga.pso | PSO iter 258/300 | best_global_cost=4.434661 | iter_best=5.055879
2026-02-23 21:56:51 | INFO | underwater_sensor_ga.pso | PSO iter 259/300 | best_global_cost=4.434661 | iter_best=4.814196
2026-02-23 21:56:52 | INFO | underwater_sensor_ga.pso | PSO iter 260/300 | best_global_cost=4.434661 | iter_best=4.960769
2026-02-23 21:56:53 | INFO | underwater_sensor_ga.pso | PSO iter 261/300 | best_global_cost=4.434661 | iter_best=5.180349
2026-02-23 21:56:54 | INFO | underwater_sensor_ga.pso | PSO iter 262/300 | best_global_cost=4.434661 | iter_best=5.299564
2026-02-23 21:56:55 | INFO | underwater_sensor_ga.pso | PSO iter 263/300 | best_global_cost=4.434661 | iter_best=5.419707
2026-02-23 21:56:56 | INFO | underwater_sensor_ga.pso | PSO iter 264/300 | best_global_cost=4.434661 | iter_best=5.182699
2026-02-23 21:56:58 | INFO | underwater_sensor_ga.pso | PSO iter 265/300 | best_global_cost=4.434661 | iter_best=4.942018
2026-02-23 21:56:59 | INFO | underwater_sensor_ga.pso | PSO iter 266/300 | best_global_cost=4.434661 | iter_best=4.992117
2026-02-23 21:57:00 | INFO | underwater_sensor_ga.pso | PSO iter 267/300 | best_global_cost=4.434661 | iter_best=4.826206
2026-02-23 21:57:01 | INFO | underwater_sensor_ga.pso | PSO iter 268/300 | best_global_cost=4.434661 | iter_best=5.427115
2026-02-23 21:57:02 | INFO | underwater_sensor_ga.pso | PSO iter 269/300 | best_global_cost=4.434661 | iter_best=4.830441
2026-02-23 21:57:03 | INFO | underwater_sensor_ga.pso | PSO iter 270/300 | best_global_cost=4.434661 | iter_best=5.244783
2026-02-23 21:57:05 | INFO | underwater_sensor_ga.pso | PSO iter 271/300 | best_global_cost=4.434661 | iter_best=5.374647
2026-02-23 21:57:07 | INFO | underwater_sensor_ga.pso | PSO iter 272/300 | best_global_cost=4.434661 | iter_best=4.895164
2026-02-23 21:57:09 | INFO | underwater_sensor_ga.pso | PSO iter 273/300 | best_global_cost=4.434661 | iter_best=5.186364
2026-02-23 21:57:10 | INFO | underwater_sensor_ga.pso | PSO iter 274/300 | best_global_cost=4.434661 | iter_best=4.984912
2026-02-23 21:57:11 | INFO | underwater_sensor_ga.pso | PSO iter 275/300 | best_global_cost=4.434661 | iter_best=4.784012
2026-02-23 21:57:12 | INFO | underwater_sensor_ga.pso | PSO iter 276/300 | best_global_cost=4.434661 | iter_best=4.788656
2026-02-23 21:57:13 | INFO | underwater_sensor_ga.pso | PSO iter 277/300 | best_global_cost=4.434661 | iter_best=5.080247
2026-02-23 21:57:14 | INFO | underwater_sensor_ga.pso | PSO iter 278/300 | best_global_cost=4.434661 | iter_best=5.320024
2026-02-23 21:57:15 | INFO | underwater_sensor_ga.pso | PSO iter 279/300 | best_global_cost=4.434661 | iter_best=5.043471
2026-02-23 21:57:16 | INFO | underwater_sensor_ga.pso | PSO iter 280/300 | best_global_cost=4.434661 | iter_best=5.057747
2026-02-23 21:57:18 | INFO | underwater_sensor_ga.pso | PSO iter 281/300 | best_global_cost=4.434661 | iter_best=5.139190
2026-02-23 21:57:19 | INFO | underwater_sensor_ga.pso | PSO iter 282/300 | best_global_cost=4.434661 | iter_best=5.293547
2026-02-23 21:57:20 | INFO | underwater_sensor_ga.pso | PSO iter 283/300 | best_global_cost=4.434661 | iter_best=5.093976
2026-02-23 21:57:21 | INFO | underwater_sensor_ga.pso | PSO iter 284/300 | best_global_cost=4.434661 | iter_best=4.611895
2026-02-23 21:57:22 | INFO | underwater_sensor_ga.pso | PSO iter 285/300 | best_global_cost=4.434661 | iter_best=5.358683
2026-02-23 21:57:24 | INFO | underwater_sensor_ga.pso | PSO iter 286/300 | best_global_cost=4.434661 | iter_best=5.026686
2026-02-23 21:57:25 | INFO | underwater_sensor_ga.pso | PSO iter 287/300 | best_global_cost=4.434661 | iter_best=5.135181
2026-02-23 21:57:26 | INFO | underwater_sensor_ga.pso | PSO iter 288/300 | best_global_cost=4.434661 | iter_best=4.979504
2026-02-23 21:57:27 | INFO | underwater_sensor_ga.pso | PSO iter 289/300 | best_global_cost=4.434661 | iter_best=4.715778
2026-02-23 21:57:28 | INFO | underwater_sensor_ga.pso | PSO iter 290/300 | best_global_cost=4.434661 | iter_best=5.102249
2026-02-23 21:57:29 | INFO | underwater_sensor_ga.pso | PSO iter 291/300 | best_global_cost=4.434661 | iter_best=5.123417
2026-02-23 21:57:30 | INFO | underwater_sensor_ga.pso | PSO iter 292/300 | best_global_cost=4.434661 | iter_best=5.360373
2026-02-23 21:57:32 | INFO | underwater_sensor_ga.pso | PSO iter 293/300 | best_global_cost=4.434661 | iter_best=4.855248
2026-02-23 21:57:33 | INFO | underwater_sensor_ga.pso | PSO iter 294/300 | best_global_cost=4.434661 | iter_best=4.898707
2026-02-23 21:57:34 | INFO | underwater_sensor_ga.pso | PSO iter 295/300 | best_global_cost=4.434661 | iter_best=5.136470
2026-02-23 21:57:35 | INFO | underwater_sensor_ga.pso | PSO iter 296/300 | best_global_cost=4.434661 | iter_best=5.040572
2026-02-23 21:57:36 | INFO | underwater_sensor_ga.pso | PSO iter 297/300 | best_global_cost=4.434661 | iter_best=4.846868
2026-02-23 21:57:38 | INFO | underwater_sensor_ga.pso | PSO iter 298/300 | best_global_cost=4.434661 | iter_best=5.099415
2026-02-23 21:57:39 | INFO | underwater_sensor_ga.pso | PSO iter 299/300 | best_global_cost=4.434661 | iter_best=5.294796
2026-02-23 21:57:40 | INFO | underwater_sensor_ga.pso | PSO iter 300/300 | best_global_cost=4.434661 | iter_best=5.019447
2026-02-23 21:57:40 | INFO | underwater_sensor_ga.pso_runner | Final PSO best cost (N=4): 4.434661
2026-02-23 21:57:40 | INFO | underwater_sensor_ga.pso_runner | ================================================================================
2026-02-23 21:57:40 | INFO | underwater_sensor_ga.pso_runner | Running PSO for number_of_sensors=5
2026-02-23 21:57:40 | INFO | underwater_sensor_ga.pso | PSO seeds | pso_seed=321 | scenario_seed=123
2026-02-23 21:57:42 | INFO | underwater_sensor_ga.pso | PSO iter 1/300 | best_global_cost=4.922685 | iter_best=4.922685
2026-02-23 21:57:44 | INFO | underwater_sensor_ga.pso | PSO iter 2/300 | best_global_cost=4.922685 | iter_best=5.008127
2026-02-23 21:57:45 | INFO | underwater_sensor_ga.pso | PSO iter 3/300 | best_global_cost=4.922685 | iter_best=5.078247
2026-02-23 21:57:47 | INFO | underwater_sensor_ga.pso | PSO iter 4/300 | best_global_cost=4.922685 | iter_best=5.321757
2026-02-23 21:57:48 | INFO | underwater_sensor_ga.pso | PSO iter 5/300 | best_global_cost=4.730303 | iter_best=4.730303
2026-02-23 21:57:49 | INFO | underwater_sensor_ga.pso | PSO iter 6/300 | best_global_cost=4.730303 | iter_best=5.220562
2026-02-23 21:57:51 | INFO | underwater_sensor_ga.pso | PSO iter 7/300 | best_global_cost=4.730303 | iter_best=5.066614
2026-02-23 21:57:52 | INFO | underwater_sensor_ga.pso | PSO iter 8/300 | best_global_cost=4.730303 | iter_best=5.120676
2026-02-23 21:57:54 | INFO | underwater_sensor_ga.pso | PSO iter 9/300 | best_global_cost=4.730303 | iter_best=4.934639
2026-02-23 21:57:55 | INFO | underwater_sensor_ga.pso | PSO iter 10/300 | best_global_cost=4.681469 | iter_best=4.681469
2026-02-23 21:57:57 | INFO | underwater_sensor_ga.pso | PSO iter 11/300 | best_global_cost=4.681469 | iter_best=4.997310
2026-02-23 21:57:59 | INFO | underwater_sensor_ga.pso | PSO iter 12/300 | best_global_cost=4.440312 | iter_best=4.440312
2026-02-23 21:58:00 | INFO | underwater_sensor_ga.pso | PSO iter 13/300 | best_global_cost=4.440312 | iter_best=5.212271
2026-02-23 21:58:02 | INFO | underwater_sensor_ga.pso | PSO iter 14/300 | best_global_cost=4.440312 | iter_best=5.121687
2026-02-23 21:58:03 | INFO | underwater_sensor_ga.pso | PSO iter 15/300 | best_global_cost=4.440312 | iter_best=5.034567
2026-02-23 21:58:05 | INFO | underwater_sensor_ga.pso | PSO iter 16/300 | best_global_cost=4.440312 | iter_best=4.991104
2026-02-23 21:58:06 | INFO | underwater_sensor_ga.pso | PSO iter 17/300 | best_global_cost=4.440312 | iter_best=5.084831
2026-02-23 21:58:08 | INFO | underwater_sensor_ga.pso | PSO iter 18/300 | best_global_cost=4.440312 | iter_best=4.863390
2026-02-23 21:58:09 | INFO | underwater_sensor_ga.pso | PSO iter 19/300 | best_global_cost=4.440312 | iter_best=4.748895
2026-02-23 21:58:11 | INFO | underwater_sensor_ga.pso | PSO iter 20/300 | best_global_cost=4.440312 | iter_best=5.000175
2026-02-23 21:58:12 | INFO | underwater_sensor_ga.pso | PSO iter 21/300 | best_global_cost=4.440312 | iter_best=4.932180
2026-02-23 21:58:14 | INFO | underwater_sensor_ga.pso | PSO iter 22/300 | best_global_cost=4.440312 | iter_best=4.913095
2026-02-23 21:58:15 | INFO | underwater_sensor_ga.pso | PSO iter 23/300 | best_global_cost=4.440312 | iter_best=4.869798
2026-02-23 21:58:16 | INFO | underwater_sensor_ga.pso | PSO iter 24/300 | best_global_cost=4.415745 | iter_best=4.415745
2026-02-23 21:58:18 | INFO | underwater_sensor_ga.pso | PSO iter 25/300 | best_global_cost=4.415745 | iter_best=5.144765
2026-02-23 21:58:20 | INFO | underwater_sensor_ga.pso | PSO iter 26/300 | best_global_cost=4.415745 | iter_best=4.582297
2026-02-23 21:58:22 | INFO | underwater_sensor_ga.pso | PSO iter 27/300 | best_global_cost=4.415745 | iter_best=4.534416
2026-02-23 21:58:24 | INFO | underwater_sensor_ga.pso | PSO iter 28/300 | best_global_cost=4.415745 | iter_best=4.725041
2026-02-23 21:58:25 | INFO | underwater_sensor_ga.pso | PSO iter 29/300 | best_global_cost=4.415745 | iter_best=4.578639
2026-02-23 21:58:27 | INFO | underwater_sensor_ga.pso | PSO iter 30/300 | best_global_cost=4.415745 | iter_best=4.585904
2026-02-23 21:58:28 | INFO | underwater_sensor_ga.pso | PSO iter 31/300 | best_global_cost=4.415745 | iter_best=4.514124
2026-02-23 21:58:30 | INFO | underwater_sensor_ga.pso | PSO iter 32/300 | best_global_cost=4.415745 | iter_best=4.739174
2026-02-23 21:58:31 | INFO | underwater_sensor_ga.pso | PSO iter 33/300 | best_global_cost=4.415745 | iter_best=4.600432
2026-02-23 21:58:33 | INFO | underwater_sensor_ga.pso | PSO iter 34/300 | best_global_cost=4.415745 | iter_best=4.634027
2026-02-23 21:58:34 | INFO | underwater_sensor_ga.pso | PSO iter 35/300 | best_global_cost=4.415745 | iter_best=4.537218
2026-02-23 21:58:35 | INFO | underwater_sensor_ga.pso | PSO iter 36/300 | best_global_cost=4.415745 | iter_best=4.498816
2026-02-23 21:58:37 | INFO | underwater_sensor_ga.pso | PSO iter 37/300 | best_global_cost=4.291553 | iter_best=4.291553
2026-02-23 21:58:38 | INFO | underwater_sensor_ga.pso | PSO iter 38/300 | best_global_cost=4.291553 | iter_best=4.345760
2026-02-23 21:58:40 | INFO | underwater_sensor_ga.pso | PSO iter 39/300 | best_global_cost=4.291553 | iter_best=4.479824
2026-02-23 21:58:41 | INFO | underwater_sensor_ga.pso | PSO iter 40/300 | best_global_cost=4.291553 | iter_best=4.516156
2026-02-23 21:58:42 | INFO | underwater_sensor_ga.pso | PSO iter 41/300 | best_global_cost=4.291553 | iter_best=4.480536
2026-02-23 21:58:44 | INFO | underwater_sensor_ga.pso | PSO iter 42/300 | best_global_cost=4.291553 | iter_best=4.530305
2026-02-23 21:58:45 | INFO | underwater_sensor_ga.pso | PSO iter 43/300 | best_global_cost=4.291553 | iter_best=4.636126
2026-02-23 21:58:47 | INFO | underwater_sensor_ga.pso | PSO iter 44/300 | best_global_cost=4.291553 | iter_best=4.614037
2026-02-23 21:58:48 | INFO | underwater_sensor_ga.pso | PSO iter 45/300 | best_global_cost=4.291553 | iter_best=4.485500
2026-02-23 21:58:49 | INFO | underwater_sensor_ga.pso | PSO iter 46/300 | best_global_cost=4.291553 | iter_best=4.432294
2026-02-23 21:58:51 | INFO | underwater_sensor_ga.pso | PSO iter 47/300 | best_global_cost=4.291553 | iter_best=4.540060
2026-02-23 21:58:52 | INFO | underwater_sensor_ga.pso | PSO iter 48/300 | best_global_cost=4.291553 | iter_best=4.466050
2026-02-23 21:58:54 | INFO | underwater_sensor_ga.pso | PSO iter 49/300 | best_global_cost=4.291553 | iter_best=4.554214
2026-02-23 21:58:55 | INFO | underwater_sensor_ga.pso | PSO iter 50/300 | best_global_cost=4.291553 | iter_best=4.570144
2026-02-23 21:58:57 | INFO | underwater_sensor_ga.pso | PSO iter 51/300 | best_global_cost=4.291553 | iter_best=4.793868
2026-02-23 21:58:58 | INFO | underwater_sensor_ga.pso | PSO iter 52/300 | best_global_cost=4.291553 | iter_best=4.663235
2026-02-23 21:59:00 | INFO | underwater_sensor_ga.pso | PSO iter 53/300 | best_global_cost=4.291553 | iter_best=4.471296
2026-02-23 21:59:01 | INFO | underwater_sensor_ga.pso | PSO iter 54/300 | best_global_cost=4.291553 | iter_best=4.590846
2026-02-23 21:59:03 | INFO | underwater_sensor_ga.pso | PSO iter 55/300 | best_global_cost=4.291553 | iter_best=4.545534
2026-02-23 21:59:05 | INFO | underwater_sensor_ga.pso | PSO iter 56/300 | best_global_cost=4.291553 | iter_best=4.568499
2026-02-23 21:59:06 | INFO | underwater_sensor_ga.pso | PSO iter 57/300 | best_global_cost=4.291553 | iter_best=4.542601
2026-02-23 21:59:08 | INFO | underwater_sensor_ga.pso | PSO iter 58/300 | best_global_cost=4.291553 | iter_best=4.564257
2026-02-23 21:59:10 | INFO | underwater_sensor_ga.pso | PSO iter 59/300 | best_global_cost=4.291553 | iter_best=4.530580
2026-02-23 21:59:11 | INFO | underwater_sensor_ga.pso | PSO iter 60/300 | best_global_cost=4.291553 | iter_best=4.578896
2026-02-23 21:59:13 | INFO | underwater_sensor_ga.pso | PSO iter 61/300 | best_global_cost=4.291553 | iter_best=4.655644
2026-02-23 21:59:14 | INFO | underwater_sensor_ga.pso | PSO iter 62/300 | best_global_cost=4.291553 | iter_best=4.521889
2026-02-23 21:59:16 | INFO | underwater_sensor_ga.pso | PSO iter 63/300 | best_global_cost=4.291553 | iter_best=4.387195
2026-02-23 21:59:17 | INFO | underwater_sensor_ga.pso | PSO iter 64/300 | best_global_cost=4.291553 | iter_best=4.445164
2026-02-23 21:59:19 | INFO | underwater_sensor_ga.pso | PSO iter 65/300 | best_global_cost=4.291553 | iter_best=4.437397
2026-02-23 21:59:20 | INFO | underwater_sensor_ga.pso | PSO iter 66/300 | best_global_cost=4.291553 | iter_best=4.789593
2026-02-23 21:59:22 | INFO | underwater_sensor_ga.pso | PSO iter 67/300 | best_global_cost=4.291553 | iter_best=4.596419
2026-02-23 21:59:23 | INFO | underwater_sensor_ga.pso | PSO iter 68/300 | best_global_cost=4.291553 | iter_best=4.626764
2026-02-23 21:59:25 | INFO | underwater_sensor_ga.pso | PSO iter 69/300 | best_global_cost=4.291553 | iter_best=4.863322
2026-02-23 21:59:26 | INFO | underwater_sensor_ga.pso | PSO iter 70/300 | best_global_cost=4.291553 | iter_best=4.591310
2026-02-23 21:59:28 | INFO | underwater_sensor_ga.pso | PSO iter 71/300 | best_global_cost=4.291553 | iter_best=4.603864
2026-02-23 21:59:29 | INFO | underwater_sensor_ga.pso | PSO iter 72/300 | best_global_cost=4.291553 | iter_best=4.450614
2026-02-23 21:59:31 | INFO | underwater_sensor_ga.pso | PSO iter 73/300 | best_global_cost=4.291553 | iter_best=4.554874
2026-02-23 21:59:32 | INFO | underwater_sensor_ga.pso | PSO iter 74/300 | best_global_cost=4.291553 | iter_best=4.319364
2026-02-23 21:59:34 | INFO | underwater_sensor_ga.pso | PSO iter 75/300 | best_global_cost=4.291553 | iter_best=4.597169
2026-02-23 21:59:35 | INFO | underwater_sensor_ga.pso | PSO iter 76/300 | best_global_cost=4.291553 | iter_best=4.458997
2026-02-23 21:59:37 | INFO | underwater_sensor_ga.pso | PSO iter 77/300 | best_global_cost=4.291553 | iter_best=4.413819
2026-02-23 21:59:38 | INFO | underwater_sensor_ga.pso | PSO iter 78/300 | best_global_cost=4.291553 | iter_best=4.471887
2026-02-23 21:59:40 | INFO | underwater_sensor_ga.pso | PSO iter 79/300 | best_global_cost=4.291553 | iter_best=4.450050
2026-02-23 21:59:41 | INFO | underwater_sensor_ga.pso | PSO iter 80/300 | best_global_cost=4.291553 | iter_best=4.736094
2026-02-23 21:59:44 | INFO | underwater_sensor_ga.pso | PSO iter 81/300 | best_global_cost=4.291553 | iter_best=4.377235
2026-02-23 21:59:46 | INFO | underwater_sensor_ga.pso | PSO iter 82/300 | best_global_cost=4.291553 | iter_best=4.632605
2026-02-23 21:59:47 | INFO | underwater_sensor_ga.pso | PSO iter 83/300 | best_global_cost=4.291553 | iter_best=4.565695
2026-02-23 21:59:49 | INFO | underwater_sensor_ga.pso | PSO iter 84/300 | best_global_cost=4.291553 | iter_best=4.491205
2026-02-23 21:59:50 | INFO | underwater_sensor_ga.pso | PSO iter 85/300 | best_global_cost=4.291553 | iter_best=4.555281
2026-02-23 21:59:52 | INFO | underwater_sensor_ga.pso | PSO iter 86/300 | best_global_cost=4.291553 | iter_best=4.455513
2026-02-23 21:59:53 | INFO | underwater_sensor_ga.pso | PSO iter 87/300 | best_global_cost=4.291553 | iter_best=4.342116
2026-02-23 21:59:55 | INFO | underwater_sensor_ga.pso | PSO iter 88/300 | best_global_cost=4.140100 | iter_best=4.140100
2026-02-23 21:59:56 | INFO | underwater_sensor_ga.pso | PSO iter 89/300 | best_global_cost=4.140100 | iter_best=4.406153
2026-02-23 21:59:58 | INFO | underwater_sensor_ga.pso | PSO iter 90/300 | best_global_cost=4.140100 | iter_best=4.414508
2026-02-23 21:59:59 | INFO | underwater_sensor_ga.pso | PSO iter 91/300 | best_global_cost=4.140100 | iter_best=4.257675
2026-02-23 22:00:01 | INFO | underwater_sensor_ga.pso | PSO iter 92/300 | best_global_cost=4.140100 | iter_best=4.519242
2026-02-23 22:00:02 | INFO | underwater_sensor_ga.pso | PSO iter 93/300 | best_global_cost=4.140100 | iter_best=4.490530
2026-02-23 22:00:04 | INFO | underwater_sensor_ga.pso | PSO iter 94/300 | best_global_cost=4.140100 | iter_best=4.531226
2026-02-23 22:00:05 | INFO | underwater_sensor_ga.pso | PSO iter 95/300 | best_global_cost=4.140100 | iter_best=4.438290
2026-02-23 22:00:07 | INFO | underwater_sensor_ga.pso | PSO iter 96/300 | best_global_cost=4.140100 | iter_best=4.422438
2026-02-23 22:00:08 | INFO | underwater_sensor_ga.pso | PSO iter 97/300 | best_global_cost=4.140100 | iter_best=4.609324
2026-02-23 22:00:09 | INFO | underwater_sensor_ga.pso | PSO iter 98/300 | best_global_cost=4.140100 | iter_best=4.279609
2026-02-23 22:00:11 | INFO | underwater_sensor_ga.pso | PSO iter 99/300 | best_global_cost=4.140100 | iter_best=4.523518
2026-02-23 22:00:12 | INFO | underwater_sensor_ga.pso | PSO iter 100/300 | best_global_cost=4.140100 | iter_best=4.486041
2026-02-23 22:00:14 | INFO | underwater_sensor_ga.pso | PSO iter 101/300 | best_global_cost=4.140100 | iter_best=4.435283
2026-02-23 22:00:15 | INFO | underwater_sensor_ga.pso | PSO iter 102/300 | best_global_cost=4.140100 | iter_best=4.613552
2026-02-23 22:00:17 | INFO | underwater_sensor_ga.pso | PSO iter 103/300 | best_global_cost=4.140100 | iter_best=4.442144
2026-02-23 22:00:18 | INFO | underwater_sensor_ga.pso | PSO iter 104/300 | best_global_cost=4.140100 | iter_best=4.460306
2026-02-23 22:00:19 | INFO | underwater_sensor_ga.pso | PSO iter 105/300 | best_global_cost=4.140100 | iter_best=4.647113
2026-02-23 22:00:21 | INFO | underwater_sensor_ga.pso | PSO iter 106/300 | best_global_cost=4.140100 | iter_best=4.313064
2026-02-23 22:00:23 | INFO | underwater_sensor_ga.pso | PSO iter 107/300 | best_global_cost=4.140100 | iter_best=4.259018
2026-02-23 22:00:24 | INFO | underwater_sensor_ga.pso | PSO iter 108/300 | best_global_cost=4.140100 | iter_best=4.539157
2026-02-23 22:00:26 | INFO | underwater_sensor_ga.pso | PSO iter 109/300 | best_global_cost=4.140100 | iter_best=4.266956
2026-02-23 22:00:27 | INFO | underwater_sensor_ga.pso | PSO iter 110/300 | best_global_cost=4.140100 | iter_best=4.596731
2026-02-23 22:00:29 | INFO | underwater_sensor_ga.pso | PSO iter 111/300 | best_global_cost=4.140100 | iter_best=4.501626
2026-02-23 22:00:30 | INFO | underwater_sensor_ga.pso | PSO iter 112/300 | best_global_cost=4.140100 | iter_best=4.617838
2026-02-23 22:00:32 | INFO | underwater_sensor_ga.pso | PSO iter 113/300 | best_global_cost=4.140100 | iter_best=4.739902
2026-02-23 22:00:33 | INFO | underwater_sensor_ga.pso | PSO iter 114/300 | best_global_cost=4.140100 | iter_best=4.574685
2026-02-23 22:00:35 | INFO | underwater_sensor_ga.pso | PSO iter 115/300 | best_global_cost=4.140100 | iter_best=4.602327
2026-02-23 22:00:37 | INFO | underwater_sensor_ga.pso | PSO iter 116/300 | best_global_cost=4.140100 | iter_best=4.564289
2026-02-23 22:00:38 | INFO | underwater_sensor_ga.pso | PSO iter 117/300 | best_global_cost=4.140100 | iter_best=4.303666
2026-02-23 22:00:40 | INFO | underwater_sensor_ga.pso | PSO iter 118/300 | best_global_cost=4.140100 | iter_best=4.595525
2026-02-23 22:00:41 | INFO | underwater_sensor_ga.pso | PSO iter 119/300 | best_global_cost=4.140100 | iter_best=4.425763
2026-02-23 22:00:43 | INFO | underwater_sensor_ga.pso | PSO iter 120/300 | best_global_cost=4.140100 | iter_best=4.304502
2026-02-23 22:00:44 | INFO | underwater_sensor_ga.pso | PSO iter 121/300 | best_global_cost=4.140100 | iter_best=4.542601
2026-02-23 22:00:46 | INFO | underwater_sensor_ga.pso | PSO iter 122/300 | best_global_cost=4.140100 | iter_best=4.502011
2026-02-23 22:00:47 | INFO | underwater_sensor_ga.pso | PSO iter 123/300 | best_global_cost=4.140100 | iter_best=4.488447
2026-02-23 22:00:49 | INFO | underwater_sensor_ga.pso | PSO iter 124/300 | best_global_cost=4.140100 | iter_best=4.501939
2026-02-23 22:00:50 | INFO | underwater_sensor_ga.pso | PSO iter 125/300 | best_global_cost=4.140100 | iter_best=4.376011
2026-02-23 22:00:51 | INFO | underwater_sensor_ga.pso | PSO iter 126/300 | best_global_cost=4.140100 | iter_best=4.591510
2026-02-23 22:00:53 | INFO | underwater_sensor_ga.pso | PSO iter 127/300 | best_global_cost=4.140100 | iter_best=4.300227
2026-02-23 22:00:54 | INFO | underwater_sensor_ga.pso | PSO iter 128/300 | best_global_cost=4.140100 | iter_best=4.426091
2026-02-23 22:00:56 | INFO | underwater_sensor_ga.pso | PSO iter 129/300 | best_global_cost=4.140100 | iter_best=4.582616
2026-02-23 22:00:57 | INFO | underwater_sensor_ga.pso | PSO iter 130/300 | best_global_cost=4.140100 | iter_best=4.425033
2026-02-23 22:00:59 | INFO | underwater_sensor_ga.pso | PSO iter 131/300 | best_global_cost=4.140100 | iter_best=4.506985
2026-02-23 22:01:00 | INFO | underwater_sensor_ga.pso | PSO iter 132/300 | best_global_cost=4.140100 | iter_best=4.533042
2026-02-23 22:01:02 | INFO | underwater_sensor_ga.pso | PSO iter 133/300 | best_global_cost=4.140100 | iter_best=4.371997
2026-02-23 22:01:03 | INFO | underwater_sensor_ga.pso | PSO iter 134/300 | best_global_cost=4.140100 | iter_best=4.736912
2026-02-23 22:01:04 | INFO | underwater_sensor_ga.pso | PSO iter 135/300 | best_global_cost=4.140100 | iter_best=4.592320
2026-02-23 22:01:06 | INFO | underwater_sensor_ga.pso | PSO iter 136/300 | best_global_cost=4.140100 | iter_best=4.389784
2026-02-23 22:01:07 | INFO | underwater_sensor_ga.pso | PSO iter 137/300 | best_global_cost=4.140100 | iter_best=4.515840
2026-02-23 22:01:09 | INFO | underwater_sensor_ga.pso | PSO iter 138/300 | best_global_cost=4.140100 | iter_best=4.413286
2026-02-23 22:01:10 | INFO | underwater_sensor_ga.pso | PSO iter 139/300 | best_global_cost=4.140100 | iter_best=4.659783
2026-02-23 22:01:11 | INFO | underwater_sensor_ga.pso | PSO iter 140/300 | best_global_cost=4.140100 | iter_best=4.466374
2026-02-23 22:01:13 | INFO | underwater_sensor_ga.pso | PSO iter 141/300 | best_global_cost=4.140100 | iter_best=4.350221
2026-02-23 22:01:15 | INFO | underwater_sensor_ga.pso | PSO iter 142/300 | best_global_cost=4.140100 | iter_best=4.263236
2026-02-23 22:01:16 | INFO | underwater_sensor_ga.pso | PSO iter 143/300 | best_global_cost=4.140100 | iter_best=4.661967
2026-02-23 22:01:18 | INFO | underwater_sensor_ga.pso | PSO iter 144/300 | best_global_cost=4.140100 | iter_best=4.701257
2026-02-23 22:01:19 | INFO | underwater_sensor_ga.pso | PSO iter 145/300 | best_global_cost=4.140100 | iter_best=4.407307
2026-02-23 22:01:20 | INFO | underwater_sensor_ga.pso | PSO iter 146/300 | best_global_cost=4.140100 | iter_best=4.429861
2026-02-23 22:01:22 | INFO | underwater_sensor_ga.pso | PSO iter 147/300 | best_global_cost=4.140100 | iter_best=4.495581
2026-02-23 22:01:23 | INFO | underwater_sensor_ga.pso | PSO iter 148/300 | best_global_cost=4.140100 | iter_best=4.478717
2026-02-23 22:01:25 | INFO | underwater_sensor_ga.pso | PSO iter 149/300 | best_global_cost=4.140100 | iter_best=4.527521
2026-02-23 22:01:26 | INFO | underwater_sensor_ga.pso | PSO iter 150/300 | best_global_cost=4.140100 | iter_best=4.499335
2026-02-23 22:01:28 | INFO | underwater_sensor_ga.pso | PSO iter 151/300 | best_global_cost=4.140100 | iter_best=4.632036
2026-02-23 22:01:29 | INFO | underwater_sensor_ga.pso | PSO iter 152/300 | best_global_cost=4.140100 | iter_best=4.332944
2026-02-23 22:01:31 | INFO | underwater_sensor_ga.pso | PSO iter 153/300 | best_global_cost=4.140100 | iter_best=4.304183
2026-02-23 22:01:32 | INFO | underwater_sensor_ga.pso | PSO iter 154/300 | best_global_cost=4.140100 | iter_best=4.434023
2026-02-23 22:01:34 | INFO | underwater_sensor_ga.pso | PSO iter 155/300 | best_global_cost=4.140100 | iter_best=4.539157
2026-02-23 22:01:35 | INFO | underwater_sensor_ga.pso | PSO iter 156/300 | best_global_cost=4.140100 | iter_best=4.516286
2026-02-23 22:01:37 | INFO | underwater_sensor_ga.pso | PSO iter 157/300 | best_global_cost=4.140100 | iter_best=4.506208
2026-02-23 22:01:38 | INFO | underwater_sensor_ga.pso | PSO iter 158/300 | best_global_cost=4.140100 | iter_best=4.434023
2026-02-23 22:01:39 | INFO | underwater_sensor_ga.pso | PSO iter 159/300 | best_global_cost=4.140100 | iter_best=4.503979
2026-02-23 22:01:41 | INFO | underwater_sensor_ga.pso | PSO iter 160/300 | best_global_cost=4.140100 | iter_best=4.340895
2026-02-23 22:01:42 | INFO | underwater_sensor_ga.pso | PSO iter 161/300 | best_global_cost=4.140100 | iter_best=4.368288
2026-02-23 22:01:44 | INFO | underwater_sensor_ga.pso | PSO iter 162/300 | best_global_cost=4.140100 | iter_best=4.628254
2026-02-23 22:01:45 | INFO | underwater_sensor_ga.pso | PSO iter 163/300 | best_global_cost=4.140100 | iter_best=4.543638
2026-02-23 22:01:47 | INFO | underwater_sensor_ga.pso | PSO iter 164/300 | best_global_cost=4.140100 | iter_best=4.452784
2026-02-23 22:01:48 | INFO | underwater_sensor_ga.pso | PSO iter 165/300 | best_global_cost=4.140100 | iter_best=4.360814
2026-02-23 22:01:50 | INFO | underwater_sensor_ga.pso | PSO iter 166/300 | best_global_cost=4.140100 | iter_best=4.617327
2026-02-23 22:01:51 | INFO | underwater_sensor_ga.pso | PSO iter 167/300 | best_global_cost=4.140100 | iter_best=4.465225
2026-02-23 22:01:52 | INFO | underwater_sensor_ga.pso | PSO iter 168/300 | best_global_cost=4.140100 | iter_best=4.360622
2026-02-23 22:01:54 | INFO | underwater_sensor_ga.pso | PSO iter 169/300 | best_global_cost=4.140100 | iter_best=4.351221
2026-02-23 22:01:55 | INFO | underwater_sensor_ga.pso | PSO iter 170/300 | best_global_cost=4.140100 | iter_best=4.611923
2026-02-23 22:01:57 | INFO | underwater_sensor_ga.pso | PSO iter 171/300 | best_global_cost=4.085946 | iter_best=4.085946
2026-02-23 22:01:58 | INFO | underwater_sensor_ga.pso | PSO iter 172/300 | best_global_cost=4.085946 | iter_best=4.466050
2026-02-23 22:02:00 | INFO | underwater_sensor_ga.pso | PSO iter 173/300 | best_global_cost=4.085946 | iter_best=4.466807
2026-02-23 22:02:04 | INFO | underwater_sensor_ga.pso | PSO iter 174/300 | best_global_cost=4.085946 | iter_best=4.376479
2026-02-23 22:02:05 | INFO | underwater_sensor_ga.pso | PSO iter 175/300 | best_global_cost=4.085946 | iter_best=4.594947
2026-02-23 22:02:07 | INFO | underwater_sensor_ga.pso | PSO iter 176/300 | best_global_cost=4.085946 | iter_best=4.388063
2026-02-23 22:02:08 | INFO | underwater_sensor_ga.pso | PSO iter 177/300 | best_global_cost=4.085946 | iter_best=4.537896
2026-02-23 22:02:10 | INFO | underwater_sensor_ga.pso | PSO iter 178/300 | best_global_cost=4.085946 | iter_best=4.488731
2026-02-23 22:02:11 | INFO | underwater_sensor_ga.pso | PSO iter 179/300 | best_global_cost=4.085946 | iter_best=4.630889
2026-02-23 22:02:13 | INFO | underwater_sensor_ga.pso | PSO iter 180/300 | best_global_cost=4.085946 | iter_best=4.486778
2026-02-23 22:02:14 | INFO | underwater_sensor_ga.pso | PSO iter 181/300 | best_global_cost=4.085946 | iter_best=4.680820
2026-02-23 22:02:15 | INFO | underwater_sensor_ga.pso | PSO iter 182/300 | best_global_cost=4.085946 | iter_best=4.426701
2026-02-23 22:02:17 | INFO | underwater_sensor_ga.pso | PSO iter 183/300 | best_global_cost=4.085946 | iter_best=4.687475
2026-02-23 22:02:18 | INFO | underwater_sensor_ga.pso | PSO iter 184/300 | best_global_cost=4.085946 | iter_best=4.466050
2026-02-23 22:02:20 | INFO | underwater_sensor_ga.pso | PSO iter 185/300 | best_global_cost=4.085946 | iter_best=4.321989
2026-02-23 22:02:21 | INFO | underwater_sensor_ga.pso | PSO iter 186/300 | best_global_cost=4.085946 | iter_best=4.358911
2026-02-23 22:02:23 | INFO | underwater_sensor_ga.pso | PSO iter 187/300 | best_global_cost=4.085946 | iter_best=4.460403
2026-02-23 22:02:24 | INFO | underwater_sensor_ga.pso | PSO iter 188/300 | best_global_cost=4.085946 | iter_best=4.497579
2026-02-23 22:02:25 | INFO | underwater_sensor_ga.pso | PSO iter 189/300 | best_global_cost=4.085946 | iter_best=4.481258
2026-02-23 22:02:27 | INFO | underwater_sensor_ga.pso | PSO iter 190/300 | best_global_cost=4.085946 | iter_best=4.564625
2026-02-23 22:02:28 | INFO | underwater_sensor_ga.pso | PSO iter 191/300 | best_global_cost=4.085946 | iter_best=4.379968
2026-02-23 22:02:30 | INFO | underwater_sensor_ga.pso | PSO iter 192/300 | best_global_cost=4.085946 | iter_best=4.581588
2026-02-23 22:02:31 | INFO | underwater_sensor_ga.pso | PSO iter 193/300 | best_global_cost=4.085946 | iter_best=4.589785
2026-02-23 22:02:32 | INFO | underwater_sensor_ga.pso | PSO iter 194/300 | best_global_cost=4.085946 | iter_best=4.458017
2026-02-23 22:02:34 | INFO | underwater_sensor_ga.pso | PSO iter 195/300 | best_global_cost=4.085946 | iter_best=4.236306
2026-02-23 22:02:35 | INFO | underwater_sensor_ga.pso | PSO iter 196/300 | best_global_cost=4.085946 | iter_best=4.236306
2026-02-23 22:02:37 | INFO | underwater_sensor_ga.pso | PSO iter 197/300 | best_global_cost=4.085946 | iter_best=4.633759
2026-02-23 22:02:38 | INFO | underwater_sensor_ga.pso | PSO iter 198/300 | best_global_cost=4.085946 | iter_best=4.304573
2026-02-23 22:02:40 | INFO | underwater_sensor_ga.pso | PSO iter 199/300 | best_global_cost=4.085946 | iter_best=4.578430
2026-02-23 22:02:41 | INFO | underwater_sensor_ga.pso | PSO iter 200/300 | best_global_cost=4.085946 | iter_best=4.406153
2026-02-23 22:02:42 | INFO | underwater_sensor_ga.pso | PSO iter 201/300 | best_global_cost=4.085946 | iter_best=4.242277
2026-02-23 22:02:44 | INFO | underwater_sensor_ga.pso | PSO iter 202/300 | best_global_cost=4.085946 | iter_best=4.522783
2026-02-23 22:02:45 | INFO | underwater_sensor_ga.pso | PSO iter 203/300 | best_global_cost=4.085946 | iter_best=4.500574
2026-02-23 22:02:47 | INFO | underwater_sensor_ga.pso | PSO iter 204/300 | best_global_cost=4.085946 | iter_best=4.542430
2026-02-23 22:02:48 | INFO | underwater_sensor_ga.pso | PSO iter 205/300 | best_global_cost=4.085946 | iter_best=4.551733
2026-02-23 22:02:49 | INFO | underwater_sensor_ga.pso | PSO iter 206/300 | best_global_cost=4.085946 | iter_best=4.290460
2026-02-23 22:02:51 | INFO | underwater_sensor_ga.pso | PSO iter 207/300 | best_global_cost=4.085946 | iter_best=4.387100
2026-02-23 22:02:52 | INFO | underwater_sensor_ga.pso | PSO iter 208/300 | best_global_cost=4.085946 | iter_best=4.521850
2026-02-23 22:02:54 | INFO | underwater_sensor_ga.pso | PSO iter 209/300 | best_global_cost=4.085946 | iter_best=4.259348
2026-02-23 22:02:55 | INFO | underwater_sensor_ga.pso | PSO iter 210/300 | best_global_cost=4.085946 | iter_best=4.124338
2026-02-23 22:02:56 | INFO | underwater_sensor_ga.pso | PSO iter 211/300 | best_global_cost=4.085946 | iter_best=4.363958
2026-02-23 22:02:58 | INFO | underwater_sensor_ga.pso | PSO iter 212/300 | best_global_cost=4.085946 | iter_best=4.161132
2026-02-23 22:02:59 | INFO | underwater_sensor_ga.pso | PSO iter 213/300 | best_global_cost=4.085946 | iter_best=4.563937
2026-02-23 22:03:00 | INFO | underwater_sensor_ga.pso | PSO iter 214/300 | best_global_cost=4.085946 | iter_best=4.548082
2026-02-23 22:03:02 | INFO | underwater_sensor_ga.pso | PSO iter 215/300 | best_global_cost=4.085946 | iter_best=4.523955
2026-02-23 22:03:03 | INFO | underwater_sensor_ga.pso | PSO iter 216/300 | best_global_cost=4.085946 | iter_best=4.699819
2026-02-23 22:03:05 | INFO | underwater_sensor_ga.pso | PSO iter 217/300 | best_global_cost=4.085946 | iter_best=4.295674
2026-02-23 22:03:06 | INFO | underwater_sensor_ga.pso | PSO iter 218/300 | best_global_cost=4.085946 | iter_best=4.380626
2026-02-23 22:03:07 | INFO | underwater_sensor_ga.pso | PSO iter 219/300 | best_global_cost=4.085946 | iter_best=4.573769
2026-02-23 22:03:09 | INFO | underwater_sensor_ga.pso | PSO iter 220/300 | best_global_cost=4.085946 | iter_best=4.173746
2026-02-23 22:03:10 | INFO | underwater_sensor_ga.pso | PSO iter 221/300 | best_global_cost=4.085946 | iter_best=4.582475
2026-02-23 22:03:12 | INFO | underwater_sensor_ga.pso | PSO iter 222/300 | best_global_cost=4.085946 | iter_best=4.491659
2026-02-23 22:03:13 | INFO | underwater_sensor_ga.pso | PSO iter 223/300 | best_global_cost=4.085946 | iter_best=4.492252
2026-02-23 22:03:16 | INFO | underwater_sensor_ga.pso | PSO iter 224/300 | best_global_cost=4.085946 | iter_best=4.518819
2026-02-23 22:03:19 | INFO | underwater_sensor_ga.pso | PSO iter 225/300 | best_global_cost=4.085946 | iter_best=4.260029
2026-02-23 22:03:22 | INFO | underwater_sensor_ga.pso | PSO iter 226/300 | best_global_cost=4.085946 | iter_best=4.602937
2026-02-23 22:03:23 | INFO | underwater_sensor_ga.pso | PSO iter 227/300 | best_global_cost=4.085946 | iter_best=4.539458
2026-02-23 22:03:25 | INFO | underwater_sensor_ga.pso | PSO iter 228/300 | best_global_cost=4.085946 | iter_best=4.461039
2026-02-23 22:03:27 | INFO | underwater_sensor_ga.pso | PSO iter 229/300 | best_global_cost=4.085946 | iter_best=4.527269
2026-02-23 22:03:30 | INFO | underwater_sensor_ga.pso | PSO iter 230/300 | best_global_cost=4.085946 | iter_best=4.485468
2026-02-23 22:03:32 | INFO | underwater_sensor_ga.pso | PSO iter 231/300 | best_global_cost=4.085946 | iter_best=4.327733
2026-02-23 22:03:35 | INFO | underwater_sensor_ga.pso | PSO iter 232/300 | best_global_cost=4.085946 | iter_best=4.568132
2026-02-23 22:03:36 | INFO | underwater_sensor_ga.pso | PSO iter 233/300 | best_global_cost=4.085946 | iter_best=4.435559
2026-02-23 22:03:37 | INFO | underwater_sensor_ga.pso | PSO iter 234/300 | best_global_cost=4.085946 | iter_best=4.385840
2026-02-23 22:03:39 | INFO | underwater_sensor_ga.pso | PSO iter 235/300 | best_global_cost=4.085946 | iter_best=4.444915
2026-02-23 22:03:40 | INFO | underwater_sensor_ga.pso | PSO iter 236/300 | best_global_cost=4.085946 | iter_best=4.467905
2026-02-23 22:03:41 | INFO | underwater_sensor_ga.pso | PSO iter 237/300 | best_global_cost=4.085946 | iter_best=4.335604
2026-02-23 22:03:43 | INFO | underwater_sensor_ga.pso | PSO iter 238/300 | best_global_cost=4.085946 | iter_best=4.506938
2026-02-23 22:03:44 | INFO | underwater_sensor_ga.pso | PSO iter 239/300 | best_global_cost=4.085946 | iter_best=4.358555
2026-02-23 22:03:45 | INFO | underwater_sensor_ga.pso | PSO iter 240/300 | best_global_cost=4.085946 | iter_best=4.340895
2026-02-23 22:03:47 | INFO | underwater_sensor_ga.pso | PSO iter 241/300 | best_global_cost=4.085946 | iter_best=4.633271
2026-02-23 22:03:48 | INFO | underwater_sensor_ga.pso | PSO iter 242/300 | best_global_cost=4.085946 | iter_best=4.543335
2026-02-23 22:03:50 | INFO | underwater_sensor_ga.pso | PSO iter 243/300 | best_global_cost=4.085946 | iter_best=4.408735
2026-02-23 22:03:51 | INFO | underwater_sensor_ga.pso | PSO iter 244/300 | best_global_cost=4.085946 | iter_best=4.505901
2026-02-23 22:03:52 | INFO | underwater_sensor_ga.pso | PSO iter 245/300 | best_global_cost=4.085946 | iter_best=4.326629
2026-02-23 22:03:54 | INFO | underwater_sensor_ga.pso | PSO iter 246/300 | best_global_cost=4.085946 | iter_best=4.295674
2026-02-23 22:03:55 | INFO | underwater_sensor_ga.pso | PSO iter 247/300 | best_global_cost=4.085946 | iter_best=4.289703
2026-02-23 22:03:59 | INFO | underwater_sensor_ga.pso | PSO iter 248/300 | best_global_cost=4.085946 | iter_best=4.551809
2026-02-23 22:04:00 | INFO | underwater_sensor_ga.pso | PSO iter 249/300 | best_global_cost=4.085946 | iter_best=4.302075
2026-02-23 22:04:02 | INFO | underwater_sensor_ga.pso | PSO iter 250/300 | best_global_cost=4.085946 | iter_best=4.558424
2026-02-23 22:04:03 | INFO | underwater_sensor_ga.pso | PSO iter 251/300 | best_global_cost=4.085946 | iter_best=4.312754
2026-02-23 22:04:04 | INFO | underwater_sensor_ga.pso | PSO iter 252/300 | best_global_cost=4.085946 | iter_best=4.523680
2026-02-23 22:04:06 | INFO | underwater_sensor_ga.pso | PSO iter 253/300 | best_global_cost=4.085946 | iter_best=4.406153
2026-02-23 22:04:07 | INFO | underwater_sensor_ga.pso | PSO iter 254/300 | best_global_cost=4.085946 | iter_best=4.468275
2026-02-23 22:04:09 | INFO | underwater_sensor_ga.pso | PSO iter 255/300 | best_global_cost=4.085946 | iter_best=4.492155
2026-02-23 22:04:10 | INFO | underwater_sensor_ga.pso | PSO iter 256/300 | best_global_cost=4.085946 | iter_best=4.462559
2026-02-23 22:04:11 | INFO | underwater_sensor_ga.pso | PSO iter 257/300 | best_global_cost=4.085946 | iter_best=4.568849
2026-02-23 22:04:13 | INFO | underwater_sensor_ga.pso | PSO iter 258/300 | best_global_cost=4.085946 | iter_best=4.466670
2026-02-23 22:04:14 | INFO | underwater_sensor_ga.pso | PSO iter 259/300 | best_global_cost=4.085946 | iter_best=4.471296
2026-02-23 22:04:15 | INFO | underwater_sensor_ga.pso | PSO iter 260/300 | best_global_cost=4.085946 | iter_best=4.331015
2026-02-23 22:04:17 | INFO | underwater_sensor_ga.pso | PSO iter 261/300 | best_global_cost=4.085946 | iter_best=4.577489
2026-02-23 22:04:18 | INFO | underwater_sensor_ga.pso | PSO iter 262/300 | best_global_cost=4.085946 | iter_best=4.379869
2026-02-23 22:04:20 | INFO | underwater_sensor_ga.pso | PSO iter 263/300 | best_global_cost=4.085946 | iter_best=4.229683
2026-02-23 22:04:21 | INFO | underwater_sensor_ga.pso | PSO iter 264/300 | best_global_cost=4.085946 | iter_best=4.570309
2026-02-23 22:04:23 | INFO | underwater_sensor_ga.pso | PSO iter 265/300 | best_global_cost=4.085946 | iter_best=4.471221
2026-02-23 22:04:24 | INFO | underwater_sensor_ga.pso | PSO iter 266/300 | best_global_cost=4.085946 | iter_best=4.215764
2026-02-23 22:04:25 | INFO | underwater_sensor_ga.pso | PSO iter 267/300 | best_global_cost=4.085946 | iter_best=4.590231
2026-02-23 22:04:29 | INFO | underwater_sensor_ga.pso | PSO iter 268/300 | best_global_cost=4.085946 | iter_best=4.535079
2026-02-23 22:04:31 | INFO | underwater_sensor_ga.pso | PSO iter 269/300 | best_global_cost=4.085946 | iter_best=4.545649
2026-02-23 22:04:32 | INFO | underwater_sensor_ga.pso | PSO iter 270/300 | best_global_cost=4.085946 | iter_best=4.576437
2026-02-23 22:04:33 | INFO | underwater_sensor_ga.pso | PSO iter 271/300 | best_global_cost=4.085946 | iter_best=4.551514
2026-02-23 22:04:35 | INFO | underwater_sensor_ga.pso | PSO iter 272/300 | best_global_cost=4.085946 | iter_best=4.243440
2026-02-23 22:04:36 | INFO | underwater_sensor_ga.pso | PSO iter 273/300 | best_global_cost=4.085946 | iter_best=4.535664
2026-02-23 22:04:38 | INFO | underwater_sensor_ga.pso | PSO iter 274/300 | best_global_cost=4.085946 | iter_best=4.478979
2026-02-23 22:04:39 | INFO | underwater_sensor_ga.pso | PSO iter 275/300 | best_global_cost=4.085946 | iter_best=4.539562
2026-02-23 22:04:41 | INFO | underwater_sensor_ga.pso | PSO iter 276/300 | best_global_cost=4.085946 | iter_best=4.543164
2026-02-23 22:04:42 | INFO | underwater_sensor_ga.pso | PSO iter 277/300 | best_global_cost=4.085946 | iter_best=4.678194
2026-02-23 22:04:43 | INFO | underwater_sensor_ga.pso | PSO iter 278/300 | best_global_cost=4.085946 | iter_best=4.344834
2026-02-23 22:04:45 | INFO | underwater_sensor_ga.pso | PSO iter 279/300 | best_global_cost=4.085946 | iter_best=4.395289
2026-02-23 22:04:46 | INFO | underwater_sensor_ga.pso | PSO iter 280/300 | best_global_cost=4.085946 | iter_best=4.545598
2026-02-23 22:04:47 | INFO | underwater_sensor_ga.pso | PSO iter 281/300 | best_global_cost=4.085946 | iter_best=4.439702
2026-02-23 22:04:49 | INFO | underwater_sensor_ga.pso | PSO iter 282/300 | best_global_cost=4.085946 | iter_best=4.550472
2026-02-23 22:04:50 | INFO | underwater_sensor_ga.pso | PSO iter 283/300 | best_global_cost=4.085946 | iter_best=4.377235
2026-02-23 22:04:51 | INFO | underwater_sensor_ga.pso | PSO iter 284/300 | best_global_cost=4.085946 | iter_best=4.640223
2026-02-23 22:04:53 | INFO | underwater_sensor_ga.pso | PSO iter 285/300 | best_global_cost=4.085946 | iter_best=4.425103
2026-02-23 22:04:54 | INFO | underwater_sensor_ga.pso | PSO iter 286/300 | best_global_cost=4.085946 | iter_best=4.522773
2026-02-23 22:04:55 | INFO | underwater_sensor_ga.pso | PSO iter 287/300 | best_global_cost=4.085946 | iter_best=4.314108
2026-02-23 22:04:57 | INFO | underwater_sensor_ga.pso | PSO iter 288/300 | best_global_cost=4.085946 | iter_best=4.425394
2026-02-23 22:04:58 | INFO | underwater_sensor_ga.pso | PSO iter 289/300 | best_global_cost=4.085946 | iter_best=4.609324
2026-02-23 22:05:00 | INFO | underwater_sensor_ga.pso | PSO iter 290/300 | best_global_cost=4.085946 | iter_best=4.289703
2026-02-23 22:05:01 | INFO | underwater_sensor_ga.pso | PSO iter 291/300 | best_global_cost=4.085946 | iter_best=4.443655
2026-02-23 22:05:02 | INFO | underwater_sensor_ga.pso | PSO iter 292/300 | best_global_cost=4.085946 | iter_best=4.613521
2026-02-23 22:05:04 | INFO | underwater_sensor_ga.pso | PSO iter 293/300 | best_global_cost=4.085946 | iter_best=4.581704
2026-02-23 22:05:05 | INFO | underwater_sensor_ga.pso | PSO iter 294/300 | best_global_cost=4.085946 | iter_best=4.529417
2026-02-23 22:05:07 | INFO | underwater_sensor_ga.pso | PSO iter 295/300 | best_global_cost=4.085946 | iter_best=4.389251
2026-02-23 22:05:08 | INFO | underwater_sensor_ga.pso | PSO iter 296/300 | best_global_cost=4.085946 | iter_best=4.343268
2026-02-23 22:05:09 | INFO | underwater_sensor_ga.pso | PSO iter 297/300 | best_global_cost=4.085946 | iter_best=4.440264
2026-02-23 22:05:11 | INFO | underwater_sensor_ga.pso | PSO iter 298/300 | best_global_cost=4.085946 | iter_best=4.425394
2026-02-23 22:05:12 | INFO | underwater_sensor_ga.pso | PSO iter 299/300 | best_global_cost=4.085946 | iter_best=4.374957
2026-02-23 22:05:13 | INFO | underwater_sensor_ga.pso | PSO iter 300/300 | best_global_cost=4.085946 | iter_best=4.326472
2026-02-23 22:05:13 | INFO | underwater_sensor_ga.pso_runner | Final PSO best cost (N=5): 4.085946
2026-02-23 22:05:13 | INFO | underwater_sensor_ga.pso_runner | All PSO experiments finished. Outputs saved under 'outputs'
2026-02-23 22:09:52 | INFO | underwater_sensor_ga.pso_runner | ================================================================================
2026-02-23 22:09:52 | INFO | underwater_sensor_ga.pso_runner | Running Particle Swarm Optimization for number_of_sensors=3
2026-02-23 22:09:52 | INFO | underwater_sensor_ga.pso | PSO seeds | pso_seed=321 | scenario_seed=123
2026-02-23 22:09:54 | INFO | underwater_sensor_ga.pso | PSO iter 1/1250 | best_global_cost=17.977875 | iter_best=17.977875
2026-02-23 22:09:55 | INFO | underwater_sensor_ga.pso | PSO iter 2/1250 | best_global_cost=17.977875 | iter_best=21.552841
2026-02-23 22:09:57 | INFO | underwater_sensor_ga.pso | PSO iter 3/1250 | best_global_cost=15.637523 | iter_best=15.637523
2026-02-23 22:09:58 | INFO | underwater_sensor_ga.pso | PSO iter 4/1250 | best_global_cost=7.361258 | iter_best=7.361258
2026-02-23 22:10:00 | INFO | underwater_sensor_ga.pso | PSO iter 5/1250 | best_global_cost=7.319433 | iter_best=7.319433
2026-02-23 22:10:02 | INFO | underwater_sensor_ga.pso | PSO iter 6/1250 | best_global_cost=7.319433 | iter_best=8.947091
2026-02-23 22:10:04 | INFO | underwater_sensor_ga.pso | PSO iter 7/1250 | best_global_cost=7.319433 | iter_best=13.774655
2026-02-23 22:10:05 | INFO | underwater_sensor_ga.pso | PSO iter 8/1250 | best_global_cost=7.319433 | iter_best=7.407705
2026-02-23 22:10:07 | INFO | underwater_sensor_ga.pso | PSO iter 9/1250 | best_global_cost=7.319433 | iter_best=7.718019
2026-02-23 22:10:09 | INFO | underwater_sensor_ga.pso | PSO iter 10/1250 | best_global_cost=7.319433 | iter_best=8.469243
2026-02-23 22:10:11 | INFO | underwater_sensor_ga.pso | PSO iter 11/1250 | best_global_cost=7.319433 | iter_best=8.662153
2026-02-23 22:10:13 | INFO | underwater_sensor_ga.pso | PSO iter 12/1250 | best_global_cost=7.319433 | iter_best=9.167265
2026-02-23 22:10:14 | INFO | underwater_sensor_ga.pso | PSO iter 13/1250 | best_global_cost=7.319433 | iter_best=8.152462
2026-02-23 22:10:16 | INFO | underwater_sensor_ga.pso | PSO iter 14/1250 | best_global_cost=7.081574 | iter_best=7.081574
2026-02-23 22:10:18 | INFO | underwater_sensor_ga.pso | PSO iter 15/1250 | best_global_cost=7.081574 | iter_best=8.601309
2026-02-23 22:10:20 | INFO | underwater_sensor_ga.pso | PSO iter 16/1250 | best_global_cost=7.081574 | iter_best=8.116029
2026-02-23 22:10:22 | INFO | underwater_sensor_ga.pso | PSO iter 17/1250 | best_global_cost=6.479324 | iter_best=6.479324
2026-02-23 22:10:23 | INFO | underwater_sensor_ga.pso | PSO iter 18/1250 | best_global_cost=6.479324 | iter_best=7.219394
2026-02-23 22:10:25 | INFO | underwater_sensor_ga.pso | PSO iter 19/1250 | best_global_cost=6.479324 | iter_best=6.608753
2026-02-23 22:10:27 | INFO | underwater_sensor_ga.pso | PSO iter 20/1250 | best_global_cost=6.479324 | iter_best=6.655504
2026-02-23 22:10:29 | INFO | underwater_sensor_ga.pso | PSO iter 21/1250 | best_global_cost=6.479324 | iter_best=7.141599
2026-02-23 22:10:31 | INFO | underwater_sensor_ga.pso | PSO iter 22/1250 | best_global_cost=6.479324 | iter_best=7.265429
2026-02-23 22:10:32 | INFO | underwater_sensor_ga.pso | PSO iter 23/1250 | best_global_cost=6.479324 | iter_best=6.532271
2026-02-23 22:10:34 | INFO | underwater_sensor_ga.pso | PSO iter 24/1250 | best_global_cost=6.479324 | iter_best=7.322731
2026-02-23 22:10:36 | INFO | underwater_sensor_ga.pso | PSO iter 25/1250 | best_global_cost=6.479324 | iter_best=6.739418
2026-02-23 22:10:38 | INFO | underwater_sensor_ga.pso | PSO iter 26/1250 | best_global_cost=6.479324 | iter_best=6.891092
2026-02-23 22:10:40 | INFO | underwater_sensor_ga.pso | PSO iter 27/1250 | best_global_cost=5.873111 | iter_best=5.873111
2026-02-23 22:10:41 | INFO | underwater_sensor_ga.pso | PSO iter 28/1250 | best_global_cost=5.873111 | iter_best=6.211527
2026-02-23 22:10:43 | INFO | underwater_sensor_ga.pso | PSO iter 29/1250 | best_global_cost=5.873111 | iter_best=6.117970
2026-02-23 22:10:45 | INFO | underwater_sensor_ga.pso | PSO iter 30/1250 | best_global_cost=5.760862 | iter_best=5.760862
2026-02-23 22:10:47 | INFO | underwater_sensor_ga.pso | PSO iter 31/1250 | best_global_cost=5.760862 | iter_best=6.438461
2026-02-23 22:10:49 | INFO | underwater_sensor_ga.pso | PSO iter 32/1250 | best_global_cost=5.760862 | iter_best=5.992367
2026-02-23 22:10:50 | INFO | underwater_sensor_ga.pso | PSO iter 33/1250 | best_global_cost=5.760862 | iter_best=6.217287
2026-02-23 22:10:52 | INFO | underwater_sensor_ga.pso | PSO iter 34/1250 | best_global_cost=5.760862 | iter_best=6.042217
2026-02-23 22:10:54 | INFO | underwater_sensor_ga.pso | PSO iter 35/1250 | best_global_cost=5.153239 | iter_best=5.153239
2026-02-23 22:10:56 | INFO | underwater_sensor_ga.pso | PSO iter 36/1250 | best_global_cost=5.153239 | iter_best=5.682538
2026-02-23 22:10:57 | INFO | underwater_sensor_ga.pso | PSO iter 37/1250 | best_global_cost=5.153239 | iter_best=5.897361
2026-02-23 22:10:59 | INFO | underwater_sensor_ga.pso | PSO iter 38/1250 | best_global_cost=5.153239 | iter_best=5.970753
2026-02-23 22:11:01 | INFO | underwater_sensor_ga.pso | PSO iter 39/1250 | best_global_cost=5.153239 | iter_best=5.816327
2026-02-23 22:11:02 | INFO | underwater_sensor_ga.pso | PSO iter 40/1250 | best_global_cost=5.153239 | iter_best=5.363406
2026-02-23 22:11:04 | INFO | underwater_sensor_ga.pso | PSO iter 41/1250 | best_global_cost=5.153239 | iter_best=6.012380
2026-02-23 22:11:06 | INFO | underwater_sensor_ga.pso | PSO iter 42/1250 | best_global_cost=5.153239 | iter_best=5.800566
2026-02-23 22:11:08 | INFO | underwater_sensor_ga.pso | PSO iter 43/1250 | best_global_cost=5.153239 | iter_best=5.966482
2026-02-23 22:11:09 | INFO | underwater_sensor_ga.pso | PSO iter 44/1250 | best_global_cost=5.153239 | iter_best=5.917534
2026-02-23 22:11:11 | INFO | underwater_sensor_ga.pso | PSO iter 45/1250 | best_global_cost=5.153239 | iter_best=5.935952
2026-02-23 22:11:13 | INFO | underwater_sensor_ga.pso | PSO iter 46/1250 | best_global_cost=5.153239 | iter_best=6.092233
2026-02-23 22:11:14 | INFO | underwater_sensor_ga.pso | PSO iter 47/1250 | best_global_cost=5.153239 | iter_best=5.776562
2026-02-23 22:11:16 | INFO | underwater_sensor_ga.pso | PSO iter 48/1250 | best_global_cost=5.153239 | iter_best=5.527464
2026-02-23 22:11:18 | INFO | underwater_sensor_ga.pso | PSO iter 49/1250 | best_global_cost=5.153239 | iter_best=6.263701
2026-02-23 22:11:19 | INFO | underwater_sensor_ga.pso | PSO iter 50/1250 | best_global_cost=5.153239 | iter_best=5.826449
2026-02-23 22:11:21 | INFO | underwater_sensor_ga.pso | PSO iter 51/1250 | best_global_cost=5.153239 | iter_best=5.635902
2026-02-23 22:11:23 | INFO | underwater_sensor_ga.pso | PSO iter 52/1250 | best_global_cost=5.153239 | iter_best=5.331761
2026-02-23 22:11:25 | INFO | underwater_sensor_ga.pso | PSO iter 53/1250 | best_global_cost=5.153239 | iter_best=5.901481
2026-02-23 22:11:26 | INFO | underwater_sensor_ga.pso | PSO iter 54/1250 | best_global_cost=5.153239 | iter_best=5.778656
2026-02-23 22:11:28 | INFO | underwater_sensor_ga.pso | PSO iter 55/1250 | best_global_cost=5.153239 | iter_best=5.625925
2026-02-23 22:11:30 | INFO | underwater_sensor_ga.pso | PSO iter 56/1250 | best_global_cost=5.153239 | iter_best=5.972047
2026-02-23 22:11:31 | INFO | underwater_sensor_ga.pso | PSO iter 57/1250 | best_global_cost=5.153239 | iter_best=5.817000
2026-02-23 22:11:33 | INFO | underwater_sensor_ga.pso | PSO iter 58/1250 | best_global_cost=5.153239 | iter_best=5.833949
2026-02-23 22:11:34 | INFO | underwater_sensor_ga.pso | PSO iter 59/1250 | best_global_cost=5.153239 | iter_best=6.126005
2026-02-23 22:11:36 | INFO | underwater_sensor_ga.pso | PSO iter 60/1250 | best_global_cost=5.153239 | iter_best=5.934681
2026-02-23 22:11:38 | INFO | underwater_sensor_ga.pso | PSO iter 61/1250 | best_global_cost=5.153239 | iter_best=5.541687
2026-02-23 22:11:39 | INFO | underwater_sensor_ga.pso | PSO iter 62/1250 | best_global_cost=5.153239 | iter_best=5.375922
2026-02-23 22:11:41 | INFO | underwater_sensor_ga.pso | PSO iter 63/1250 | best_global_cost=5.153239 | iter_best=6.219004
2026-02-23 22:11:42 | INFO | underwater_sensor_ga.pso | PSO iter 64/1250 | best_global_cost=5.153239 | iter_best=5.657678
2026-02-23 22:11:44 | INFO | underwater_sensor_ga.pso | PSO iter 65/1250 | best_global_cost=5.153239 | iter_best=5.691893
2026-02-23 22:11:46 | INFO | underwater_sensor_ga.pso | PSO iter 66/1250 | best_global_cost=5.153239 | iter_best=5.635476
2026-02-23 22:11:47 | INFO | underwater_sensor_ga.pso | PSO iter 67/1250 | best_global_cost=5.153239 | iter_best=5.335714
2026-02-23 22:11:49 | INFO | underwater_sensor_ga.pso | PSO iter 68/1250 | best_global_cost=5.153239 | iter_best=5.691410
2026-02-23 22:11:51 | INFO | underwater_sensor_ga.pso | PSO iter 69/1250 | best_global_cost=5.153239 | iter_best=5.749391
2026-02-23 22:11:52 | INFO | underwater_sensor_ga.pso | PSO iter 70/1250 | best_global_cost=5.153239 | iter_best=5.870871
2026-02-23 22:11:54 | INFO | underwater_sensor_ga.pso | PSO iter 71/1250 | best_global_cost=5.153239 | iter_best=5.779768
2026-02-23 22:11:55 | INFO | underwater_sensor_ga.pso | PSO iter 72/1250 | best_global_cost=5.072657 | iter_best=5.072657
2026-02-23 22:11:57 | INFO | underwater_sensor_ga.pso | PSO iter 73/1250 | best_global_cost=5.072657 | iter_best=5.687360
2026-02-23 22:11:59 | INFO | underwater_sensor_ga.pso | PSO iter 74/1250 | best_global_cost=5.072657 | iter_best=5.886738
2026-02-23 22:12:03 | INFO | underwater_sensor_ga.pso | PSO iter 75/1250 | best_global_cost=5.072657 | iter_best=5.449643
2026-02-23 22:12:04 | INFO | underwater_sensor_ga.pso | PSO iter 76/1250 | best_global_cost=5.072657 | iter_best=5.973252
2026-02-23 22:12:06 | INFO | underwater_sensor_ga.pso | PSO iter 77/1250 | best_global_cost=5.072657 | iter_best=5.865846
2026-02-23 22:12:08 | INFO | underwater_sensor_ga.pso | PSO iter 78/1250 | best_global_cost=5.072657 | iter_best=5.691450
2026-02-23 22:12:09 | INFO | underwater_sensor_ga.pso | PSO iter 79/1250 | best_global_cost=5.072657 | iter_best=5.463480
2026-02-23 22:12:11 | INFO | underwater_sensor_ga.pso | PSO iter 80/1250 | best_global_cost=5.072657 | iter_best=5.612416
2026-02-23 22:12:12 | INFO | underwater_sensor_ga.pso | PSO iter 81/1250 | best_global_cost=5.072657 | iter_best=5.177677
2026-02-23 22:12:14 | INFO | underwater_sensor_ga.pso | PSO iter 82/1250 | best_global_cost=5.072657 | iter_best=5.853980
2026-02-23 22:12:15 | INFO | underwater_sensor_ga.pso | PSO iter 83/1250 | best_global_cost=5.072657 | iter_best=5.566911
2026-02-23 22:12:17 | INFO | underwater_sensor_ga.pso | PSO iter 84/1250 | best_global_cost=5.072657 | iter_best=5.971976
2026-02-23 22:12:18 | INFO | underwater_sensor_ga.pso | PSO iter 85/1250 | best_global_cost=5.072657 | iter_best=5.807569
2026-02-23 22:12:20 | INFO | underwater_sensor_ga.pso | PSO iter 86/1250 | best_global_cost=5.072657 | iter_best=5.815061
2026-02-23 22:12:21 | INFO | underwater_sensor_ga.pso | PSO iter 87/1250 | best_global_cost=5.072657 | iter_best=5.778963
2026-02-23 22:12:23 | INFO | underwater_sensor_ga.pso | PSO iter 88/1250 | best_global_cost=5.072657 | iter_best=5.575863
2026-02-23 22:12:25 | INFO | underwater_sensor_ga.pso | PSO iter 89/1250 | best_global_cost=5.072657 | iter_best=6.080950
2026-02-23 22:12:26 | INFO | underwater_sensor_ga.pso | PSO iter 90/1250 | best_global_cost=5.072657 | iter_best=5.971781
2026-02-23 22:12:28 | INFO | underwater_sensor_ga.pso | PSO iter 91/1250 | best_global_cost=5.072657 | iter_best=5.706633
2026-02-23 22:12:29 | INFO | underwater_sensor_ga.pso | PSO iter 92/1250 | best_global_cost=5.072657 | iter_best=5.910664
2026-02-23 22:12:31 | INFO | underwater_sensor_ga.pso | PSO iter 93/1250 | best_global_cost=5.072657 | iter_best=5.586870
2026-02-23 22:12:32 | INFO | underwater_sensor_ga.pso | PSO iter 94/1250 | best_global_cost=5.072657 | iter_best=5.463574
2026-02-23 22:12:34 | INFO | underwater_sensor_ga.pso | PSO iter 95/1250 | best_global_cost=5.072657 | iter_best=5.742914
2026-02-23 22:12:35 | INFO | underwater_sensor_ga.pso | PSO iter 96/1250 | best_global_cost=5.072657 | iter_best=5.275042
2026-02-23 22:12:37 | INFO | underwater_sensor_ga.pso | PSO iter 97/1250 | best_global_cost=5.072657 | iter_best=5.917295
2026-02-23 22:12:38 | INFO | underwater_sensor_ga.pso | PSO iter 98/1250 | best_global_cost=5.072657 | iter_best=5.536741
2026-02-23 22:12:40 | INFO | underwater_sensor_ga.pso | PSO iter 99/1250 | best_global_cost=5.072657 | iter_best=5.803491
2026-02-23 22:12:42 | INFO | underwater_sensor_ga.pso | PSO iter 100/1250 | best_global_cost=5.072657 | iter_best=5.583326
2026-02-23 22:12:43 | INFO | underwater_sensor_ga.pso | PSO iter 101/1250 | best_global_cost=5.072657 | iter_best=5.709967
2026-02-23 22:12:45 | INFO | underwater_sensor_ga.pso | PSO iter 102/1250 | best_global_cost=5.072657 | iter_best=5.492776
2026-02-23 22:12:46 | INFO | underwater_sensor_ga.pso | PSO iter 103/1250 | best_global_cost=5.072657 | iter_best=5.549502
2026-02-23 22:12:48 | INFO | underwater_sensor_ga.pso | PSO iter 104/1250 | best_global_cost=5.072657 | iter_best=5.885595
2026-02-23 22:12:49 | INFO | underwater_sensor_ga.pso | PSO iter 105/1250 | best_global_cost=5.072657 | iter_best=5.964908
2026-02-23 22:12:51 | INFO | underwater_sensor_ga.pso | PSO iter 106/1250 | best_global_cost=5.072657 | iter_best=5.315287
2026-02-23 22:12:52 | INFO | underwater_sensor_ga.pso | PSO iter 107/1250 | best_global_cost=5.072657 | iter_best=5.494858
2026-02-23 22:12:54 | INFO | underwater_sensor_ga.pso | PSO iter 108/1250 | best_global_cost=5.072657 | iter_best=6.020597
2026-02-23 22:12:55 | INFO | underwater_sensor_ga.pso | PSO iter 109/1250 | best_global_cost=5.072657 | iter_best=5.814893
2026-02-23 22:12:57 | INFO | underwater_sensor_ga.pso | PSO iter 110/1250 | best_global_cost=5.072657 | iter_best=5.436583
2026-02-23 22:12:58 | INFO | underwater_sensor_ga.pso | PSO iter 111/1250 | best_global_cost=5.072657 | iter_best=5.859771
2026-02-23 22:13:00 | INFO | underwater_sensor_ga.pso | PSO iter 112/1250 | best_global_cost=5.072657 | iter_best=5.347710
2026-02-23 22:13:01 | INFO | underwater_sensor_ga.pso | PSO iter 113/1250 | best_global_cost=5.072657 | iter_best=5.197214
2026-02-23 22:13:03 | INFO | underwater_sensor_ga.pso | PSO iter 114/1250 | best_global_cost=5.072657 | iter_best=5.819199
2026-02-23 22:13:04 | INFO | underwater_sensor_ga.pso | PSO iter 115/1250 | best_global_cost=5.072657 | iter_best=5.656350
2026-02-23 22:13:05 | INFO | underwater_sensor_ga.pso | PSO iter 116/1250 | best_global_cost=5.072657 | iter_best=5.195664
2026-02-23 22:13:07 | INFO | underwater_sensor_ga.pso | PSO iter 117/1250 | best_global_cost=5.072657 | iter_best=6.039875
2026-02-23 22:13:08 | INFO | underwater_sensor_ga.pso | PSO iter 118/1250 | best_global_cost=5.072657 | iter_best=5.716683
2026-02-23 22:13:10 | INFO | underwater_sensor_ga.pso | PSO iter 119/1250 | best_global_cost=5.072657 | iter_best=5.932967
2026-02-23 22:13:11 | INFO | underwater_sensor_ga.pso | PSO iter 120/1250 | best_global_cost=5.072657 | iter_best=5.615172
2026-02-23 22:13:12 | INFO | underwater_sensor_ga.pso | PSO iter 121/1250 | best_global_cost=5.072657 | iter_best=5.880094
2026-02-23 22:13:14 | INFO | underwater_sensor_ga.pso | PSO iter 122/1250 | best_global_cost=5.072657 | iter_best=5.380237
2026-02-23 22:13:15 | INFO | underwater_sensor_ga.pso | PSO iter 123/1250 | best_global_cost=5.072657 | iter_best=5.396639
2026-02-23 22:13:17 | INFO | underwater_sensor_ga.pso | PSO iter 124/1250 | best_global_cost=5.072657 | iter_best=5.678806
2026-02-23 22:13:18 | INFO | underwater_sensor_ga.pso | PSO iter 125/1250 | best_global_cost=5.072657 | iter_best=5.332661
2026-02-23 22:13:20 | INFO | underwater_sensor_ga.pso | PSO iter 126/1250 | best_global_cost=5.072657 | iter_best=5.642994
2026-02-23 22:13:23 | INFO | underwater_sensor_ga.pso | PSO iter 127/1250 | best_global_cost=5.072657 | iter_best=5.877743
2026-02-23 22:13:25 | INFO | underwater_sensor_ga.pso | PSO iter 128/1250 | best_global_cost=5.072657 | iter_best=6.241149
2026-02-23 22:13:27 | INFO | underwater_sensor_ga.pso | PSO iter 129/1250 | best_global_cost=5.072657 | iter_best=5.938127
2026-02-23 22:13:28 | INFO | underwater_sensor_ga.pso | PSO iter 130/1250 | best_global_cost=5.072657 | iter_best=5.612200
2026-02-23 22:13:30 | INFO | underwater_sensor_ga.pso | PSO iter 131/1250 | best_global_cost=5.072657 | iter_best=5.767422
2026-02-23 22:13:32 | INFO | underwater_sensor_ga.pso | PSO iter 132/1250 | best_global_cost=5.072657 | iter_best=5.422674
2026-02-23 22:13:33 | INFO | underwater_sensor_ga.pso | PSO iter 133/1250 | best_global_cost=5.072657 | iter_best=5.541023
2026-02-23 22:13:34 | INFO | underwater_sensor_ga.pso | PSO iter 134/1250 | best_global_cost=5.072657 | iter_best=5.334397
2026-02-23 22:13:36 | INFO | underwater_sensor_ga.pso | PSO iter 135/1250 | best_global_cost=5.072657 | iter_best=5.946730
2026-02-23 22:13:37 | INFO | underwater_sensor_ga.pso | PSO iter 136/1250 | best_global_cost=5.072657 | iter_best=5.672967
2026-02-23 22:13:39 | INFO | underwater_sensor_ga.pso | PSO iter 137/1250 | best_global_cost=5.072657 | iter_best=5.759954
2026-02-23 22:13:41 | INFO | underwater_sensor_ga.pso | PSO iter 138/1250 | best_global_cost=5.072657 | iter_best=5.442719
2026-02-23 22:13:42 | INFO | underwater_sensor_ga.pso | PSO iter 139/1250 | best_global_cost=5.072657 | iter_best=5.558191
2026-02-23 22:13:44 | INFO | underwater_sensor_ga.pso | PSO iter 140/1250 | best_global_cost=5.072657 | iter_best=5.795507
2026-02-23 22:13:45 | INFO | underwater_sensor_ga.pso | PSO iter 141/1250 | best_global_cost=5.072657 | iter_best=5.586671
2026-02-23 22:13:47 | INFO | underwater_sensor_ga.pso | PSO iter 142/1250 | best_global_cost=5.072657 | iter_best=5.428806
2026-02-23 22:13:48 | INFO | underwater_sensor_ga.pso | PSO iter 143/1250 | best_global_cost=5.072657 | iter_best=5.417489
2026-02-23 22:13:50 | INFO | underwater_sensor_ga.pso | PSO iter 144/1250 | best_global_cost=5.072657 | iter_best=5.983336
2026-02-23 22:13:51 | INFO | underwater_sensor_ga.pso | PSO iter 145/1250 | best_global_cost=5.072657 | iter_best=5.579487
2026-02-23 22:13:52 | INFO | underwater_sensor_ga.pso | PSO iter 146/1250 | best_global_cost=5.072657 | iter_best=5.828498
2026-02-23 22:13:54 | INFO | underwater_sensor_ga.pso | PSO iter 147/1250 | best_global_cost=5.072657 | iter_best=5.659514
2026-02-23 22:13:55 | INFO | underwater_sensor_ga.pso | PSO iter 148/1250 | best_global_cost=5.072657 | iter_best=5.783108
2026-02-23 22:13:57 | INFO | underwater_sensor_ga.pso | PSO iter 149/1250 | best_global_cost=5.072657 | iter_best=5.218072
2026-02-23 22:13:58 | INFO | underwater_sensor_ga.pso | PSO iter 150/1250 | best_global_cost=5.072657 | iter_best=5.519253
2026-02-23 22:14:00 | INFO | underwater_sensor_ga.pso | PSO iter 151/1250 | best_global_cost=5.072657 | iter_best=5.978127
2026-02-23 22:14:01 | INFO | underwater_sensor_ga.pso | PSO iter 152/1250 | best_global_cost=5.072657 | iter_best=5.336918
2026-02-23 22:14:03 | INFO | underwater_sensor_ga.pso | PSO iter 153/1250 | best_global_cost=5.072657 | iter_best=5.696020
2026-02-23 22:14:04 | INFO | underwater_sensor_ga.pso | PSO iter 154/1250 | best_global_cost=5.072657 | iter_best=5.855216
2026-02-23 22:14:05 | INFO | underwater_sensor_ga.pso | PSO iter 155/1250 | best_global_cost=5.072657 | iter_best=5.177689
2026-02-23 22:14:07 | INFO | underwater_sensor_ga.pso | PSO iter 156/1250 | best_global_cost=5.072657 | iter_best=5.805416
2026-02-23 22:14:08 | INFO | underwater_sensor_ga.pso | PSO iter 157/1250 | best_global_cost=5.072657 | iter_best=6.083102
2026-02-23 22:14:09 | INFO | underwater_sensor_ga.pso | PSO iter 158/1250 | best_global_cost=4.934708 | iter_best=4.934708
2026-02-23 22:14:11 | INFO | underwater_sensor_ga.pso | PSO iter 159/1250 | best_global_cost=4.934708 | iter_best=5.267544
2026-02-23 22:14:12 | INFO | underwater_sensor_ga.pso | PSO iter 160/1250 | best_global_cost=4.934708 | iter_best=5.844518
2026-02-23 22:14:14 | INFO | underwater_sensor_ga.pso | PSO iter 161/1250 | best_global_cost=4.934708 | iter_best=5.969296
2026-02-23 22:14:15 | INFO | underwater_sensor_ga.pso | PSO iter 162/1250 | best_global_cost=4.934708 | iter_best=5.407403
2026-02-23 22:14:17 | INFO | underwater_sensor_ga.pso | PSO iter 163/1250 | best_global_cost=4.934708 | iter_best=5.745607
2026-02-23 22:14:18 | INFO | underwater_sensor_ga.pso | PSO iter 164/1250 | best_global_cost=4.934708 | iter_best=5.687022
2026-02-23 22:14:19 | INFO | underwater_sensor_ga.pso | PSO iter 165/1250 | best_global_cost=4.934708 | iter_best=5.669279
2026-02-23 22:14:21 | INFO | underwater_sensor_ga.pso | PSO iter 166/1250 | best_global_cost=4.934708 | iter_best=5.469901
2026-02-23 22:14:22 | INFO | underwater_sensor_ga.pso | PSO iter 167/1250 | best_global_cost=4.934708 | iter_best=5.629418
2026-02-23 22:14:23 | INFO | underwater_sensor_ga.pso | PSO iter 168/1250 | best_global_cost=4.934708 | iter_best=5.212559
2026-02-23 22:14:25 | INFO | underwater_sensor_ga.pso | PSO iter 169/1250 | best_global_cost=4.934708 | iter_best=5.591235
2026-02-23 22:14:27 | INFO | underwater_sensor_ga.pso | PSO iter 170/1250 | best_global_cost=4.934708 | iter_best=5.557961
2026-02-23 22:14:28 | INFO | underwater_sensor_ga.pso | PSO iter 171/1250 | best_global_cost=4.934708 | iter_best=5.046298
2026-02-23 22:14:30 | INFO | underwater_sensor_ga.pso | PSO iter 172/1250 | best_global_cost=4.934708 | iter_best=5.262577
2026-02-23 22:14:31 | INFO | underwater_sensor_ga.pso | PSO iter 173/1250 | best_global_cost=4.934708 | iter_best=5.252927
2026-02-23 22:14:32 | INFO | underwater_sensor_ga.pso | PSO iter 174/1250 | best_global_cost=4.934708 | iter_best=5.752335
2026-02-23 22:14:34 | INFO | underwater_sensor_ga.pso | PSO iter 175/1250 | best_global_cost=4.934708 | iter_best=5.423337
2026-02-23 22:14:35 | INFO | underwater_sensor_ga.pso | PSO iter 176/1250 | best_global_cost=4.934708 | iter_best=5.258816
2026-02-23 22:14:37 | INFO | underwater_sensor_ga.pso | PSO iter 177/1250 | best_global_cost=4.934708 | iter_best=5.778203
2026-02-23 22:14:38 | INFO | underwater_sensor_ga.pso | PSO iter 178/1250 | best_global_cost=4.934708 | iter_best=6.106598
2026-02-23 22:14:40 | INFO | underwater_sensor_ga.pso | PSO iter 179/1250 | best_global_cost=4.934708 | iter_best=5.604806
2026-02-23 22:14:42 | INFO | underwater_sensor_ga.pso | PSO iter 180/1250 | best_global_cost=4.934708 | iter_best=5.798458
2026-02-23 22:14:43 | INFO | underwater_sensor_ga.pso | PSO iter 181/1250 | best_global_cost=4.934708 | iter_best=5.744121
2026-02-23 22:14:46 | INFO | underwater_sensor_ga.pso | PSO iter 182/1250 | best_global_cost=4.934708 | iter_best=5.634899
2026-02-23 22:14:47 | INFO | underwater_sensor_ga.pso | PSO iter 183/1250 | best_global_cost=4.934708 | iter_best=5.534653
2026-02-23 22:14:49 | INFO | underwater_sensor_ga.pso | PSO iter 184/1250 | best_global_cost=4.934708 | iter_best=5.605945
2026-02-23 22:14:50 | INFO | underwater_sensor_ga.pso | PSO iter 185/1250 | best_global_cost=4.934708 | iter_best=5.751489
2026-02-23 22:14:52 | INFO | underwater_sensor_ga.pso | PSO iter 186/1250 | best_global_cost=4.934708 | iter_best=5.613104
2026-02-23 22:14:53 | INFO | underwater_sensor_ga.pso | PSO iter 187/1250 | best_global_cost=4.934708 | iter_best=5.288247
2026-02-23 22:14:54 | INFO | underwater_sensor_ga.pso | PSO iter 188/1250 | best_global_cost=4.934708 | iter_best=5.202680
2026-02-23 22:14:56 | INFO | underwater_sensor_ga.pso | PSO iter 189/1250 | best_global_cost=4.934708 | iter_best=5.596909
2026-02-23 22:14:57 | INFO | underwater_sensor_ga.pso | PSO iter 190/1250 | best_global_cost=4.934708 | iter_best=5.499549
2026-02-23 22:14:59 | INFO | underwater_sensor_ga.pso | PSO iter 191/1250 | best_global_cost=4.934708 | iter_best=5.134514
2026-02-23 22:15:00 | INFO | underwater_sensor_ga.pso | PSO iter 192/1250 | best_global_cost=4.934708 | iter_best=5.138518
2026-02-23 22:15:02 | INFO | underwater_sensor_ga.pso | PSO iter 193/1250 | best_global_cost=4.934708 | iter_best=5.855966
2026-02-23 22:15:03 | INFO | underwater_sensor_ga.pso | PSO iter 194/1250 | best_global_cost=4.934708 | iter_best=5.631955
2026-02-23 22:15:04 | INFO | underwater_sensor_ga.pso | PSO iter 195/1250 | best_global_cost=4.934708 | iter_best=5.401000
2026-02-23 22:15:06 | INFO | underwater_sensor_ga.pso | PSO iter 196/1250 | best_global_cost=4.934708 | iter_best=5.860967
2026-02-23 22:15:07 | INFO | underwater_sensor_ga.pso | PSO iter 197/1250 | best_global_cost=4.934708 | iter_best=5.916963
2026-02-23 22:15:09 | INFO | underwater_sensor_ga.pso | PSO iter 198/1250 | best_global_cost=4.934708 | iter_best=6.032842
2026-02-23 22:15:10 | INFO | underwater_sensor_ga.pso | PSO iter 199/1250 | best_global_cost=4.934708 | iter_best=5.935125
2026-02-23 22:15:12 | INFO | underwater_sensor_ga.pso | PSO iter 200/1250 | best_global_cost=4.934708 | iter_best=5.547476
2026-02-23 22:15:13 | INFO | underwater_sensor_ga.pso | PSO iter 201/1250 | best_global_cost=4.934708 | iter_best=5.589134
2026-02-23 22:15:14 | INFO | underwater_sensor_ga.pso | PSO iter 202/1250 | best_global_cost=4.934708 | iter_best=5.768032
2026-02-23 22:15:16 | INFO | underwater_sensor_ga.pso | PSO iter 203/1250 | best_global_cost=4.934708 | iter_best=5.298192
2026-02-23 22:15:17 | INFO | underwater_sensor_ga.pso | PSO iter 204/1250 | best_global_cost=4.934708 | iter_best=5.618175
2026-02-23 22:15:18 | INFO | underwater_sensor_ga.pso | PSO iter 205/1250 | best_global_cost=4.934708 | iter_best=6.019607
2026-02-23 22:15:20 | INFO | underwater_sensor_ga.pso | PSO iter 206/1250 | best_global_cost=4.934708 | iter_best=5.367114
2026-02-23 22:15:21 | INFO | underwater_sensor_ga.pso | PSO iter 207/1250 | best_global_cost=4.934708 | iter_best=5.684237
2026-02-23 22:15:23 | INFO | underwater_sensor_ga.pso | PSO iter 208/1250 | best_global_cost=4.934708 | iter_best=5.250887
2026-02-23 22:15:24 | INFO | underwater_sensor_ga.pso | PSO iter 209/1250 | best_global_cost=4.934708 | iter_best=5.778960
2026-02-23 22:15:26 | INFO | underwater_sensor_ga.pso | PSO iter 210/1250 | best_global_cost=4.934708 | iter_best=5.557323
2026-02-23 22:15:27 | INFO | underwater_sensor_ga.pso | PSO iter 211/1250 | best_global_cost=4.934708 | iter_best=5.477549
2026-02-23 22:15:29 | INFO | underwater_sensor_ga.pso | PSO iter 212/1250 | best_global_cost=4.934708 | iter_best=5.967345
2026-02-23 22:15:30 | INFO | underwater_sensor_ga.pso | PSO iter 213/1250 | best_global_cost=4.934708 | iter_best=5.830981
2026-02-23 22:15:31 | INFO | underwater_sensor_ga.pso | PSO iter 214/1250 | best_global_cost=4.934708 | iter_best=5.819992
2026-02-23 22:15:33 | INFO | underwater_sensor_ga.pso | PSO iter 215/1250 | best_global_cost=4.934708 | iter_best=5.530080
2026-02-23 22:15:34 | INFO | underwater_sensor_ga.pso | PSO iter 216/1250 | best_global_cost=4.934708 | iter_best=5.924349
2026-02-23 22:15:36 | INFO | underwater_sensor_ga.pso | PSO iter 217/1250 | best_global_cost=4.934708 | iter_best=5.668936
2026-02-23 22:15:37 | INFO | underwater_sensor_ga.pso | PSO iter 218/1250 | best_global_cost=4.934708 | iter_best=5.856604
2026-02-23 22:15:38 | INFO | underwater_sensor_ga.pso | PSO iter 219/1250 | best_global_cost=4.934708 | iter_best=5.541941
2026-02-23 22:15:40 | INFO | underwater_sensor_ga.pso | PSO iter 220/1250 | best_global_cost=4.934708 | iter_best=5.573983
2026-02-23 22:15:41 | INFO | underwater_sensor_ga.pso | PSO iter 221/1250 | best_global_cost=4.934708 | iter_best=5.421448
2026-02-23 22:15:43 | INFO | underwater_sensor_ga.pso | PSO iter 222/1250 | best_global_cost=4.934708 | iter_best=5.676511
2026-02-23 22:15:44 | INFO | underwater_sensor_ga.pso | PSO iter 223/1250 | best_global_cost=4.934708 | iter_best=5.399204
2026-02-23 22:15:46 | INFO | underwater_sensor_ga.pso | PSO iter 224/1250 | best_global_cost=4.934708 | iter_best=5.378430
2026-02-23 22:15:47 | INFO | underwater_sensor_ga.pso | PSO iter 225/1250 | best_global_cost=4.934708 | iter_best=5.189402
2026-02-23 22:15:48 | INFO | underwater_sensor_ga.pso | PSO iter 226/1250 | best_global_cost=4.934708 | iter_best=5.539010
2026-02-23 22:15:51 | INFO | underwater_sensor_ga.pso | PSO iter 227/1250 | best_global_cost=4.934708 | iter_best=5.978163
2026-02-23 22:15:52 | INFO | underwater_sensor_ga.pso | PSO iter 228/1250 | best_global_cost=4.934708 | iter_best=5.980622
2026-02-23 22:15:54 | INFO | underwater_sensor_ga.pso | PSO iter 229/1250 | best_global_cost=4.934708 | iter_best=5.577835
2026-02-23 22:15:55 | INFO | underwater_sensor_ga.pso | PSO iter 230/1250 | best_global_cost=4.934708 | iter_best=5.691924
2026-02-23 22:15:57 | INFO | underwater_sensor_ga.pso | PSO iter 231/1250 | best_global_cost=4.934708 | iter_best=5.636061
2026-02-23 22:15:58 | INFO | underwater_sensor_ga.pso | PSO iter 232/1250 | best_global_cost=4.934708 | iter_best=5.966451
2026-02-23 22:16:00 | INFO | underwater_sensor_ga.pso | PSO iter 233/1250 | best_global_cost=4.934708 | iter_best=5.525816
2026-02-23 22:16:01 | INFO | underwater_sensor_ga.pso | PSO iter 234/1250 | best_global_cost=4.934708 | iter_best=5.473152
2026-02-23 22:16:03 | INFO | underwater_sensor_ga.pso | PSO iter 235/1250 | best_global_cost=4.934708 | iter_best=5.212460
2026-02-23 22:16:04 | INFO | underwater_sensor_ga.pso | PSO iter 236/1250 | best_global_cost=4.934708 | iter_best=5.617241
2026-02-23 22:16:06 | INFO | underwater_sensor_ga.pso | PSO iter 237/1250 | best_global_cost=4.934708 | iter_best=5.497788
2026-02-23 22:16:07 | INFO | underwater_sensor_ga.pso | PSO iter 238/1250 | best_global_cost=4.934708 | iter_best=5.692293
2026-02-23 22:16:09 | INFO | underwater_sensor_ga.pso | PSO iter 239/1250 | best_global_cost=4.934708 | iter_best=5.679901
2026-02-23 22:16:10 | INFO | underwater_sensor_ga.pso | PSO iter 240/1250 | best_global_cost=4.934708 | iter_best=5.706973
2026-02-23 22:16:12 | INFO | underwater_sensor_ga.pso | PSO iter 241/1250 | best_global_cost=4.934708 | iter_best=6.063573
2026-02-23 22:16:13 | INFO | underwater_sensor_ga.pso | PSO iter 242/1250 | best_global_cost=4.934708 | iter_best=5.526989
2026-02-23 22:16:15 | INFO | underwater_sensor_ga.pso | PSO iter 243/1250 | best_global_cost=4.934708 | iter_best=5.637782
2026-02-23 22:16:16 | INFO | underwater_sensor_ga.pso | PSO iter 244/1250 | best_global_cost=4.934708 | iter_best=5.762642
2026-02-23 22:16:17 | INFO | underwater_sensor_ga.pso | PSO iter 245/1250 | best_global_cost=4.934708 | iter_best=5.669006
2026-02-23 22:16:19 | INFO | underwater_sensor_ga.pso | PSO iter 246/1250 | best_global_cost=4.934708 | iter_best=5.631586
2026-02-23 22:16:20 | INFO | underwater_sensor_ga.pso | PSO iter 247/1250 | best_global_cost=4.934708 | iter_best=5.574549
2026-02-23 22:16:22 | INFO | underwater_sensor_ga.pso | PSO iter 248/1250 | best_global_cost=4.934708 | iter_best=5.481682
2026-02-23 22:16:23 | INFO | underwater_sensor_ga.pso | PSO iter 249/1250 | best_global_cost=4.934708 | iter_best=5.428903
2026-02-23 22:16:25 | INFO | underwater_sensor_ga.pso | PSO iter 250/1250 | best_global_cost=4.934708 | iter_best=6.018792
2026-02-23 22:16:26 | INFO | underwater_sensor_ga.pso | PSO iter 251/1250 | best_global_cost=4.934708 | iter_best=5.653045
2026-02-23 22:16:28 | INFO | underwater_sensor_ga.pso | PSO iter 252/1250 | best_global_cost=4.934708 | iter_best=5.244417
2026-02-23 22:16:29 | INFO | underwater_sensor_ga.pso | PSO iter 253/1250 | best_global_cost=4.934708 | iter_best=5.261161
2026-02-23 22:16:31 | INFO | underwater_sensor_ga.pso | PSO iter 254/1250 | best_global_cost=4.934708 | iter_best=5.603012
2026-02-23 22:16:32 | INFO | underwater_sensor_ga.pso | PSO iter 255/1250 | best_global_cost=4.934708 | iter_best=6.011781
2026-02-23 22:16:34 | INFO | underwater_sensor_ga.pso | PSO iter 256/1250 | best_global_cost=4.934708 | iter_best=6.003240
2026-02-23 22:16:35 | INFO | underwater_sensor_ga.pso | PSO iter 257/1250 | best_global_cost=4.934708 | iter_best=5.480066
2026-02-23 22:16:37 | INFO | underwater_sensor_ga.pso | PSO iter 258/1250 | best_global_cost=4.934708 | iter_best=5.735207
2026-02-23 22:16:38 | INFO | underwater_sensor_ga.pso | PSO iter 259/1250 | best_global_cost=4.934708 | iter_best=5.372391
2026-02-23 22:16:40 | INFO | underwater_sensor_ga.pso | PSO iter 260/1250 | best_global_cost=4.934708 | iter_best=5.875376
2026-02-23 22:16:41 | INFO | underwater_sensor_ga.pso | PSO iter 261/1250 | best_global_cost=4.934708 | iter_best=5.623674
2026-02-23 22:16:42 | INFO | underwater_sensor_ga.pso | PSO iter 262/1250 | best_global_cost=4.934708 | iter_best=5.510263
2026-02-23 22:16:44 | INFO | underwater_sensor_ga.pso | PSO iter 263/1250 | best_global_cost=4.934708 | iter_best=5.807886
2026-02-23 22:16:45 | INFO | underwater_sensor_ga.pso | PSO iter 264/1250 | best_global_cost=4.934708 | iter_best=5.734435
2026-02-23 22:16:47 | INFO | underwater_sensor_ga.pso | PSO iter 265/1250 | best_global_cost=4.934708 | iter_best=5.626396
2026-02-23 22:16:48 | INFO | underwater_sensor_ga.pso | PSO iter 266/1250 | best_global_cost=4.934708 | iter_best=5.589938
2026-02-23 22:16:51 | INFO | underwater_sensor_ga.pso | PSO iter 267/1250 | best_global_cost=4.934708 | iter_best=5.390067
2026-02-23 22:16:52 | INFO | underwater_sensor_ga.pso | PSO iter 268/1250 | best_global_cost=4.934708 | iter_best=5.290270
2026-02-23 22:16:54 | INFO | underwater_sensor_ga.pso | PSO iter 269/1250 | best_global_cost=4.934708 | iter_best=5.763343
2026-02-23 22:16:56 | INFO | underwater_sensor_ga.pso | PSO iter 270/1250 | best_global_cost=4.934708 | iter_best=5.712502
2026-02-23 22:16:57 | INFO | underwater_sensor_ga.pso | PSO iter 271/1250 | best_global_cost=4.934708 | iter_best=5.297339
2026-02-23 22:16:58 | INFO | underwater_sensor_ga.pso | PSO iter 272/1250 | best_global_cost=4.934708 | iter_best=5.751875
2026-02-23 22:17:00 | INFO | underwater_sensor_ga.pso | PSO iter 273/1250 | best_global_cost=4.934708 | iter_best=5.680365
2026-02-23 22:17:01 | INFO | underwater_sensor_ga.pso | PSO iter 274/1250 | best_global_cost=4.934708 | iter_best=5.077612
2026-02-23 22:17:03 | INFO | underwater_sensor_ga.pso | PSO iter 275/1250 | best_global_cost=4.934708 | iter_best=5.563684
2026-02-23 22:17:04 | INFO | underwater_sensor_ga.pso | PSO iter 276/1250 | best_global_cost=4.934708 | iter_best=5.997257
2026-02-23 22:17:06 | INFO | underwater_sensor_ga.pso | PSO iter 277/1250 | best_global_cost=4.934708 | iter_best=5.341668
2026-02-23 22:17:07 | INFO | underwater_sensor_ga.pso | PSO iter 278/1250 | best_global_cost=4.934708 | iter_best=5.937379
2026-02-23 22:17:08 | INFO | underwater_sensor_ga.pso | PSO iter 279/1250 | best_global_cost=4.934708 | iter_best=5.534703
2026-02-23 22:17:10 | INFO | underwater_sensor_ga.pso | PSO iter 280/1250 | best_global_cost=4.934708 | iter_best=6.074658
2026-02-23 22:17:11 | INFO | underwater_sensor_ga.pso | PSO iter 281/1250 | best_global_cost=4.934708 | iter_best=5.517655
2026-02-23 22:17:13 | INFO | underwater_sensor_ga.pso | PSO iter 282/1250 | best_global_cost=4.934708 | iter_best=5.520372
2026-02-23 22:17:14 | INFO | underwater_sensor_ga.pso | PSO iter 283/1250 | best_global_cost=4.934708 | iter_best=5.868655
2026-02-23 22:17:16 | INFO | underwater_sensor_ga.pso | PSO iter 284/1250 | best_global_cost=4.934708 | iter_best=5.685748
2026-02-23 22:17:17 | INFO | underwater_sensor_ga.pso | PSO iter 285/1250 | best_global_cost=4.934708 | iter_best=5.638005
2026-02-23 22:17:19 | INFO | underwater_sensor_ga.pso | PSO iter 286/1250 | best_global_cost=4.934708 | iter_best=5.634123
2026-02-23 22:17:20 | INFO | underwater_sensor_ga.pso | PSO iter 287/1250 | best_global_cost=4.934708 | iter_best=5.472667
2026-02-23 22:17:21 | INFO | underwater_sensor_ga.pso | PSO iter 288/1250 | best_global_cost=4.934708 | iter_best=5.871297
2026-02-23 22:17:23 | INFO | underwater_sensor_ga.pso | PSO iter 289/1250 | best_global_cost=4.934708 | iter_best=5.716322
2026-02-23 22:17:24 | INFO | underwater_sensor_ga.pso | PSO iter 290/1250 | best_global_cost=4.934708 | iter_best=5.630386
2026-02-23 22:17:26 | INFO | underwater_sensor_ga.pso | PSO iter 291/1250 | best_global_cost=4.934708 | iter_best=5.744741
2026-02-23 22:17:27 | INFO | underwater_sensor_ga.pso | PSO iter 292/1250 | best_global_cost=4.934708 | iter_best=5.366748
2026-02-23 22:17:29 | INFO | underwater_sensor_ga.pso | PSO iter 293/1250 | best_global_cost=4.934708 | iter_best=5.671196
2026-02-23 22:17:30 | INFO | underwater_sensor_ga.pso | PSO iter 294/1250 | best_global_cost=4.934708 | iter_best=5.661984
2026-02-23 22:17:32 | INFO | underwater_sensor_ga.pso | PSO iter 295/1250 | best_global_cost=4.934708 | iter_best=5.716844
2026-02-23 22:17:33 | INFO | underwater_sensor_ga.pso | PSO iter 296/1250 | best_global_cost=4.934708 | iter_best=5.693689
2026-02-23 22:17:34 | INFO | underwater_sensor_ga.pso | PSO iter 297/1250 | best_global_cost=4.934708 | iter_best=5.536635
2026-02-23 22:17:36 | INFO | underwater_sensor_ga.pso | PSO iter 298/1250 | best_global_cost=4.934708 | iter_best=5.494991
2026-02-23 22:17:37 | INFO | underwater_sensor_ga.pso | PSO iter 299/1250 | best_global_cost=4.934708 | iter_best=5.587729
2026-02-23 22:17:39 | INFO | underwater_sensor_ga.pso | PSO iter 300/1250 | best_global_cost=4.934708 | iter_best=5.711869
2026-02-23 22:17:40 | INFO | underwater_sensor_ga.pso | PSO iter 301/1250 | best_global_cost=4.934708 | iter_best=5.608468
2026-02-23 22:17:42 | INFO | underwater_sensor_ga.pso | PSO iter 302/1250 | best_global_cost=4.934708 | iter_best=5.620120
2026-02-23 22:17:43 | INFO | underwater_sensor_ga.pso | PSO iter 303/1250 | best_global_cost=4.934708 | iter_best=5.443919
2026-02-23 22:17:44 | INFO | underwater_sensor_ga.pso | PSO iter 304/1250 | best_global_cost=4.934708 | iter_best=5.262415
2026-02-23 22:17:46 | INFO | underwater_sensor_ga.pso | PSO iter 305/1250 | best_global_cost=4.934708 | iter_best=5.431087
2026-02-23 22:17:47 | INFO | underwater_sensor_ga.pso | PSO iter 306/1250 | best_global_cost=4.934708 | iter_best=5.499218
2026-02-23 22:17:49 | INFO | underwater_sensor_ga.pso | PSO iter 307/1250 | best_global_cost=4.934708 | iter_best=5.705253
2026-02-23 22:17:50 | INFO | underwater_sensor_ga.pso | PSO iter 308/1250 | best_global_cost=4.934708 | iter_best=5.743448
2026-02-23 22:17:52 | INFO | underwater_sensor_ga.pso | PSO iter 309/1250 | best_global_cost=4.934708 | iter_best=5.448932
2026-02-23 22:17:53 | INFO | underwater_sensor_ga.pso | PSO iter 310/1250 | best_global_cost=4.934708 | iter_best=5.792831
2026-02-23 22:17:55 | INFO | underwater_sensor_ga.pso | PSO iter 311/1250 | best_global_cost=4.934708 | iter_best=5.723087
2026-02-23 22:17:56 | INFO | underwater_sensor_ga.pso | PSO iter 312/1250 | best_global_cost=4.934708 | iter_best=5.695724
2026-02-23 22:17:57 | INFO | underwater_sensor_ga.pso | PSO iter 313/1250 | best_global_cost=4.934708 | iter_best=5.704304
2026-02-23 22:17:59 | INFO | underwater_sensor_ga.pso | PSO iter 314/1250 | best_global_cost=4.934708 | iter_best=5.999232
2026-02-23 22:18:00 | INFO | underwater_sensor_ga.pso | PSO iter 315/1250 | best_global_cost=4.934708 | iter_best=5.640868
2026-02-23 22:18:02 | INFO | underwater_sensor_ga.pso | PSO iter 316/1250 | best_global_cost=4.934708 | iter_best=5.742409
2026-02-23 22:18:03 | INFO | underwater_sensor_ga.pso | PSO iter 317/1250 | best_global_cost=4.934708 | iter_best=5.312412
2026-02-23 22:18:05 | INFO | underwater_sensor_ga.pso | PSO iter 318/1250 | best_global_cost=4.934708 | iter_best=5.664312
2026-02-23 22:18:06 | INFO | underwater_sensor_ga.pso | PSO iter 319/1250 | best_global_cost=4.934708 | iter_best=5.169972
2026-02-23 22:18:08 | INFO | underwater_sensor_ga.pso | PSO iter 320/1250 | best_global_cost=4.934708 | iter_best=5.859489
2026-02-23 22:18:09 | INFO | underwater_sensor_ga.pso | PSO iter 321/1250 | best_global_cost=4.934708 | iter_best=5.816251
2026-02-23 22:18:10 | INFO | underwater_sensor_ga.pso | PSO iter 322/1250 | best_global_cost=4.934708 | iter_best=5.526242
2026-02-23 22:18:12 | INFO | underwater_sensor_ga.pso | PSO iter 323/1250 | best_global_cost=4.934708 | iter_best=5.870408
2026-02-23 22:18:13 | INFO | underwater_sensor_ga.pso | PSO iter 324/1250 | best_global_cost=4.934708 | iter_best=5.680922
2026-02-23 22:18:15 | INFO | underwater_sensor_ga.pso | PSO iter 325/1250 | best_global_cost=4.934708 | iter_best=5.487606
2026-02-23 22:18:16 | INFO | underwater_sensor_ga.pso | PSO iter 326/1250 | best_global_cost=4.934708 | iter_best=5.648043
2026-02-23 22:18:18 | INFO | underwater_sensor_ga.pso | PSO iter 327/1250 | best_global_cost=4.934708 | iter_best=6.056588
2026-02-23 22:18:19 | INFO | underwater_sensor_ga.pso | PSO iter 328/1250 | best_global_cost=4.934708 | iter_best=5.260161
2026-02-23 22:18:20 | INFO | underwater_sensor_ga.pso | PSO iter 329/1250 | best_global_cost=4.934708 | iter_best=5.449843
2026-02-23 22:18:22 | INFO | underwater_sensor_ga.pso | PSO iter 330/1250 | best_global_cost=4.934708 | iter_best=5.635494
2026-02-23 22:18:23 | INFO | underwater_sensor_ga.pso | PSO iter 331/1250 | best_global_cost=4.934708 | iter_best=5.868226
2026-02-23 22:18:25 | INFO | underwater_sensor_ga.pso | PSO iter 332/1250 | best_global_cost=4.934708 | iter_best=5.866465
2026-02-23 22:18:26 | INFO | underwater_sensor_ga.pso | PSO iter 333/1250 | best_global_cost=4.934708 | iter_best=5.956303
2026-02-23 22:18:27 | INFO | underwater_sensor_ga.pso | PSO iter 334/1250 | best_global_cost=4.934708 | iter_best=5.762394
2026-02-23 22:18:29 | INFO | underwater_sensor_ga.pso | PSO iter 335/1250 | best_global_cost=4.934708 | iter_best=5.739047
2026-02-23 22:18:30 | INFO | underwater_sensor_ga.pso | PSO iter 336/1250 | best_global_cost=4.934708 | iter_best=5.695772
2026-02-23 22:18:32 | INFO | underwater_sensor_ga.pso | PSO iter 337/1250 | best_global_cost=4.934708 | iter_best=5.438464
2026-02-23 22:18:33 | INFO | underwater_sensor_ga.pso | PSO iter 338/1250 | best_global_cost=4.934708 | iter_best=5.670993
2026-02-23 22:18:35 | INFO | underwater_sensor_ga.pso | PSO iter 339/1250 | best_global_cost=4.934708 | iter_best=5.658518
2026-02-23 22:18:36 | INFO | underwater_sensor_ga.pso | PSO iter 340/1250 | best_global_cost=4.934708 | iter_best=5.602675
2026-02-23 22:18:37 | INFO | underwater_sensor_ga.pso | PSO iter 341/1250 | best_global_cost=4.934708 | iter_best=5.583969
2026-02-23 22:18:39 | INFO | underwater_sensor_ga.pso | PSO iter 342/1250 | best_global_cost=4.934708 | iter_best=5.990080
2026-02-23 22:18:40 | INFO | underwater_sensor_ga.pso | PSO iter 343/1250 | best_global_cost=4.934708 | iter_best=5.871442
2026-02-23 22:18:42 | INFO | underwater_sensor_ga.pso | PSO iter 344/1250 | best_global_cost=4.934708 | iter_best=5.850390
2026-02-23 22:18:43 | INFO | underwater_sensor_ga.pso | PSO iter 345/1250 | best_global_cost=4.934708 | iter_best=5.810281
2026-02-23 22:18:45 | INFO | underwater_sensor_ga.pso | PSO iter 346/1250 | best_global_cost=4.934708 | iter_best=5.582387
2026-02-23 22:18:46 | INFO | underwater_sensor_ga.pso | PSO iter 347/1250 | best_global_cost=4.934708 | iter_best=5.753650
2026-02-23 22:18:47 | INFO | underwater_sensor_ga.pso | PSO iter 348/1250 | best_global_cost=4.934708 | iter_best=5.298820
2026-02-23 22:18:49 | INFO | underwater_sensor_ga.pso | PSO iter 349/1250 | best_global_cost=4.934708 | iter_best=5.325084
2026-02-23 22:18:50 | INFO | underwater_sensor_ga.pso | PSO iter 350/1250 | best_global_cost=4.934708 | iter_best=5.485915
2026-02-23 22:18:52 | INFO | underwater_sensor_ga.pso | PSO iter 351/1250 | best_global_cost=4.934708 | iter_best=5.989214
2026-02-23 22:18:53 | INFO | underwater_sensor_ga.pso | PSO iter 352/1250 | best_global_cost=4.934708 | iter_best=5.479675
2026-02-23 22:18:55 | INFO | underwater_sensor_ga.pso | PSO iter 353/1250 | best_global_cost=4.934708 | iter_best=5.287736
2026-02-23 22:18:56 | INFO | underwater_sensor_ga.pso | PSO iter 354/1250 | best_global_cost=4.934708 | iter_best=5.682479
2026-02-23 22:18:57 | INFO | underwater_sensor_ga.pso | PSO iter 355/1250 | best_global_cost=4.934708 | iter_best=5.329697
2026-02-23 22:18:59 | INFO | underwater_sensor_ga.pso | PSO iter 356/1250 | best_global_cost=4.934708 | iter_best=5.760160
2026-02-23 22:19:00 | INFO | underwater_sensor_ga.pso | PSO iter 357/1250 | best_global_cost=4.934708 | iter_best=5.511936
2026-02-23 22:19:02 | INFO | underwater_sensor_ga.pso | PSO iter 358/1250 | best_global_cost=4.934708 | iter_best=5.751313
2026-02-23 22:19:03 | INFO | underwater_sensor_ga.pso | PSO iter 359/1250 | best_global_cost=4.934708 | iter_best=5.725626
2026-02-23 22:19:05 | INFO | underwater_sensor_ga.pso | PSO iter 360/1250 | best_global_cost=4.934708 | iter_best=5.432162
2026-02-23 22:19:06 | INFO | underwater_sensor_ga.pso | PSO iter 361/1250 | best_global_cost=4.934708 | iter_best=5.246999
2026-02-23 22:19:07 | INFO | underwater_sensor_ga.pso | PSO iter 362/1250 | best_global_cost=4.934708 | iter_best=5.458627
2026-02-23 22:19:09 | INFO | underwater_sensor_ga.pso | PSO iter 363/1250 | best_global_cost=4.934708 | iter_best=5.664723
2026-02-23 22:19:10 | INFO | underwater_sensor_ga.pso | PSO iter 364/1250 | best_global_cost=4.934708 | iter_best=5.381808
2026-02-23 22:19:12 | INFO | underwater_sensor_ga.pso | PSO iter 365/1250 | best_global_cost=4.934708 | iter_best=5.496157
2026-02-23 22:19:13 | INFO | underwater_sensor_ga.pso | PSO iter 366/1250 | best_global_cost=4.934708 | iter_best=5.635512
2026-02-23 22:19:15 | INFO | underwater_sensor_ga.pso | PSO iter 367/1250 | best_global_cost=4.934708 | iter_best=5.764884
2026-02-23 22:19:16 | INFO | underwater_sensor_ga.pso | PSO iter 368/1250 | best_global_cost=4.934708 | iter_best=5.344243
2026-02-23 22:19:17 | INFO | underwater_sensor_ga.pso | PSO iter 369/1250 | best_global_cost=4.934708 | iter_best=5.752328
2026-02-23 22:19:19 | INFO | underwater_sensor_ga.pso | PSO iter 370/1250 | best_global_cost=4.934708 | iter_best=5.351347
2026-02-23 22:19:20 | INFO | underwater_sensor_ga.pso | PSO iter 371/1250 | best_global_cost=4.934708 | iter_best=5.685677
2026-02-23 22:19:22 | INFO | underwater_sensor_ga.pso | PSO iter 372/1250 | best_global_cost=4.934708 | iter_best=5.668734
2026-02-23 22:19:23 | INFO | underwater_sensor_ga.pso | PSO iter 373/1250 | best_global_cost=4.934708 | iter_best=5.995468
2026-02-23 22:19:25 | INFO | underwater_sensor_ga.pso | PSO iter 374/1250 | best_global_cost=4.934708 | iter_best=5.848378
2026-02-23 22:19:26 | INFO | underwater_sensor_ga.pso | PSO iter 375/1250 | best_global_cost=4.934708 | iter_best=5.620122
2026-02-23 22:19:27 | INFO | underwater_sensor_ga.pso | PSO iter 376/1250 | best_global_cost=4.934708 | iter_best=5.796222
2026-02-23 22:19:29 | INFO | underwater_sensor_ga.pso | PSO iter 377/1250 | best_global_cost=4.934708 | iter_best=5.474568
2026-02-23 22:19:30 | INFO | underwater_sensor_ga.pso | PSO iter 378/1250 | best_global_cost=4.934708 | iter_best=5.781066
2026-02-23 22:19:32 | INFO | underwater_sensor_ga.pso | PSO iter 379/1250 | best_global_cost=4.934708 | iter_best=5.659816
2026-02-23 22:19:33 | INFO | underwater_sensor_ga.pso | PSO iter 380/1250 | best_global_cost=4.934708 | iter_best=5.431240
2026-02-23 22:19:35 | INFO | underwater_sensor_ga.pso | PSO iter 381/1250 | best_global_cost=4.934708 | iter_best=5.429238
2026-02-23 22:19:36 | INFO | underwater_sensor_ga.pso | PSO iter 382/1250 | best_global_cost=4.934708 | iter_best=5.775039
2026-02-23 22:19:37 | INFO | underwater_sensor_ga.pso | PSO iter 383/1250 | best_global_cost=4.934708 | iter_best=5.696922
2026-02-23 22:19:39 | INFO | underwater_sensor_ga.pso | PSO iter 384/1250 | best_global_cost=4.934708 | iter_best=5.659148
2026-02-23 22:19:40 | INFO | underwater_sensor_ga.pso | PSO iter 385/1250 | best_global_cost=4.934708 | iter_best=5.825150
2026-02-23 22:19:42 | INFO | underwater_sensor_ga.pso | PSO iter 386/1250 | best_global_cost=4.934708 | iter_best=4.997219
2026-02-23 22:19:43 | INFO | underwater_sensor_ga.pso | PSO iter 387/1250 | best_global_cost=4.934708 | iter_best=5.633235
2026-02-23 22:19:45 | INFO | underwater_sensor_ga.pso | PSO iter 388/1250 | best_global_cost=4.934708 | iter_best=5.398357
2026-02-23 22:19:46 | INFO | underwater_sensor_ga.pso | PSO iter 389/1250 | best_global_cost=4.934708 | iter_best=5.568831
2026-02-23 22:19:47 | INFO | underwater_sensor_ga.pso | PSO iter 390/1250 | best_global_cost=4.934708 | iter_best=5.745387
2026-02-23 22:19:49 | INFO | underwater_sensor_ga.pso | PSO iter 391/1250 | best_global_cost=4.934708 | iter_best=5.703602
2026-02-23 22:19:50 | INFO | underwater_sensor_ga.pso | PSO iter 392/1250 | best_global_cost=4.934708 | iter_best=5.819300
2026-02-23 22:19:52 | INFO | underwater_sensor_ga.pso | PSO iter 393/1250 | best_global_cost=4.934708 | iter_best=5.280262
2026-02-23 22:19:53 | INFO | underwater_sensor_ga.pso | PSO iter 394/1250 | best_global_cost=4.934708 | iter_best=5.794089
2026-02-23 22:19:55 | INFO | underwater_sensor_ga.pso | PSO iter 395/1250 | best_global_cost=4.934708 | iter_best=5.173934
2026-02-23 22:19:56 | INFO | underwater_sensor_ga.pso | PSO iter 396/1250 | best_global_cost=4.934708 | iter_best=6.049404
2026-02-23 22:19:58 | INFO | underwater_sensor_ga.pso | PSO iter 397/1250 | best_global_cost=4.934708 | iter_best=5.687421
2026-02-23 22:19:59 | INFO | underwater_sensor_ga.pso | PSO iter 398/1250 | best_global_cost=4.934708 | iter_best=6.121074
2026-02-23 22:20:00 | INFO | underwater_sensor_ga.pso | PSO iter 399/1250 | best_global_cost=4.934708 | iter_best=5.880484
2026-02-23 22:20:02 | INFO | underwater_sensor_ga.pso | PSO iter 400/1250 | best_global_cost=4.934708 | iter_best=5.807663
2026-02-23 22:20:03 | INFO | underwater_sensor_ga.pso | PSO iter 401/1250 | best_global_cost=4.934708 | iter_best=5.938354
2026-02-23 22:20:05 | INFO | underwater_sensor_ga.pso | PSO iter 402/1250 | best_global_cost=4.934708 | iter_best=5.642621
2026-02-23 22:20:06 | INFO | underwater_sensor_ga.pso | PSO iter 403/1250 | best_global_cost=4.934708 | iter_best=5.615456
2026-02-23 22:20:08 | INFO | underwater_sensor_ga.pso | PSO iter 404/1250 | best_global_cost=4.934708 | iter_best=5.389418
2026-02-23 22:20:09 | INFO | underwater_sensor_ga.pso | PSO iter 405/1250 | best_global_cost=4.934708 | iter_best=5.563995
2026-02-23 22:20:11 | INFO | underwater_sensor_ga.pso | PSO iter 406/1250 | best_global_cost=4.934708 | iter_best=5.310864
2026-02-23 22:20:12 | INFO | underwater_sensor_ga.pso | PSO iter 407/1250 | best_global_cost=4.934708 | iter_best=5.810133
2026-02-23 22:20:13 | INFO | underwater_sensor_ga.pso | PSO iter 408/1250 | best_global_cost=4.934708 | iter_best=5.421087
2026-02-23 22:20:15 | INFO | underwater_sensor_ga.pso | PSO iter 409/1250 | best_global_cost=4.934708 | iter_best=5.618764
2026-02-23 22:20:16 | INFO | underwater_sensor_ga.pso | PSO iter 410/1250 | best_global_cost=4.934708 | iter_best=5.137483
2026-02-23 22:20:18 | INFO | underwater_sensor_ga.pso | PSO iter 411/1250 | best_global_cost=4.934708 | iter_best=5.193182
2026-02-23 22:20:19 | INFO | underwater_sensor_ga.pso | PSO iter 412/1250 | best_global_cost=4.934708 | iter_best=5.795239
2026-02-23 22:20:21 | INFO | underwater_sensor_ga.pso | PSO iter 413/1250 | best_global_cost=4.934708 | iter_best=5.727512
2026-02-23 22:20:22 | INFO | underwater_sensor_ga.pso | PSO iter 414/1250 | best_global_cost=4.934708 | iter_best=5.559229
2026-02-23 22:20:23 | INFO | underwater_sensor_ga.pso | PSO iter 415/1250 | best_global_cost=4.934708 | iter_best=5.193433
2026-02-23 22:20:25 | INFO | underwater_sensor_ga.pso | PSO iter 416/1250 | best_global_cost=4.934708 | iter_best=5.867383
2026-02-23 22:20:26 | INFO | underwater_sensor_ga.pso | PSO iter 417/1250 | best_global_cost=4.934708 | iter_best=5.456130
2026-02-23 22:20:28 | INFO | underwater_sensor_ga.pso | PSO iter 418/1250 | best_global_cost=4.934708 | iter_best=5.461141
2026-02-23 22:20:29 | INFO | underwater_sensor_ga.pso | PSO iter 419/1250 | best_global_cost=4.934708 | iter_best=5.752678
2026-02-23 22:20:31 | INFO | underwater_sensor_ga.pso | PSO iter 420/1250 | best_global_cost=4.934708 | iter_best=5.586346
2026-02-23 22:20:32 | INFO | underwater_sensor_ga.pso | PSO iter 421/1250 | best_global_cost=4.934708 | iter_best=5.254798
2026-02-23 22:20:33 | INFO | underwater_sensor_ga.pso | PSO iter 422/1250 | best_global_cost=4.934708 | iter_best=5.925260
2026-02-23 22:20:35 | INFO | underwater_sensor_ga.pso | PSO iter 423/1250 | best_global_cost=4.934708 | iter_best=5.827227
2026-02-23 22:20:36 | INFO | underwater_sensor_ga.pso | PSO iter 424/1250 | best_global_cost=4.934708 | iter_best=5.411363
2026-02-23 22:20:38 | INFO | underwater_sensor_ga.pso | PSO iter 425/1250 | best_global_cost=4.934708 | iter_best=5.892567
2026-02-23 22:20:39 | INFO | underwater_sensor_ga.pso | PSO iter 426/1250 | best_global_cost=4.934708 | iter_best=5.688434
2026-02-23 22:20:41 | INFO | underwater_sensor_ga.pso | PSO iter 427/1250 | best_global_cost=4.934708 | iter_best=5.561135
2026-02-23 22:20:42 | INFO | underwater_sensor_ga.pso | PSO iter 428/1250 | best_global_cost=4.934708 | iter_best=5.533063
2026-02-23 22:20:44 | INFO | underwater_sensor_ga.pso | PSO iter 429/1250 | best_global_cost=4.934708 | iter_best=5.637655
2026-02-23 22:20:45 | INFO | underwater_sensor_ga.pso | PSO iter 430/1250 | best_global_cost=4.934708 | iter_best=5.675153
2026-02-23 22:20:46 | INFO | underwater_sensor_ga.pso | PSO iter 431/1250 | best_global_cost=4.934708 | iter_best=5.651853
2026-02-23 22:20:48 | INFO | underwater_sensor_ga.pso | PSO iter 432/1250 | best_global_cost=4.934708 | iter_best=5.670205
2026-02-23 22:20:49 | INFO | underwater_sensor_ga.pso | PSO iter 433/1250 | best_global_cost=4.934708 | iter_best=5.649471
2026-02-23 22:20:51 | INFO | underwater_sensor_ga.pso | PSO iter 434/1250 | best_global_cost=4.934708 | iter_best=5.646053
2026-02-23 22:20:52 | INFO | underwater_sensor_ga.pso | PSO iter 435/1250 | best_global_cost=4.934708 | iter_best=5.229912
2026-02-23 22:20:54 | INFO | underwater_sensor_ga.pso | PSO iter 436/1250 | best_global_cost=4.934708 | iter_best=5.333054
2026-02-23 22:20:55 | INFO | underwater_sensor_ga.pso | PSO iter 437/1250 | best_global_cost=4.934708 | iter_best=5.688796
2026-02-23 22:20:56 | INFO | underwater_sensor_ga.pso | PSO iter 438/1250 | best_global_cost=4.934708 | iter_best=5.410661
2026-02-23 22:20:58 | INFO | underwater_sensor_ga.pso | PSO iter 439/1250 | best_global_cost=4.934708 | iter_best=5.632923
2026-02-23 22:20:59 | INFO | underwater_sensor_ga.pso | PSO iter 440/1250 | best_global_cost=4.934708 | iter_best=5.632472
2026-02-23 22:21:01 | INFO | underwater_sensor_ga.pso | PSO iter 441/1250 | best_global_cost=4.893835 | iter_best=4.893835
2026-02-23 22:21:02 | INFO | underwater_sensor_ga.pso | PSO iter 442/1250 | best_global_cost=4.893835 | iter_best=5.555380
2026-02-23 22:21:04 | INFO | underwater_sensor_ga.pso | PSO iter 443/1250 | best_global_cost=4.893835 | iter_best=5.415801
2026-02-23 22:21:05 | INFO | underwater_sensor_ga.pso | PSO iter 444/1250 | best_global_cost=4.893835 | iter_best=5.469703
2026-02-23 22:21:06 | INFO | underwater_sensor_ga.pso | PSO iter 445/1250 | best_global_cost=4.893835 | iter_best=5.975530
2026-02-23 22:21:08 | INFO | underwater_sensor_ga.pso | PSO iter 446/1250 | best_global_cost=4.893835 | iter_best=5.636877
2026-02-23 22:21:09 | INFO | underwater_sensor_ga.pso | PSO iter 447/1250 | best_global_cost=4.893835 | iter_best=5.624251
2026-02-23 22:21:11 | INFO | underwater_sensor_ga.pso | PSO iter 448/1250 | best_global_cost=4.893835 | iter_best=5.926452
2026-02-23 22:21:12 | INFO | underwater_sensor_ga.pso | PSO iter 449/1250 | best_global_cost=4.893835 | iter_best=5.427055
2026-02-23 22:21:14 | INFO | underwater_sensor_ga.pso | PSO iter 450/1250 | best_global_cost=4.893835 | iter_best=5.622571
2026-02-23 22:21:15 | INFO | underwater_sensor_ga.pso | PSO iter 451/1250 | best_global_cost=4.893835 | iter_best=5.654676
2026-02-23 22:21:16 | INFO | underwater_sensor_ga.pso | PSO iter 452/1250 | best_global_cost=4.893835 | iter_best=5.746643
2026-02-23 22:21:18 | INFO | underwater_sensor_ga.pso | PSO iter 453/1250 | best_global_cost=4.893835 | iter_best=5.975305
2026-02-23 22:21:19 | INFO | underwater_sensor_ga.pso | PSO iter 454/1250 | best_global_cost=4.893835 | iter_best=5.493126
2026-02-23 22:21:21 | INFO | underwater_sensor_ga.pso | PSO iter 455/1250 | best_global_cost=4.893835 | iter_best=5.493229
2026-02-23 22:21:22 | INFO | underwater_sensor_ga.pso | PSO iter 456/1250 | best_global_cost=4.893835 | iter_best=5.601774
2026-02-23 22:21:24 | INFO | underwater_sensor_ga.pso | PSO iter 457/1250 | best_global_cost=4.893835 | iter_best=5.087274
2026-02-23 22:21:25 | INFO | underwater_sensor_ga.pso | PSO iter 458/1250 | best_global_cost=4.893835 | iter_best=5.980401
2026-02-23 22:21:27 | INFO | underwater_sensor_ga.pso | PSO iter 459/1250 | best_global_cost=4.893835 | iter_best=5.328575
2026-02-23 22:21:28 | INFO | underwater_sensor_ga.pso | PSO iter 460/1250 | best_global_cost=4.893835 | iter_best=5.540097
2026-02-23 22:21:29 | INFO | underwater_sensor_ga.pso | PSO iter 461/1250 | best_global_cost=4.893835 | iter_best=5.631430
2026-02-23 22:21:31 | INFO | underwater_sensor_ga.pso | PSO iter 462/1250 | best_global_cost=4.893835 | iter_best=5.893581
2026-02-23 22:21:32 | INFO | underwater_sensor_ga.pso | PSO iter 463/1250 | best_global_cost=4.893835 | iter_best=5.402392
2026-02-23 22:21:34 | INFO | underwater_sensor_ga.pso | PSO iter 464/1250 | best_global_cost=4.893835 | iter_best=5.737219
2026-02-23 22:21:35 | INFO | underwater_sensor_ga.pso | PSO iter 465/1250 | best_global_cost=4.893835 | iter_best=5.466821
2026-02-23 22:21:37 | INFO | underwater_sensor_ga.pso | PSO iter 466/1250 | best_global_cost=4.893835 | iter_best=5.741540
2026-02-23 22:21:38 | INFO | underwater_sensor_ga.pso | PSO iter 467/1250 | best_global_cost=4.893835 | iter_best=5.725502
2026-02-23 22:21:40 | INFO | underwater_sensor_ga.pso | PSO iter 468/1250 | best_global_cost=4.893835 | iter_best=5.721076
2026-02-23 22:21:41 | INFO | underwater_sensor_ga.pso | PSO iter 469/1250 | best_global_cost=4.893835 | iter_best=5.517127
2026-02-23 22:21:42 | INFO | underwater_sensor_ga.pso | PSO iter 470/1250 | best_global_cost=4.893835 | iter_best=5.820506
2026-02-23 22:21:44 | INFO | underwater_sensor_ga.pso | PSO iter 471/1250 | best_global_cost=4.893835 | iter_best=5.862899
2026-02-23 22:21:45 | INFO | underwater_sensor_ga.pso | PSO iter 472/1250 | best_global_cost=4.893835 | iter_best=5.664775
2026-02-23 22:21:47 | INFO | underwater_sensor_ga.pso | PSO iter 473/1250 | best_global_cost=4.893835 | iter_best=5.713741
2026-02-23 22:21:48 | INFO | underwater_sensor_ga.pso | PSO iter 474/1250 | best_global_cost=4.893835 | iter_best=5.860264
2026-02-23 22:21:50 | INFO | underwater_sensor_ga.pso | PSO iter 475/1250 | best_global_cost=4.893835 | iter_best=5.528599
2026-02-23 22:21:51 | INFO | underwater_sensor_ga.pso | PSO iter 476/1250 | best_global_cost=4.893835 | iter_best=5.720465
2026-02-23 22:21:52 | INFO | underwater_sensor_ga.pso | PSO iter 477/1250 | best_global_cost=4.893835 | iter_best=5.446787
2026-02-23 22:21:54 | INFO | underwater_sensor_ga.pso | PSO iter 478/1250 | best_global_cost=4.893835 | iter_best=5.644141
2026-02-23 22:21:55 | INFO | underwater_sensor_ga.pso | PSO iter 479/1250 | best_global_cost=4.893835 | iter_best=5.670168
2026-02-23 22:21:57 | INFO | underwater_sensor_ga.pso | PSO iter 480/1250 | best_global_cost=4.893835 | iter_best=5.844528
2026-02-23 22:21:58 | INFO | underwater_sensor_ga.pso | PSO iter 481/1250 | best_global_cost=4.893835 | iter_best=5.781047
2026-02-23 22:22:00 | INFO | underwater_sensor_ga.pso | PSO iter 482/1250 | best_global_cost=4.893835 | iter_best=5.293551
2026-02-23 22:22:01 | INFO | underwater_sensor_ga.pso | PSO iter 483/1250 | best_global_cost=4.893835 | iter_best=5.781219
2026-02-23 22:22:03 | INFO | underwater_sensor_ga.pso | PSO iter 484/1250 | best_global_cost=4.893835 | iter_best=5.672862
2026-02-23 22:22:04 | INFO | underwater_sensor_ga.pso | PSO iter 485/1250 | best_global_cost=4.893835 | iter_best=5.168232
2026-02-23 22:22:05 | INFO | underwater_sensor_ga.pso | PSO iter 486/1250 | best_global_cost=4.893835 | iter_best=5.588083
2026-02-23 22:22:07 | INFO | underwater_sensor_ga.pso | PSO iter 487/1250 | best_global_cost=4.893835 | iter_best=5.752522
2026-02-23 22:22:08 | INFO | underwater_sensor_ga.pso | PSO iter 488/1250 | best_global_cost=4.893835 | iter_best=5.598391
2026-02-23 22:22:10 | INFO | underwater_sensor_ga.pso | PSO iter 489/1250 | best_global_cost=4.893835 | iter_best=5.708700
2026-02-23 22:22:11 | INFO | underwater_sensor_ga.pso | PSO iter 490/1250 | best_global_cost=4.893835 | iter_best=4.929023
2026-02-23 22:22:13 | INFO | underwater_sensor_ga.pso | PSO iter 491/1250 | best_global_cost=4.893835 | iter_best=5.657388
2026-02-23 22:22:14 | INFO | underwater_sensor_ga.pso | PSO iter 492/1250 | best_global_cost=4.893835 | iter_best=5.515872
2026-02-23 22:22:15 | INFO | underwater_sensor_ga.pso | PSO iter 493/1250 | best_global_cost=4.893835 | iter_best=5.368680
2026-02-23 22:22:17 | INFO | underwater_sensor_ga.pso | PSO iter 494/1250 | best_global_cost=4.893835 | iter_best=5.532459
2026-02-23 22:22:18 | INFO | underwater_sensor_ga.pso | PSO iter 495/1250 | best_global_cost=4.893835 | iter_best=5.587279
2026-02-23 22:22:20 | INFO | underwater_sensor_ga.pso | PSO iter 496/1250 | best_global_cost=4.893835 | iter_best=5.521037
2026-02-23 22:22:21 | INFO | underwater_sensor_ga.pso | PSO iter 497/1250 | best_global_cost=4.893835 | iter_best=5.545167
2026-02-23 22:22:23 | INFO | underwater_sensor_ga.pso | PSO iter 498/1250 | best_global_cost=4.893835 | iter_best=5.784245
2026-02-23 22:22:24 | INFO | underwater_sensor_ga.pso | PSO iter 499/1250 | best_global_cost=4.893835 | iter_best=5.832669
2026-02-23 22:22:26 | INFO | underwater_sensor_ga.pso | PSO iter 500/1250 | best_global_cost=4.893835 | iter_best=5.258099
2026-02-23 22:22:27 | INFO | underwater_sensor_ga.pso | PSO iter 501/1250 | best_global_cost=4.893835 | iter_best=5.972215
2026-02-23 22:22:28 | INFO | underwater_sensor_ga.pso | PSO iter 502/1250 | best_global_cost=4.893835 | iter_best=5.836024
2026-02-23 22:22:30 | INFO | underwater_sensor_ga.pso | PSO iter 503/1250 | best_global_cost=4.893835 | iter_best=5.559413
2026-02-23 22:22:31 | INFO | underwater_sensor_ga.pso | PSO iter 504/1250 | best_global_cost=4.893835 | iter_best=5.792648
2026-02-23 22:22:33 | INFO | underwater_sensor_ga.pso | PSO iter 505/1250 | best_global_cost=4.893835 | iter_best=5.376219
2026-02-23 22:22:34 | INFO | underwater_sensor_ga.pso | PSO iter 506/1250 | best_global_cost=4.893835 | iter_best=5.686475
2026-02-23 22:22:36 | INFO | underwater_sensor_ga.pso | PSO iter 507/1250 | best_global_cost=4.893835 | iter_best=5.819874
2026-02-23 22:22:37 | INFO | underwater_sensor_ga.pso | PSO iter 508/1250 | best_global_cost=4.893835 | iter_best=5.647496
2026-02-23 22:22:39 | INFO | underwater_sensor_ga.pso | PSO iter 509/1250 | best_global_cost=4.893835 | iter_best=5.363103
2026-02-23 22:22:40 | INFO | underwater_sensor_ga.pso | PSO iter 510/1250 | best_global_cost=4.893835 | iter_best=5.893311
2026-02-23 22:22:41 | INFO | underwater_sensor_ga.pso | PSO iter 511/1250 | best_global_cost=4.893835 | iter_best=5.440498
2026-02-23 22:22:43 | INFO | underwater_sensor_ga.pso | PSO iter 512/1250 | best_global_cost=4.893835 | iter_best=5.808003
2026-02-23 22:22:44 | INFO | underwater_sensor_ga.pso | PSO iter 513/1250 | best_global_cost=4.893835 | iter_best=5.440613
2026-02-23 22:22:46 | INFO | underwater_sensor_ga.pso | PSO iter 514/1250 | best_global_cost=4.893835 | iter_best=5.558075
2026-02-23 22:22:47 | INFO | underwater_sensor_ga.pso | PSO iter 515/1250 | best_global_cost=4.893835 | iter_best=5.526490
2026-02-23 22:22:49 | INFO | underwater_sensor_ga.pso | PSO iter 516/1250 | best_global_cost=4.893835 | iter_best=5.288411
2026-02-23 22:22:50 | INFO | underwater_sensor_ga.pso | PSO iter 517/1250 | best_global_cost=4.893835 | iter_best=5.830178
2026-02-23 22:22:52 | INFO | underwater_sensor_ga.pso | PSO iter 518/1250 | best_global_cost=4.893835 | iter_best=5.477347
2026-02-23 22:22:53 | INFO | underwater_sensor_ga.pso | PSO iter 519/1250 | best_global_cost=4.893835 | iter_best=5.701229
2026-02-23 22:22:54 | INFO | underwater_sensor_ga.pso | PSO iter 520/1250 | best_global_cost=4.893835 | iter_best=5.843211
2026-02-23 22:22:56 | INFO | underwater_sensor_ga.pso | PSO iter 521/1250 | best_global_cost=4.893835 | iter_best=5.771366
2026-02-23 22:22:57 | INFO | underwater_sensor_ga.pso | PSO iter 522/1250 | best_global_cost=4.893835 | iter_best=5.551261
2026-02-23 22:22:59 | INFO | underwater_sensor_ga.pso | PSO iter 523/1250 | best_global_cost=4.893835 | iter_best=5.750878
2026-02-23 22:23:00 | INFO | underwater_sensor_ga.pso | PSO iter 524/1250 | best_global_cost=4.893835 | iter_best=5.320594
2026-02-23 22:23:02 | INFO | underwater_sensor_ga.pso | PSO iter 525/1250 | best_global_cost=4.893835 | iter_best=5.323832
2026-02-23 22:23:03 | INFO | underwater_sensor_ga.pso | PSO iter 526/1250 | best_global_cost=4.893835 | iter_best=5.727696
2026-02-23 22:23:05 | INFO | underwater_sensor_ga.pso | PSO iter 527/1250 | best_global_cost=4.893835 | iter_best=5.647075
2026-02-23 22:23:06 | INFO | underwater_sensor_ga.pso | PSO iter 528/1250 | best_global_cost=4.893835 | iter_best=5.944957
2026-02-23 22:23:07 | INFO | underwater_sensor_ga.pso | PSO iter 529/1250 | best_global_cost=4.893835 | iter_best=5.525879
2026-02-23 22:23:09 | INFO | underwater_sensor_ga.pso | PSO iter 530/1250 | best_global_cost=4.893835 | iter_best=5.490481
2026-02-23 22:23:10 | INFO | underwater_sensor_ga.pso | PSO iter 531/1250 | best_global_cost=4.893835 | iter_best=5.595210
2026-02-23 22:23:12 | INFO | underwater_sensor_ga.pso | PSO iter 532/1250 | best_global_cost=4.893835 | iter_best=5.684422
2026-02-23 22:23:13 | INFO | underwater_sensor_ga.pso | PSO iter 533/1250 | best_global_cost=4.893835 | iter_best=5.115596
2026-02-23 22:23:15 | INFO | underwater_sensor_ga.pso | PSO iter 534/1250 | best_global_cost=4.893835 | iter_best=5.839439
2026-02-23 22:23:16 | INFO | underwater_sensor_ga.pso | PSO iter 535/1250 | best_global_cost=4.893835 | iter_best=5.753192
2026-02-23 22:23:17 | INFO | underwater_sensor_ga.pso | PSO iter 536/1250 | best_global_cost=4.893835 | iter_best=5.490212
2026-02-23 22:23:19 | INFO | underwater_sensor_ga.pso | PSO iter 537/1250 | best_global_cost=4.893835 | iter_best=5.398480
2026-02-23 22:23:20 | INFO | underwater_sensor_ga.pso | PSO iter 538/1250 | best_global_cost=4.893835 | iter_best=5.426072
2026-02-23 22:23:22 | INFO | underwater_sensor_ga.pso | PSO iter 539/1250 | best_global_cost=4.893835 | iter_best=5.890307
2026-02-23 22:23:23 | INFO | underwater_sensor_ga.pso | PSO iter 540/1250 | best_global_cost=4.893835 | iter_best=5.515290
2026-02-23 22:23:25 | INFO | underwater_sensor_ga.pso | PSO iter 541/1250 | best_global_cost=4.893835 | iter_best=5.880649
2026-02-23 22:23:26 | INFO | underwater_sensor_ga.pso | PSO iter 542/1250 | best_global_cost=4.893835 | iter_best=5.858217
2026-02-23 22:23:28 | INFO | underwater_sensor_ga.pso | PSO iter 543/1250 | best_global_cost=4.893835 | iter_best=5.922494
2026-02-23 22:23:29 | INFO | underwater_sensor_ga.pso | PSO iter 544/1250 | best_global_cost=4.893835 | iter_best=5.579831
2026-02-23 22:23:30 | INFO | underwater_sensor_ga.pso | PSO iter 545/1250 | best_global_cost=4.893835 | iter_best=5.779048
2026-02-23 22:23:32 | INFO | underwater_sensor_ga.pso | PSO iter 546/1250 | best_global_cost=4.893835 | iter_best=4.977937
2026-02-23 22:23:34 | INFO | underwater_sensor_ga.pso | PSO iter 547/1250 | best_global_cost=4.893835 | iter_best=5.611969
2026-02-23 22:23:35 | INFO | underwater_sensor_ga.pso | PSO iter 548/1250 | best_global_cost=4.893835 | iter_best=5.766427
2026-02-23 22:23:37 | INFO | underwater_sensor_ga.pso | PSO iter 549/1250 | best_global_cost=4.893835 | iter_best=5.615205
2026-02-23 22:23:38 | INFO | underwater_sensor_ga.pso | PSO iter 550/1250 | best_global_cost=4.893835 | iter_best=6.021135
2026-02-23 22:23:40 | INFO | underwater_sensor_ga.pso | PSO iter 551/1250 | best_global_cost=4.893835 | iter_best=5.569315
2026-02-23 22:23:41 | INFO | underwater_sensor_ga.pso | PSO iter 552/1250 | best_global_cost=4.893835 | iter_best=5.457164
2026-02-23 22:23:42 | INFO | underwater_sensor_ga.pso | PSO iter 553/1250 | best_global_cost=4.893835 | iter_best=5.572082
2026-02-23 22:23:44 | INFO | underwater_sensor_ga.pso | PSO iter 554/1250 | best_global_cost=4.893835 | iter_best=5.638217
2026-02-23 22:23:45 | INFO | underwater_sensor_ga.pso | PSO iter 555/1250 | best_global_cost=4.893835 | iter_best=5.356258
2026-02-23 22:23:47 | INFO | underwater_sensor_ga.pso | PSO iter 556/1250 | best_global_cost=4.893835 | iter_best=5.306134
2026-02-23 22:23:48 | INFO | underwater_sensor_ga.pso | PSO iter 557/1250 | best_global_cost=4.893835 | iter_best=5.979126
2026-02-23 22:23:50 | INFO | underwater_sensor_ga.pso | PSO iter 558/1250 | best_global_cost=4.893835 | iter_best=5.561683
2026-02-23 22:23:51 | INFO | underwater_sensor_ga.pso | PSO iter 559/1250 | best_global_cost=4.893835 | iter_best=5.586979
2026-02-23 22:23:52 | INFO | underwater_sensor_ga.pso | PSO iter 560/1250 | best_global_cost=4.893835 | iter_best=5.879232
2026-02-23 22:23:54 | INFO | underwater_sensor_ga.pso | PSO iter 561/1250 | best_global_cost=4.893835 | iter_best=5.623209
2026-02-23 22:23:55 | INFO | underwater_sensor_ga.pso | PSO iter 562/1250 | best_global_cost=4.893835 | iter_best=5.789701
2026-02-23 22:23:57 | INFO | underwater_sensor_ga.pso | PSO iter 563/1250 | best_global_cost=4.893835 | iter_best=5.636701
2026-02-23 22:23:58 | INFO | underwater_sensor_ga.pso | PSO iter 564/1250 | best_global_cost=4.893835 | iter_best=5.299622
2026-02-23 22:24:00 | INFO | underwater_sensor_ga.pso | PSO iter 565/1250 | best_global_cost=4.893835 | iter_best=5.371332
2026-02-23 22:24:01 | INFO | underwater_sensor_ga.pso | PSO iter 566/1250 | best_global_cost=4.893835 | iter_best=5.176472
2026-02-23 22:24:03 | INFO | underwater_sensor_ga.pso | PSO iter 567/1250 | best_global_cost=4.893835 | iter_best=5.489038
2026-02-23 22:24:04 | INFO | underwater_sensor_ga.pso | PSO iter 568/1250 | best_global_cost=4.893835 | iter_best=5.373299
2026-02-23 22:24:05 | INFO | underwater_sensor_ga.pso | PSO iter 569/1250 | best_global_cost=4.893835 | iter_best=5.928584
2026-02-23 22:24:07 | INFO | underwater_sensor_ga.pso | PSO iter 570/1250 | best_global_cost=4.893835 | iter_best=5.207010
2026-02-23 22:24:08 | INFO | underwater_sensor_ga.pso | PSO iter 571/1250 | best_global_cost=4.893835 | iter_best=5.741088
2026-02-23 22:24:10 | INFO | underwater_sensor_ga.pso | PSO iter 572/1250 | best_global_cost=4.893835 | iter_best=5.648060
2026-02-23 22:24:11 | INFO | underwater_sensor_ga.pso | PSO iter 573/1250 | best_global_cost=4.893835 | iter_best=5.700371
2026-02-23 22:24:13 | INFO | underwater_sensor_ga.pso | PSO iter 574/1250 | best_global_cost=4.893835 | iter_best=5.453070
2026-02-23 22:24:14 | INFO | underwater_sensor_ga.pso | PSO iter 575/1250 | best_global_cost=4.893835 | iter_best=5.218820
2026-02-23 22:24:15 | INFO | underwater_sensor_ga.pso | PSO iter 576/1250 | best_global_cost=4.893835 | iter_best=5.431732
2026-02-23 22:24:17 | INFO | underwater_sensor_ga.pso | PSO iter 577/1250 | best_global_cost=4.893835 | iter_best=5.939773
2026-02-23 22:24:18 | INFO | underwater_sensor_ga.pso | PSO iter 578/1250 | best_global_cost=4.893835 | iter_best=5.693651
2026-02-23 22:24:20 | INFO | underwater_sensor_ga.pso | PSO iter 579/1250 | best_global_cost=4.893835 | iter_best=5.809232
2026-02-23 22:24:21 | INFO | underwater_sensor_ga.pso | PSO iter 580/1250 | best_global_cost=4.893835 | iter_best=5.219565
2026-02-23 22:24:23 | INFO | underwater_sensor_ga.pso | PSO iter 581/1250 | best_global_cost=4.893835 | iter_best=5.171699
2026-02-23 22:24:24 | INFO | underwater_sensor_ga.pso | PSO iter 582/1250 | best_global_cost=4.893835 | iter_best=5.268342
2026-02-23 22:24:26 | INFO | underwater_sensor_ga.pso | PSO iter 583/1250 | best_global_cost=4.893835 | iter_best=5.493278
2026-02-23 22:24:27 | INFO | underwater_sensor_ga.pso | PSO iter 584/1250 | best_global_cost=4.893835 | iter_best=5.722327
2026-02-23 22:24:28 | INFO | underwater_sensor_ga.pso | PSO iter 585/1250 | best_global_cost=4.893835 | iter_best=5.577547
2026-02-23 22:24:30 | INFO | underwater_sensor_ga.pso | PSO iter 586/1250 | best_global_cost=4.893835 | iter_best=5.952047
2026-02-23 22:24:31 | INFO | underwater_sensor_ga.pso | PSO iter 587/1250 | best_global_cost=4.893835 | iter_best=5.469031
2026-02-23 22:24:33 | INFO | underwater_sensor_ga.pso | PSO iter 588/1250 | best_global_cost=4.893835 | iter_best=5.437037
2026-02-23 22:24:34 | INFO | underwater_sensor_ga.pso | PSO iter 589/1250 | best_global_cost=4.893835 | iter_best=5.669086
2026-02-23 22:24:36 | INFO | underwater_sensor_ga.pso | PSO iter 590/1250 | best_global_cost=4.893835 | iter_best=5.710445
2026-02-23 22:24:37 | INFO | underwater_sensor_ga.pso | PSO iter 591/1250 | best_global_cost=4.893835 | iter_best=5.457990
2026-02-23 22:24:39 | INFO | underwater_sensor_ga.pso | PSO iter 592/1250 | best_global_cost=4.893835 | iter_best=5.931691
2026-02-23 22:24:40 | INFO | underwater_sensor_ga.pso | PSO iter 593/1250 | best_global_cost=4.893835 | iter_best=5.678947
2026-02-23 22:24:41 | INFO | underwater_sensor_ga.pso | PSO iter 594/1250 | best_global_cost=4.893835 | iter_best=5.470997
2026-02-23 22:24:43 | INFO | underwater_sensor_ga.pso | PSO iter 595/1250 | best_global_cost=4.893835 | iter_best=5.172799
2026-02-23 22:24:44 | INFO | underwater_sensor_ga.pso | PSO iter 596/1250 | best_global_cost=4.893835 | iter_best=5.442716
2026-02-23 22:24:46 | INFO | underwater_sensor_ga.pso | PSO iter 597/1250 | best_global_cost=4.893835 | iter_best=5.956644
2026-02-23 22:24:47 | INFO | underwater_sensor_ga.pso | PSO iter 598/1250 | best_global_cost=4.893835 | iter_best=5.782795
2026-02-23 22:24:49 | INFO | underwater_sensor_ga.pso | PSO iter 599/1250 | best_global_cost=4.893835 | iter_best=5.362151
2026-02-23 22:24:50 | INFO | underwater_sensor_ga.pso | PSO iter 600/1250 | best_global_cost=4.893835 | iter_best=5.573674
2026-02-23 22:24:51 | INFO | underwater_sensor_ga.pso | PSO iter 601/1250 | best_global_cost=4.893835 | iter_best=6.015107
2026-02-23 22:24:53 | INFO | underwater_sensor_ga.pso | PSO iter 602/1250 | best_global_cost=4.893835 | iter_best=5.510403
2026-02-23 22:24:54 | INFO | underwater_sensor_ga.pso | PSO iter 603/1250 | best_global_cost=4.893835 | iter_best=5.948709
2026-02-23 22:24:56 | INFO | underwater_sensor_ga.pso | PSO iter 604/1250 | best_global_cost=4.893835 | iter_best=6.096704
2026-02-23 22:24:57 | INFO | underwater_sensor_ga.pso | PSO iter 605/1250 | best_global_cost=4.893835 | iter_best=5.996238
2026-02-23 22:24:59 | INFO | underwater_sensor_ga.pso | PSO iter 606/1250 | best_global_cost=4.893835 | iter_best=5.564544
2026-02-23 22:25:00 | INFO | underwater_sensor_ga.pso | PSO iter 607/1250 | best_global_cost=4.893835 | iter_best=5.675683
2026-02-23 22:25:02 | INFO | underwater_sensor_ga.pso | PSO iter 608/1250 | best_global_cost=4.893835 | iter_best=5.825557
2026-02-23 22:25:03 | INFO | underwater_sensor_ga.pso | PSO iter 609/1250 | best_global_cost=4.893835 | iter_best=5.724394
2026-02-23 22:25:04 | INFO | underwater_sensor_ga.pso | PSO iter 610/1250 | best_global_cost=4.893835 | iter_best=5.672944
2026-02-23 22:25:06 | INFO | underwater_sensor_ga.pso | PSO iter 611/1250 | best_global_cost=4.893835 | iter_best=5.636302
2026-02-23 22:25:07 | INFO | underwater_sensor_ga.pso | PSO iter 612/1250 | best_global_cost=4.893835 | iter_best=5.705188
2026-02-23 22:25:09 | INFO | underwater_sensor_ga.pso | PSO iter 613/1250 | best_global_cost=4.893835 | iter_best=5.548721
2026-02-23 22:25:10 | INFO | underwater_sensor_ga.pso | PSO iter 614/1250 | best_global_cost=4.893835 | iter_best=6.002533
2026-02-23 22:25:12 | INFO | underwater_sensor_ga.pso | PSO iter 615/1250 | best_global_cost=4.893835 | iter_best=5.921447
2026-02-23 22:25:13 | INFO | underwater_sensor_ga.pso | PSO iter 616/1250 | best_global_cost=4.893835 | iter_best=5.802696
2026-02-23 22:25:14 | INFO | underwater_sensor_ga.pso | PSO iter 617/1250 | best_global_cost=4.893835 | iter_best=5.292047
2026-02-23 22:25:16 | INFO | underwater_sensor_ga.pso | PSO iter 618/1250 | best_global_cost=4.893835 | iter_best=6.009021
2026-02-23 22:25:17 | INFO | underwater_sensor_ga.pso | PSO iter 619/1250 | best_global_cost=4.893835 | iter_best=5.486329
2026-02-23 22:25:19 | INFO | underwater_sensor_ga.pso | PSO iter 620/1250 | best_global_cost=4.893835 | iter_best=5.958172
2026-02-23 22:25:20 | INFO | underwater_sensor_ga.pso | PSO iter 621/1250 | best_global_cost=4.893835 | iter_best=6.010279
2026-02-23 22:25:22 | INFO | underwater_sensor_ga.pso | PSO iter 622/1250 | best_global_cost=4.893835 | iter_best=5.401637
2026-02-23 22:25:23 | INFO | underwater_sensor_ga.pso | PSO iter 623/1250 | best_global_cost=4.893835 | iter_best=5.796551
2026-02-23 22:25:25 | INFO | underwater_sensor_ga.pso | PSO iter 624/1250 | best_global_cost=4.893835 | iter_best=5.615090
2026-02-23 22:25:26 | INFO | underwater_sensor_ga.pso | PSO iter 625/1250 | best_global_cost=4.893835 | iter_best=5.371506
2026-02-23 22:25:27 | INFO | underwater_sensor_ga.pso | PSO iter 626/1250 | best_global_cost=4.893835 | iter_best=5.863757
2026-02-23 22:25:29 | INFO | underwater_sensor_ga.pso | PSO iter 627/1250 | best_global_cost=4.893835 | iter_best=5.685413
2026-02-23 22:25:30 | INFO | underwater_sensor_ga.pso | PSO iter 628/1250 | best_global_cost=4.893835 | iter_best=5.821757
2026-02-23 22:25:32 | INFO | underwater_sensor_ga.pso | PSO iter 629/1250 | best_global_cost=4.893835 | iter_best=5.307385
2026-02-23 22:25:33 | INFO | underwater_sensor_ga.pso | PSO iter 630/1250 | best_global_cost=4.893835 | iter_best=5.103916
2026-02-23 22:25:34 | INFO | underwater_sensor_ga.pso | PSO iter 631/1250 | best_global_cost=4.893835 | iter_best=5.880721
2026-02-23 22:25:36 | INFO | underwater_sensor_ga.pso | PSO iter 632/1250 | best_global_cost=4.893835 | iter_best=5.605821
2026-02-23 22:25:37 | INFO | underwater_sensor_ga.pso | PSO iter 633/1250 | best_global_cost=4.893835 | iter_best=5.784613
2026-02-23 22:25:38 | INFO | underwater_sensor_ga.pso | PSO iter 634/1250 | best_global_cost=4.893835 | iter_best=6.019345
2026-02-23 22:25:40 | INFO | underwater_sensor_ga.pso | PSO iter 635/1250 | best_global_cost=4.893835 | iter_best=5.736696
2026-02-23 22:25:41 | INFO | underwater_sensor_ga.pso | PSO iter 636/1250 | best_global_cost=4.893835 | iter_best=5.867489
2026-02-23 22:25:43 | INFO | underwater_sensor_ga.pso | PSO iter 637/1250 | best_global_cost=4.893835 | iter_best=5.697318
2026-02-23 22:25:44 | INFO | underwater_sensor_ga.pso | PSO iter 638/1250 | best_global_cost=4.893835 | iter_best=5.599701
2026-02-23 22:25:46 | INFO | underwater_sensor_ga.pso | PSO iter 639/1250 | best_global_cost=4.893835 | iter_best=5.441044
2026-02-23 22:25:47 | INFO | underwater_sensor_ga.pso | PSO iter 640/1250 | best_global_cost=4.893835 | iter_best=5.502247
2026-02-23 22:25:49 | INFO | underwater_sensor_ga.pso | PSO iter 641/1250 | best_global_cost=4.893835 | iter_best=5.655120
2026-02-23 22:25:50 | INFO | underwater_sensor_ga.pso | PSO iter 642/1250 | best_global_cost=4.893835 | iter_best=5.250347
2026-02-23 22:25:51 | INFO | underwater_sensor_ga.pso | PSO iter 643/1250 | best_global_cost=4.893835 | iter_best=5.528572
2026-02-23 22:25:53 | INFO | underwater_sensor_ga.pso | PSO iter 644/1250 | best_global_cost=4.893835 | iter_best=5.519824
2026-02-23 22:25:54 | INFO | underwater_sensor_ga.pso | PSO iter 645/1250 | best_global_cost=4.893835 | iter_best=5.125918
2026-02-23 22:25:56 | INFO | underwater_sensor_ga.pso | PSO iter 646/1250 | best_global_cost=4.893835 | iter_best=5.872650
2026-02-23 22:25:57 | INFO | underwater_sensor_ga.pso | PSO iter 647/1250 | best_global_cost=4.893835 | iter_best=5.427255
2026-02-23 22:25:58 | INFO | underwater_sensor_ga.pso | PSO iter 648/1250 | best_global_cost=4.789606 | iter_best=4.789606
2026-02-23 22:26:00 | INFO | underwater_sensor_ga.pso | PSO iter 649/1250 | best_global_cost=4.789606 | iter_best=5.693100
2026-02-23 22:26:01 | INFO | underwater_sensor_ga.pso | PSO iter 650/1250 | best_global_cost=4.789606 | iter_best=5.764362
2026-02-23 22:26:03 | INFO | underwater_sensor_ga.pso | PSO iter 651/1250 | best_global_cost=4.789606 | iter_best=5.719693
2026-02-23 22:26:04 | INFO | underwater_sensor_ga.pso | PSO iter 652/1250 | best_global_cost=4.789606 | iter_best=5.851637
2026-02-23 22:26:05 | INFO | underwater_sensor_ga.pso | PSO iter 653/1250 | best_global_cost=4.789606 | iter_best=5.475082
2026-02-23 22:26:07 | INFO | underwater_sensor_ga.pso | PSO iter 654/1250 | best_global_cost=4.789606 | iter_best=5.917672
2026-02-23 22:26:08 | INFO | underwater_sensor_ga.pso | PSO iter 655/1250 | best_global_cost=4.789606 | iter_best=5.478815
2026-02-23 22:26:10 | INFO | underwater_sensor_ga.pso | PSO iter 656/1250 | best_global_cost=4.789606 | iter_best=5.719463
2026-02-23 22:26:11 | INFO | underwater_sensor_ga.pso | PSO iter 657/1250 | best_global_cost=4.789606 | iter_best=5.592086
2026-02-23 22:26:12 | INFO | underwater_sensor_ga.pso | PSO iter 658/1250 | best_global_cost=4.789606 | iter_best=6.066627
2026-02-23 22:26:14 | INFO | underwater_sensor_ga.pso | PSO iter 659/1250 | best_global_cost=4.789606 | iter_best=5.439813
2026-02-23 22:26:15 | INFO | underwater_sensor_ga.pso | PSO iter 660/1250 | best_global_cost=4.789606 | iter_best=5.366623
2026-02-23 22:26:17 | INFO | underwater_sensor_ga.pso | PSO iter 661/1250 | best_global_cost=4.789606 | iter_best=5.767054
2026-02-23 22:26:18 | INFO | underwater_sensor_ga.pso | PSO iter 662/1250 | best_global_cost=4.789606 | iter_best=5.075663
2026-02-23 22:26:20 | INFO | underwater_sensor_ga.pso | PSO iter 663/1250 | best_global_cost=4.789606 | iter_best=5.690601
2026-02-23 22:26:21 | INFO | underwater_sensor_ga.pso | PSO iter 664/1250 | best_global_cost=4.789606 | iter_best=5.320590
2026-02-23 22:26:22 | INFO | underwater_sensor_ga.pso | PSO iter 665/1250 | best_global_cost=4.789606 | iter_best=5.712007
2026-02-23 22:26:24 | INFO | underwater_sensor_ga.pso | PSO iter 666/1250 | best_global_cost=4.789606 | iter_best=5.611739
2026-02-23 22:26:25 | INFO | underwater_sensor_ga.pso | PSO iter 667/1250 | best_global_cost=4.789606 | iter_best=5.402479
2026-02-23 22:26:27 | INFO | underwater_sensor_ga.pso | PSO iter 668/1250 | best_global_cost=4.789606 | iter_best=5.498496
2026-02-23 22:26:28 | INFO | underwater_sensor_ga.pso | PSO iter 669/1250 | best_global_cost=4.789606 | iter_best=5.824501
2026-02-23 22:26:29 | INFO | underwater_sensor_ga.pso | PSO iter 670/1250 | best_global_cost=4.789606 | iter_best=5.593720
2026-02-23 22:26:31 | INFO | underwater_sensor_ga.pso | PSO iter 671/1250 | best_global_cost=4.789606 | iter_best=5.664493
2026-02-23 22:26:32 | INFO | underwater_sensor_ga.pso | PSO iter 672/1250 | best_global_cost=4.789606 | iter_best=5.922800
2026-02-23 22:26:34 | INFO | underwater_sensor_ga.pso | PSO iter 673/1250 | best_global_cost=4.789606 | iter_best=5.591725
2026-02-23 22:26:35 | INFO | underwater_sensor_ga.pso | PSO iter 674/1250 | best_global_cost=4.789606 | iter_best=5.568297
2026-02-23 22:26:37 | INFO | underwater_sensor_ga.pso | PSO iter 675/1250 | best_global_cost=4.789606 | iter_best=5.376111
2026-02-23 22:26:38 | INFO | underwater_sensor_ga.pso | PSO iter 676/1250 | best_global_cost=4.789606 | iter_best=5.713124
2026-02-23 22:26:39 | INFO | underwater_sensor_ga.pso | PSO iter 677/1250 | best_global_cost=4.789606 | iter_best=5.428374
2026-02-23 22:26:41 | INFO | underwater_sensor_ga.pso | PSO iter 678/1250 | best_global_cost=4.789606 | iter_best=5.605778
2026-02-23 22:26:42 | INFO | underwater_sensor_ga.pso | PSO iter 679/1250 | best_global_cost=4.789606 | iter_best=5.535340
2026-02-23 22:26:44 | INFO | underwater_sensor_ga.pso | PSO iter 680/1250 | best_global_cost=4.789606 | iter_best=5.707816
2026-02-23 22:26:45 | INFO | underwater_sensor_ga.pso | PSO iter 681/1250 | best_global_cost=4.789606 | iter_best=5.649772
2026-02-23 22:26:47 | INFO | underwater_sensor_ga.pso | PSO iter 682/1250 | best_global_cost=4.789606 | iter_best=5.669121
2026-02-23 22:26:48 | INFO | underwater_sensor_ga.pso | PSO iter 683/1250 | best_global_cost=4.789606 | iter_best=5.539987
2026-02-23 22:26:50 | INFO | underwater_sensor_ga.pso | PSO iter 684/1250 | best_global_cost=4.789606 | iter_best=5.911133
2026-02-23 22:26:52 | INFO | underwater_sensor_ga.pso | PSO iter 685/1250 | best_global_cost=4.789606 | iter_best=5.685581
2026-02-23 22:26:54 | INFO | underwater_sensor_ga.pso | PSO iter 686/1250 | best_global_cost=4.789606 | iter_best=5.814566
2026-02-23 22:26:55 | INFO | underwater_sensor_ga.pso | PSO iter 687/1250 | best_global_cost=4.789606 | iter_best=5.975810
2026-02-23 22:26:57 | INFO | underwater_sensor_ga.pso | PSO iter 688/1250 | best_global_cost=4.789606 | iter_best=5.678148
2026-02-23 22:26:58 | INFO | underwater_sensor_ga.pso | PSO iter 689/1250 | best_global_cost=4.789606 | iter_best=5.537554
2026-02-23 22:27:00 | INFO | underwater_sensor_ga.pso | PSO iter 690/1250 | best_global_cost=4.789606 | iter_best=5.543203
2026-02-23 22:27:01 | INFO | underwater_sensor_ga.pso | PSO iter 691/1250 | best_global_cost=4.789606 | iter_best=5.267532
2026-02-23 22:27:03 | INFO | underwater_sensor_ga.pso | PSO iter 692/1250 | best_global_cost=4.789606 | iter_best=5.467977
2026-02-23 22:27:04 | INFO | underwater_sensor_ga.pso | PSO iter 693/1250 | best_global_cost=4.789606 | iter_best=5.784703
2026-02-23 22:27:06 | INFO | underwater_sensor_ga.pso | PSO iter 694/1250 | best_global_cost=4.789606 | iter_best=5.798647
2026-02-23 22:27:08 | INFO | underwater_sensor_ga.pso | PSO iter 695/1250 | best_global_cost=4.789606 | iter_best=5.437538
2026-02-23 22:27:09 | INFO | underwater_sensor_ga.pso | PSO iter 696/1250 | best_global_cost=4.789606 | iter_best=5.759836
2026-02-23 22:27:11 | INFO | underwater_sensor_ga.pso | PSO iter 697/1250 | best_global_cost=4.789606 | iter_best=5.755914
2026-02-23 22:27:12 | INFO | underwater_sensor_ga.pso | PSO iter 698/1250 | best_global_cost=4.789606 | iter_best=5.899299
2026-02-23 22:27:14 | INFO | underwater_sensor_ga.pso | PSO iter 699/1250 | best_global_cost=4.789606 | iter_best=5.792570
2026-02-23 22:27:15 | INFO | underwater_sensor_ga.pso | PSO iter 700/1250 | best_global_cost=4.789606 | iter_best=5.750836
2026-02-23 22:27:17 | INFO | underwater_sensor_ga.pso | PSO iter 701/1250 | best_global_cost=4.789606 | iter_best=5.629506
2026-02-23 22:27:18 | INFO | underwater_sensor_ga.pso | PSO iter 702/1250 | best_global_cost=4.789606 | iter_best=5.703939
2026-02-23 22:27:20 | INFO | underwater_sensor_ga.pso | PSO iter 703/1250 | best_global_cost=4.789606 | iter_best=5.720837
2026-02-23 22:27:21 | INFO | underwater_sensor_ga.pso | PSO iter 704/1250 | best_global_cost=4.789606 | iter_best=5.738508
2026-02-23 22:27:23 | INFO | underwater_sensor_ga.pso | PSO iter 705/1250 | best_global_cost=4.789606 | iter_best=5.731516
2026-02-23 22:27:24 | INFO | underwater_sensor_ga.pso | PSO iter 706/1250 | best_global_cost=4.789606 | iter_best=5.942153
2026-02-23 22:27:26 | INFO | underwater_sensor_ga.pso | PSO iter 707/1250 | best_global_cost=4.789606 | iter_best=5.931541
2026-02-23 22:27:27 | INFO | underwater_sensor_ga.pso | PSO iter 708/1250 | best_global_cost=4.789606 | iter_best=5.729648
2026-02-23 22:27:29 | INFO | underwater_sensor_ga.pso | PSO iter 709/1250 | best_global_cost=4.789606 | iter_best=5.798950
2026-02-23 22:27:30 | INFO | underwater_sensor_ga.pso | PSO iter 710/1250 | best_global_cost=4.789606 | iter_best=5.666400
2026-02-23 22:27:32 | INFO | underwater_sensor_ga.pso | PSO iter 711/1250 | best_global_cost=4.789606 | iter_best=5.433716
2026-02-23 22:27:33 | INFO | underwater_sensor_ga.pso | PSO iter 712/1250 | best_global_cost=4.789606 | iter_best=5.752024
2026-02-23 22:27:35 | INFO | underwater_sensor_ga.pso | PSO iter 713/1250 | best_global_cost=4.789606 | iter_best=5.440128
2026-02-23 22:27:36 | INFO | underwater_sensor_ga.pso | PSO iter 714/1250 | best_global_cost=4.789606 | iter_best=5.468003
2026-02-23 22:27:38 | INFO | underwater_sensor_ga.pso | PSO iter 715/1250 | best_global_cost=4.789606 | iter_best=5.783320
2026-02-23 22:27:39 | INFO | underwater_sensor_ga.pso | PSO iter 716/1250 | best_global_cost=4.789606 | iter_best=5.645344
2026-02-23 22:27:41 | INFO | underwater_sensor_ga.pso | PSO iter 717/1250 | best_global_cost=4.789606 | iter_best=5.675327
2026-02-23 22:27:42 | INFO | underwater_sensor_ga.pso | PSO iter 718/1250 | best_global_cost=4.789606 | iter_best=5.273800
2026-02-23 22:27:44 | INFO | underwater_sensor_ga.pso | PSO iter 719/1250 | best_global_cost=4.789606 | iter_best=5.778782
2026-02-23 22:27:45 | INFO | underwater_sensor_ga.pso | PSO iter 720/1250 | best_global_cost=4.789606 | iter_best=5.644549
2026-02-23 22:27:47 | INFO | underwater_sensor_ga.pso | PSO iter 721/1250 | best_global_cost=4.789606 | iter_best=5.280043
2026-02-23 22:27:48 | INFO | underwater_sensor_ga.pso | PSO iter 722/1250 | best_global_cost=4.789606 | iter_best=5.602817
2026-02-23 22:27:50 | INFO | underwater_sensor_ga.pso | PSO iter 723/1250 | best_global_cost=4.789606 | iter_best=5.643476
2026-02-23 22:27:51 | INFO | underwater_sensor_ga.pso | PSO iter 724/1250 | best_global_cost=4.789606 | iter_best=5.779351
2026-02-23 22:27:53 | INFO | underwater_sensor_ga.pso | PSO iter 725/1250 | best_global_cost=4.789606 | iter_best=5.289397
2026-02-23 22:27:54 | INFO | underwater_sensor_ga.pso | PSO iter 726/1250 | best_global_cost=4.789606 | iter_best=5.916145
2026-02-23 22:27:56 | INFO | underwater_sensor_ga.pso | PSO iter 727/1250 | best_global_cost=4.789606 | iter_best=5.673231
2026-02-23 22:27:57 | INFO | underwater_sensor_ga.pso | PSO iter 728/1250 | best_global_cost=4.789606 | iter_best=5.715386
2026-02-23 22:27:59 | INFO | underwater_sensor_ga.pso | PSO iter 729/1250 | best_global_cost=4.789606 | iter_best=5.673713
2026-02-23 22:28:01 | INFO | underwater_sensor_ga.pso | PSO iter 730/1250 | best_global_cost=4.789606 | iter_best=5.525625
2026-02-23 22:28:02 | INFO | underwater_sensor_ga.pso | PSO iter 731/1250 | best_global_cost=4.789606 | iter_best=5.727942
2026-02-23 22:28:04 | INFO | underwater_sensor_ga.pso | PSO iter 732/1250 | best_global_cost=4.789606 | iter_best=5.710070
2026-02-23 22:28:05 | INFO | underwater_sensor_ga.pso | PSO iter 733/1250 | best_global_cost=4.789606 | iter_best=5.449128
2026-02-23 22:28:07 | INFO | underwater_sensor_ga.pso | PSO iter 734/1250 | best_global_cost=4.789606 | iter_best=5.776373
2026-02-23 22:28:09 | INFO | underwater_sensor_ga.pso | PSO iter 735/1250 | best_global_cost=4.789606 | iter_best=5.720964
2026-02-23 22:28:10 | INFO | underwater_sensor_ga.pso | PSO iter 736/1250 | best_global_cost=4.789606 | iter_best=4.938543
2026-02-23 22:28:11 | INFO | underwater_sensor_ga.pso | PSO iter 737/1250 | best_global_cost=4.789606 | iter_best=5.573250
2026-02-23 22:28:13 | INFO | underwater_sensor_ga.pso | PSO iter 738/1250 | best_global_cost=4.789606 | iter_best=5.600521
2026-02-23 22:28:15 | INFO | underwater_sensor_ga.pso | PSO iter 739/1250 | best_global_cost=4.789606 | iter_best=5.550483
2026-02-23 22:28:16 | INFO | underwater_sensor_ga.pso | PSO iter 740/1250 | best_global_cost=4.789606 | iter_best=5.523743
2026-02-23 22:28:18 | INFO | underwater_sensor_ga.pso | PSO iter 741/1250 | best_global_cost=4.789606 | iter_best=5.408030
2026-02-23 22:28:20 | INFO | underwater_sensor_ga.pso | PSO iter 742/1250 | best_global_cost=4.789606 | iter_best=5.603756
2026-02-23 22:28:21 | INFO | underwater_sensor_ga.pso | PSO iter 743/1250 | best_global_cost=4.789606 | iter_best=5.717867
2026-02-23 22:28:23 | INFO | underwater_sensor_ga.pso | PSO iter 744/1250 | best_global_cost=4.789606 | iter_best=5.676782
2026-02-23 22:28:24 | INFO | underwater_sensor_ga.pso | PSO iter 745/1250 | best_global_cost=4.789606 | iter_best=5.783657
2026-02-23 22:28:26 | INFO | underwater_sensor_ga.pso | PSO iter 746/1250 | best_global_cost=4.789606 | iter_best=5.587598
2026-02-23 22:28:27 | INFO | underwater_sensor_ga.pso | PSO iter 747/1250 | best_global_cost=4.789606 | iter_best=5.973230
2026-02-23 22:28:29 | INFO | underwater_sensor_ga.pso | PSO iter 748/1250 | best_global_cost=4.789606 | iter_best=5.679419
2026-02-23 22:28:30 | INFO | underwater_sensor_ga.pso | PSO iter 749/1250 | best_global_cost=4.789606 | iter_best=5.803055
2026-02-23 22:28:32 | INFO | underwater_sensor_ga.pso | PSO iter 750/1250 | best_global_cost=4.789606 | iter_best=5.049208
2026-02-23 22:28:33 | INFO | underwater_sensor_ga.pso | PSO iter 751/1250 | best_global_cost=4.789606 | iter_best=5.335556
2026-02-23 22:28:35 | INFO | underwater_sensor_ga.pso | PSO iter 752/1250 | best_global_cost=4.789606 | iter_best=5.236262
2026-02-23 22:28:36 | INFO | underwater_sensor_ga.pso | PSO iter 753/1250 | best_global_cost=4.789606 | iter_best=5.546740
2026-02-23 22:28:38 | INFO | underwater_sensor_ga.pso | PSO iter 754/1250 | best_global_cost=4.789606 | iter_best=5.358439
2026-02-23 22:28:39 | INFO | underwater_sensor_ga.pso | PSO iter 755/1250 | best_global_cost=4.789606 | iter_best=5.598559
2026-02-23 22:28:41 | INFO | underwater_sensor_ga.pso | PSO iter 756/1250 | best_global_cost=4.789606 | iter_best=5.075313
2026-02-23 22:28:42 | INFO | underwater_sensor_ga.pso | PSO iter 757/1250 | best_global_cost=4.789606 | iter_best=5.733196
2026-02-23 22:28:44 | INFO | underwater_sensor_ga.pso | PSO iter 758/1250 | best_global_cost=4.789606 | iter_best=5.573805
2026-02-23 22:28:45 | INFO | underwater_sensor_ga.pso | PSO iter 759/1250 | best_global_cost=4.789606 | iter_best=5.456707
2026-02-23 22:28:47 | INFO | underwater_sensor_ga.pso | PSO iter 760/1250 | best_global_cost=4.789606 | iter_best=5.396983
2026-02-23 22:28:48 | INFO | underwater_sensor_ga.pso | PSO iter 761/1250 | best_global_cost=4.789606 | iter_best=5.800177
2026-02-23 22:28:50 | INFO | underwater_sensor_ga.pso | PSO iter 762/1250 | best_global_cost=4.789606 | iter_best=5.721713
2026-02-23 22:28:51 | INFO | underwater_sensor_ga.pso | PSO iter 763/1250 | best_global_cost=4.789606 | iter_best=5.786080
2026-02-23 22:28:52 | INFO | underwater_sensor_ga.pso | PSO iter 764/1250 | best_global_cost=4.789606 | iter_best=5.478426
2026-02-23 22:28:54 | INFO | underwater_sensor_ga.pso | PSO iter 765/1250 | best_global_cost=4.789606 | iter_best=5.331408
2026-02-23 22:28:55 | INFO | underwater_sensor_ga.pso | PSO iter 766/1250 | best_global_cost=4.789606 | iter_best=5.317648
2026-02-23 22:28:57 | INFO | underwater_sensor_ga.pso | PSO iter 767/1250 | best_global_cost=4.789606 | iter_best=5.835150
2026-02-23 22:28:58 | INFO | underwater_sensor_ga.pso | PSO iter 768/1250 | best_global_cost=4.789606 | iter_best=5.620216
2026-02-23 22:29:00 | INFO | underwater_sensor_ga.pso | PSO iter 769/1250 | best_global_cost=4.789606 | iter_best=5.451405
2026-02-23 22:29:01 | INFO | underwater_sensor_ga.pso | PSO iter 770/1250 | best_global_cost=4.789606 | iter_best=5.775319
2026-02-23 22:29:03 | INFO | underwater_sensor_ga.pso | PSO iter 771/1250 | best_global_cost=4.789606 | iter_best=5.481939
2026-02-23 22:29:04 | INFO | underwater_sensor_ga.pso | PSO iter 772/1250 | best_global_cost=4.789606 | iter_best=5.654697
2026-02-23 22:29:06 | INFO | underwater_sensor_ga.pso | PSO iter 773/1250 | best_global_cost=4.789606 | iter_best=5.708960
2026-02-23 22:29:07 | INFO | underwater_sensor_ga.pso | PSO iter 774/1250 | best_global_cost=4.789606 | iter_best=5.660502
2026-02-23 22:29:09 | INFO | underwater_sensor_ga.pso | PSO iter 775/1250 | best_global_cost=4.789606 | iter_best=5.028628
2026-02-23 22:29:10 | INFO | underwater_sensor_ga.pso | PSO iter 776/1250 | best_global_cost=4.789606 | iter_best=5.322383
2026-02-23 22:29:12 | INFO | underwater_sensor_ga.pso | PSO iter 777/1250 | best_global_cost=4.789606 | iter_best=5.875072
2026-02-23 22:29:13 | INFO | underwater_sensor_ga.pso | PSO iter 778/1250 | best_global_cost=4.789606 | iter_best=5.498931
2026-02-23 22:29:15 | INFO | underwater_sensor_ga.pso | PSO iter 779/1250 | best_global_cost=4.789606 | iter_best=5.387381
2026-02-23 22:29:16 | INFO | underwater_sensor_ga.pso | PSO iter 780/1250 | best_global_cost=4.789606 | iter_best=5.774702
2026-02-23 22:29:18 | INFO | underwater_sensor_ga.pso | PSO iter 781/1250 | best_global_cost=4.789606 | iter_best=5.731219
2026-02-23 22:29:19 | INFO | underwater_sensor_ga.pso | PSO iter 782/1250 | best_global_cost=4.789606 | iter_best=5.814514
2026-02-23 22:29:20 | INFO | underwater_sensor_ga.pso | PSO iter 783/1250 | best_global_cost=4.789606 | iter_best=5.824251
2026-02-23 22:29:22 | INFO | underwater_sensor_ga.pso | PSO iter 784/1250 | best_global_cost=4.789606 | iter_best=5.556970
2026-02-23 22:29:23 | INFO | underwater_sensor_ga.pso | PSO iter 785/1250 | best_global_cost=4.789606 | iter_best=5.616946
2026-02-23 22:29:25 | INFO | underwater_sensor_ga.pso | PSO iter 786/1250 | best_global_cost=4.789606 | iter_best=5.928471
2026-02-23 22:29:26 | INFO | underwater_sensor_ga.pso | PSO iter 787/1250 | best_global_cost=4.789606 | iter_best=5.523021
2026-02-23 22:29:28 | INFO | underwater_sensor_ga.pso | PSO iter 788/1250 | best_global_cost=4.789606 | iter_best=5.648512
2026-02-23 22:29:29 | INFO | underwater_sensor_ga.pso | PSO iter 789/1250 | best_global_cost=4.789606 | iter_best=5.665278
2026-02-23 22:29:31 | INFO | underwater_sensor_ga.pso | PSO iter 790/1250 | best_global_cost=4.789606 | iter_best=5.343969
2026-02-23 22:29:32 | INFO | underwater_sensor_ga.pso | PSO iter 791/1250 | best_global_cost=4.789606 | iter_best=5.583732
2026-02-23 22:29:34 | INFO | underwater_sensor_ga.pso | PSO iter 792/1250 | best_global_cost=4.789606 | iter_best=5.607909
2026-02-23 22:29:35 | INFO | underwater_sensor_ga.pso | PSO iter 793/1250 | best_global_cost=4.789606 | iter_best=5.770104
2026-02-23 22:29:37 | INFO | underwater_sensor_ga.pso | PSO iter 794/1250 | best_global_cost=4.789606 | iter_best=5.665366
2026-02-23 22:29:38 | INFO | underwater_sensor_ga.pso | PSO iter 795/1250 | best_global_cost=4.789606 | iter_best=5.637435
2026-02-23 22:29:40 | INFO | underwater_sensor_ga.pso | PSO iter 796/1250 | best_global_cost=4.789606 | iter_best=6.043502
2026-02-23 22:29:41 | INFO | underwater_sensor_ga.pso | PSO iter 797/1250 | best_global_cost=4.789606 | iter_best=5.729908
2026-02-23 22:29:43 | INFO | underwater_sensor_ga.pso | PSO iter 798/1250 | best_global_cost=4.789606 | iter_best=5.927232
2026-02-23 22:29:44 | INFO | underwater_sensor_ga.pso | PSO iter 799/1250 | best_global_cost=4.789606 | iter_best=5.440004
2026-02-23 22:29:45 | INFO | underwater_sensor_ga.pso | PSO iter 800/1250 | best_global_cost=4.789606 | iter_best=5.446148
2026-02-23 22:29:47 | INFO | underwater_sensor_ga.pso | PSO iter 801/1250 | best_global_cost=4.789606 | iter_best=5.633651
2026-02-23 22:29:48 | INFO | underwater_sensor_ga.pso | PSO iter 802/1250 | best_global_cost=4.789606 | iter_best=5.437929
2026-02-23 22:29:50 | INFO | underwater_sensor_ga.pso | PSO iter 803/1250 | best_global_cost=4.789606 | iter_best=5.752158
2026-02-23 22:29:51 | INFO | underwater_sensor_ga.pso | PSO iter 804/1250 | best_global_cost=4.789606 | iter_best=4.924591
2026-02-23 22:29:53 | INFO | underwater_sensor_ga.pso | PSO iter 805/1250 | best_global_cost=4.789606 | iter_best=5.686428
2026-02-23 22:29:54 | INFO | underwater_sensor_ga.pso | PSO iter 806/1250 | best_global_cost=4.789606 | iter_best=5.542204
2026-02-23 22:29:55 | INFO | underwater_sensor_ga.pso | PSO iter 807/1250 | best_global_cost=4.789606 | iter_best=5.352912
2026-02-23 22:29:57 | INFO | underwater_sensor_ga.pso | PSO iter 808/1250 | best_global_cost=4.789606 | iter_best=5.234231
2026-02-23 22:29:58 | INFO | underwater_sensor_ga.pso | PSO iter 809/1250 | best_global_cost=4.789606 | iter_best=5.724088
2026-02-23 22:30:00 | INFO | underwater_sensor_ga.pso | PSO iter 810/1250 | best_global_cost=4.789606 | iter_best=5.613221
2026-02-23 22:30:02 | INFO | underwater_sensor_ga.pso | PSO iter 811/1250 | best_global_cost=4.789606 | iter_best=5.147675
2026-02-23 22:30:03 | INFO | underwater_sensor_ga.pso | PSO iter 812/1250 | best_global_cost=4.789606 | iter_best=5.811493
2026-02-23 22:30:05 | INFO | underwater_sensor_ga.pso | PSO iter 813/1250 | best_global_cost=4.789606 | iter_best=4.963499
2026-02-23 22:30:06 | INFO | underwater_sensor_ga.pso | PSO iter 814/1250 | best_global_cost=4.789606 | iter_best=5.767804
2026-02-23 22:30:08 | INFO | underwater_sensor_ga.pso | PSO iter 815/1250 | best_global_cost=4.789606 | iter_best=5.864011
2026-02-23 22:30:09 | INFO | underwater_sensor_ga.pso | PSO iter 816/1250 | best_global_cost=4.789606 | iter_best=5.703238
2026-02-23 22:30:10 | INFO | underwater_sensor_ga.pso | PSO iter 817/1250 | best_global_cost=4.789606 | iter_best=5.627746
2026-02-23 22:30:12 | INFO | underwater_sensor_ga.pso | PSO iter 818/1250 | best_global_cost=4.789606 | iter_best=5.634044
2026-02-23 22:30:13 | INFO | underwater_sensor_ga.pso | PSO iter 819/1250 | best_global_cost=4.789606 | iter_best=5.200833
2026-02-23 22:30:15 | INFO | underwater_sensor_ga.pso | PSO iter 820/1250 | best_global_cost=4.789606 | iter_best=5.267739
2026-02-23 22:30:16 | INFO | underwater_sensor_ga.pso | PSO iter 821/1250 | best_global_cost=4.789606 | iter_best=5.648842
2026-02-23 22:30:18 | INFO | underwater_sensor_ga.pso | PSO iter 822/1250 | best_global_cost=4.789606 | iter_best=5.497890
2026-02-23 22:30:19 | INFO | underwater_sensor_ga.pso | PSO iter 823/1250 | best_global_cost=4.789606 | iter_best=5.578176
2026-02-23 22:30:21 | INFO | underwater_sensor_ga.pso | PSO iter 824/1250 | best_global_cost=4.789606 | iter_best=5.527878
2026-02-23 22:30:22 | INFO | underwater_sensor_ga.pso | PSO iter 825/1250 | best_global_cost=4.789606 | iter_best=5.986073
2026-02-23 22:30:24 | INFO | underwater_sensor_ga.pso | PSO iter 826/1250 | best_global_cost=4.789606 | iter_best=5.784135
2026-02-23 22:30:25 | INFO | underwater_sensor_ga.pso | PSO iter 827/1250 | best_global_cost=4.789606 | iter_best=5.586099
2026-02-23 22:30:27 | INFO | underwater_sensor_ga.pso | PSO iter 828/1250 | best_global_cost=4.789606 | iter_best=5.767182
2026-02-23 22:30:28 | INFO | underwater_sensor_ga.pso | PSO iter 829/1250 | best_global_cost=4.789606 | iter_best=5.733476
2026-02-23 22:30:30 | INFO | underwater_sensor_ga.pso | PSO iter 830/1250 | best_global_cost=4.789606 | iter_best=5.394305
2026-02-23 22:30:31 | INFO | underwater_sensor_ga.pso | PSO iter 831/1250 | best_global_cost=4.789606 | iter_best=5.724446
2026-02-23 22:30:33 | INFO | underwater_sensor_ga.pso | PSO iter 832/1250 | best_global_cost=4.789606 | iter_best=5.474677
2026-02-23 22:30:34 | INFO | underwater_sensor_ga.pso | PSO iter 833/1250 | best_global_cost=4.789606 | iter_best=5.455013
2026-02-23 22:30:36 | INFO | underwater_sensor_ga.pso | PSO iter 834/1250 | best_global_cost=4.789606 | iter_best=5.499870
2026-02-23 22:30:37 | INFO | underwater_sensor_ga.pso | PSO iter 835/1250 | best_global_cost=4.789606 | iter_best=5.632286
2026-02-23 22:30:39 | INFO | underwater_sensor_ga.pso | PSO iter 836/1250 | best_global_cost=4.789606 | iter_best=5.442197
2026-02-23 22:30:40 | INFO | underwater_sensor_ga.pso | PSO iter 837/1250 | best_global_cost=4.789606 | iter_best=5.786558
2026-02-23 22:30:41 | INFO | underwater_sensor_ga.pso | PSO iter 838/1250 | best_global_cost=4.789606 | iter_best=5.823832
2026-02-23 22:30:43 | INFO | underwater_sensor_ga.pso | PSO iter 839/1250 | best_global_cost=4.789606 | iter_best=5.175578
2026-02-23 22:30:44 | INFO | underwater_sensor_ga.pso | PSO iter 840/1250 | best_global_cost=4.789606 | iter_best=5.800971
2026-02-23 22:30:46 | INFO | underwater_sensor_ga.pso | PSO iter 841/1250 | best_global_cost=4.789606 | iter_best=5.229731
2026-02-23 22:30:47 | INFO | underwater_sensor_ga.pso | PSO iter 842/1250 | best_global_cost=4.789606 | iter_best=5.699559
2026-02-23 22:30:49 | INFO | underwater_sensor_ga.pso | PSO iter 843/1250 | best_global_cost=4.789606 | iter_best=6.103158
2026-02-23 22:30:50 | INFO | underwater_sensor_ga.pso | PSO iter 844/1250 | best_global_cost=4.789606 | iter_best=5.648165
2026-02-23 22:30:52 | INFO | underwater_sensor_ga.pso | PSO iter 845/1250 | best_global_cost=4.789606 | iter_best=5.743624
2026-02-23 22:30:53 | INFO | underwater_sensor_ga.pso | PSO iter 846/1250 | best_global_cost=4.789606 | iter_best=5.893920
2026-02-23 22:30:54 | INFO | underwater_sensor_ga.pso | PSO iter 847/1250 | best_global_cost=4.789606 | iter_best=5.897383
2026-02-23 22:30:56 | INFO | underwater_sensor_ga.pso | PSO iter 848/1250 | best_global_cost=4.789606 | iter_best=5.429600
2026-02-23 22:30:57 | INFO | underwater_sensor_ga.pso | PSO iter 849/1250 | best_global_cost=4.789606 | iter_best=5.953273
2026-02-23 22:30:59 | INFO | underwater_sensor_ga.pso | PSO iter 850/1250 | best_global_cost=4.789606 | iter_best=5.441075
2026-02-23 22:31:00 | INFO | underwater_sensor_ga.pso | PSO iter 851/1250 | best_global_cost=4.789606 | iter_best=5.529462
2026-02-23 22:31:02 | INFO | underwater_sensor_ga.pso | PSO iter 852/1250 | best_global_cost=4.789606 | iter_best=5.501909
2026-02-23 22:31:03 | INFO | underwater_sensor_ga.pso | PSO iter 853/1250 | best_global_cost=4.789606 | iter_best=5.508085
2026-02-23 22:31:05 | INFO | underwater_sensor_ga.pso | PSO iter 854/1250 | best_global_cost=4.789606 | iter_best=5.366189
2026-02-23 22:31:06 | INFO | underwater_sensor_ga.pso | PSO iter 855/1250 | best_global_cost=4.789606 | iter_best=5.867602
2026-02-23 22:31:08 | INFO | underwater_sensor_ga.pso | PSO iter 856/1250 | best_global_cost=4.789606 | iter_best=5.616323
2026-02-23 22:31:09 | INFO | underwater_sensor_ga.pso | PSO iter 857/1250 | best_global_cost=4.789606 | iter_best=5.685560
2026-02-23 22:31:11 | INFO | underwater_sensor_ga.pso | PSO iter 858/1250 | best_global_cost=4.789606 | iter_best=5.084924
2026-02-23 22:31:12 | INFO | underwater_sensor_ga.pso | PSO iter 859/1250 | best_global_cost=4.789606 | iter_best=4.863795
2026-02-23 22:31:14 | INFO | underwater_sensor_ga.pso | PSO iter 860/1250 | best_global_cost=4.789606 | iter_best=5.627928
2026-02-23 22:31:15 | INFO | underwater_sensor_ga.pso | PSO iter 861/1250 | best_global_cost=4.789606 | iter_best=5.334376
2026-02-23 22:31:16 | INFO | underwater_sensor_ga.pso | PSO iter 862/1250 | best_global_cost=4.789606 | iter_best=5.573708
2026-02-23 22:31:18 | INFO | underwater_sensor_ga.pso | PSO iter 863/1250 | best_global_cost=4.789606 | iter_best=5.783085
2026-02-23 22:31:19 | INFO | underwater_sensor_ga.pso | PSO iter 864/1250 | best_global_cost=4.789606 | iter_best=5.816915
2026-02-23 22:31:21 | INFO | underwater_sensor_ga.pso | PSO iter 865/1250 | best_global_cost=4.789606 | iter_best=5.440481
2026-02-23 22:31:22 | INFO | underwater_sensor_ga.pso | PSO iter 866/1250 | best_global_cost=4.789606 | iter_best=5.830145
2026-02-23 22:31:23 | INFO | underwater_sensor_ga.pso | PSO iter 867/1250 | best_global_cost=4.789606 | iter_best=6.016634
2026-02-23 22:31:25 | INFO | underwater_sensor_ga.pso | PSO iter 868/1250 | best_global_cost=4.789606 | iter_best=5.408123
2026-02-23 22:31:26 | INFO | underwater_sensor_ga.pso | PSO iter 869/1250 | best_global_cost=4.789606 | iter_best=5.010529
2026-02-23 22:31:28 | INFO | underwater_sensor_ga.pso | PSO iter 870/1250 | best_global_cost=4.789606 | iter_best=5.795994
2026-02-23 22:31:29 | INFO | underwater_sensor_ga.pso | PSO iter 871/1250 | best_global_cost=4.789606 | iter_best=5.303574
2026-02-23 22:31:31 | INFO | underwater_sensor_ga.pso | PSO iter 872/1250 | best_global_cost=4.789606 | iter_best=5.144676
2026-02-23 22:31:32 | INFO | underwater_sensor_ga.pso | PSO iter 873/1250 | best_global_cost=4.789606 | iter_best=5.457952
2026-02-23 22:31:34 | INFO | underwater_sensor_ga.pso | PSO iter 874/1250 | best_global_cost=4.789606 | iter_best=5.406443
2026-02-23 22:31:35 | INFO | underwater_sensor_ga.pso | PSO iter 875/1250 | best_global_cost=4.789606 | iter_best=5.233117
2026-02-23 22:31:36 | INFO | underwater_sensor_ga.pso | PSO iter 876/1250 | best_global_cost=4.789606 | iter_best=5.656862
2026-02-23 22:31:38 | INFO | underwater_sensor_ga.pso | PSO iter 877/1250 | best_global_cost=4.789606 | iter_best=5.392519
2026-02-23 22:31:39 | INFO | underwater_sensor_ga.pso | PSO iter 878/1250 | best_global_cost=4.789606 | iter_best=5.667611
2026-02-23 22:31:41 | INFO | underwater_sensor_ga.pso | PSO iter 879/1250 | best_global_cost=4.789606 | iter_best=5.450201
2026-02-23 22:31:42 | INFO | underwater_sensor_ga.pso | PSO iter 880/1250 | best_global_cost=4.789606 | iter_best=5.661916
2026-02-23 22:31:44 | INFO | underwater_sensor_ga.pso | PSO iter 881/1250 | best_global_cost=4.789606 | iter_best=5.831194
2026-02-23 22:31:45 | INFO | underwater_sensor_ga.pso | PSO iter 882/1250 | best_global_cost=4.789606 | iter_best=5.249185
2026-02-23 22:31:46 | INFO | underwater_sensor_ga.pso | PSO iter 883/1250 | best_global_cost=4.789606 | iter_best=5.309021
2026-02-23 22:31:48 | INFO | underwater_sensor_ga.pso | PSO iter 884/1250 | best_global_cost=4.789606 | iter_best=5.777602
2026-02-23 22:31:49 | INFO | underwater_sensor_ga.pso | PSO iter 885/1250 | best_global_cost=4.789606 | iter_best=5.582816
2026-02-23 22:31:51 | INFO | underwater_sensor_ga.pso | PSO iter 886/1250 | best_global_cost=4.789606 | iter_best=5.315519
2026-02-23 22:31:52 | INFO | underwater_sensor_ga.pso | PSO iter 887/1250 | best_global_cost=4.789606 | iter_best=5.259897
2026-02-23 22:31:53 | INFO | underwater_sensor_ga.pso | PSO iter 888/1250 | best_global_cost=4.789606 | iter_best=5.394254
2026-02-23 22:31:55 | INFO | underwater_sensor_ga.pso | PSO iter 889/1250 | best_global_cost=4.789606 | iter_best=5.430387
2026-02-23 22:31:56 | INFO | underwater_sensor_ga.pso | PSO iter 890/1250 | best_global_cost=4.789606 | iter_best=5.278115
2026-02-23 22:31:58 | INFO | underwater_sensor_ga.pso | PSO iter 891/1250 | best_global_cost=4.789606 | iter_best=5.677870
2026-02-23 22:31:59 | INFO | underwater_sensor_ga.pso | PSO iter 892/1250 | best_global_cost=4.789606 | iter_best=5.732941
2026-02-23 22:32:01 | INFO | underwater_sensor_ga.pso | PSO iter 893/1250 | best_global_cost=4.789606 | iter_best=5.836381
2026-02-23 22:32:02 | INFO | underwater_sensor_ga.pso | PSO iter 894/1250 | best_global_cost=4.789606 | iter_best=5.222155
2026-02-23 22:32:04 | INFO | underwater_sensor_ga.pso | PSO iter 895/1250 | best_global_cost=4.789606 | iter_best=5.775872
2026-02-23 22:32:05 | INFO | underwater_sensor_ga.pso | PSO iter 896/1250 | best_global_cost=4.789606 | iter_best=5.212039
2026-02-23 22:32:07 | INFO | underwater_sensor_ga.pso | PSO iter 897/1250 | best_global_cost=4.789606 | iter_best=5.759428
2026-02-23 22:32:08 | INFO | underwater_sensor_ga.pso | PSO iter 898/1250 | best_global_cost=4.789606 | iter_best=5.459361
2026-02-23 22:32:10 | INFO | underwater_sensor_ga.pso | PSO iter 899/1250 | best_global_cost=4.789606 | iter_best=5.359322
2026-02-23 22:32:11 | INFO | underwater_sensor_ga.pso | PSO iter 900/1250 | best_global_cost=4.789606 | iter_best=5.662334
2026-02-23 22:32:13 | INFO | underwater_sensor_ga.pso | PSO iter 901/1250 | best_global_cost=4.789606 | iter_best=5.603092
2026-02-23 22:32:14 | INFO | underwater_sensor_ga.pso | PSO iter 902/1250 | best_global_cost=4.789606 | iter_best=5.529176
2026-02-23 22:32:16 | INFO | underwater_sensor_ga.pso | PSO iter 903/1250 | best_global_cost=4.789606 | iter_best=5.910051
2026-02-23 22:32:17 | INFO | underwater_sensor_ga.pso | PSO iter 904/1250 | best_global_cost=4.789606 | iter_best=5.382264
2026-02-23 22:32:18 | INFO | underwater_sensor_ga.pso | PSO iter 905/1250 | best_global_cost=4.789606 | iter_best=5.915781
2026-02-23 22:32:20 | INFO | underwater_sensor_ga.pso | PSO iter 906/1250 | best_global_cost=4.789606 | iter_best=5.675518
2026-02-23 22:32:21 | INFO | underwater_sensor_ga.pso | PSO iter 907/1250 | best_global_cost=4.789606 | iter_best=5.005255
2026-02-23 22:32:23 | INFO | underwater_sensor_ga.pso | PSO iter 908/1250 | best_global_cost=4.789606 | iter_best=5.331059
2026-02-23 22:32:24 | INFO | underwater_sensor_ga.pso | PSO iter 909/1250 | best_global_cost=4.789606 | iter_best=5.309963
2026-02-23 22:32:26 | INFO | underwater_sensor_ga.pso | PSO iter 910/1250 | best_global_cost=4.789606 | iter_best=5.456702
2026-02-23 22:32:27 | INFO | underwater_sensor_ga.pso | PSO iter 911/1250 | best_global_cost=4.789606 | iter_best=5.595538
2026-02-23 22:32:29 | INFO | underwater_sensor_ga.pso | PSO iter 912/1250 | best_global_cost=4.789606 | iter_best=5.610545
2026-02-23 22:32:30 | INFO | underwater_sensor_ga.pso | PSO iter 913/1250 | best_global_cost=4.789606 | iter_best=5.913203
2026-02-23 22:32:32 | INFO | underwater_sensor_ga.pso | PSO iter 914/1250 | best_global_cost=4.789606 | iter_best=5.534272
2026-02-23 22:32:33 | INFO | underwater_sensor_ga.pso | PSO iter 915/1250 | best_global_cost=4.789606 | iter_best=5.558212
2026-02-23 22:32:35 | INFO | underwater_sensor_ga.pso | PSO iter 916/1250 | best_global_cost=4.789606 | iter_best=5.602769
2026-02-23 22:32:36 | INFO | underwater_sensor_ga.pso | PSO iter 917/1250 | best_global_cost=4.789606 | iter_best=5.493642
2026-02-23 22:32:38 | INFO | underwater_sensor_ga.pso | PSO iter 918/1250 | best_global_cost=4.789606 | iter_best=5.860807
2026-02-23 22:32:39 | INFO | underwater_sensor_ga.pso | PSO iter 919/1250 | best_global_cost=4.789606 | iter_best=5.499613
2026-02-23 22:32:41 | INFO | underwater_sensor_ga.pso | PSO iter 920/1250 | best_global_cost=4.789606 | iter_best=5.370880
2026-02-23 22:32:42 | INFO | underwater_sensor_ga.pso | PSO iter 921/1250 | best_global_cost=4.789606 | iter_best=5.792681
2026-02-23 22:32:43 | INFO | underwater_sensor_ga.pso | PSO iter 922/1250 | best_global_cost=4.789606 | iter_best=5.851109
2026-02-23 22:32:45 | INFO | underwater_sensor_ga.pso | PSO iter 923/1250 | best_global_cost=4.789606 | iter_best=5.444556
2026-02-23 22:32:46 | INFO | underwater_sensor_ga.pso | PSO iter 924/1250 | best_global_cost=4.789606 | iter_best=5.717003
2026-02-23 22:32:48 | INFO | underwater_sensor_ga.pso | PSO iter 925/1250 | best_global_cost=4.789606 | iter_best=5.405872
2026-02-23 22:32:49 | INFO | underwater_sensor_ga.pso | PSO iter 926/1250 | best_global_cost=4.789606 | iter_best=5.222914
2026-02-23 22:32:51 | INFO | underwater_sensor_ga.pso | PSO iter 927/1250 | best_global_cost=4.789606 | iter_best=5.859248
2026-02-23 22:32:52 | INFO | underwater_sensor_ga.pso | PSO iter 928/1250 | best_global_cost=4.789606 | iter_best=5.500438
2026-02-23 22:32:53 | INFO | underwater_sensor_ga.pso | PSO iter 929/1250 | best_global_cost=4.789606 | iter_best=5.575335
2026-02-23 22:32:55 | INFO | underwater_sensor_ga.pso | PSO iter 930/1250 | best_global_cost=4.789606 | iter_best=5.718572
2026-02-23 22:32:56 | INFO | underwater_sensor_ga.pso | PSO iter 931/1250 | best_global_cost=4.789606 | iter_best=5.700271
2026-02-23 22:32:58 | INFO | underwater_sensor_ga.pso | PSO iter 932/1250 | best_global_cost=4.789606 | iter_best=5.730793
2026-02-23 22:32:59 | INFO | underwater_sensor_ga.pso | PSO iter 933/1250 | best_global_cost=4.789606 | iter_best=5.976860
2026-02-23 22:33:01 | INFO | underwater_sensor_ga.pso | PSO iter 934/1250 | best_global_cost=4.789606 | iter_best=5.595725
2026-02-23 22:33:02 | INFO | underwater_sensor_ga.pso | PSO iter 935/1250 | best_global_cost=4.789606 | iter_best=5.613347
2026-02-23 22:33:04 | INFO | underwater_sensor_ga.pso | PSO iter 936/1250 | best_global_cost=4.789606 | iter_best=5.498316
2026-02-23 22:33:05 | INFO | underwater_sensor_ga.pso | PSO iter 937/1250 | best_global_cost=4.789606 | iter_best=5.640228
2026-02-23 22:33:07 | INFO | underwater_sensor_ga.pso | PSO iter 938/1250 | best_global_cost=4.789606 | iter_best=5.613473
2026-02-23 22:33:08 | INFO | underwater_sensor_ga.pso | PSO iter 939/1250 | best_global_cost=4.789606 | iter_best=5.906009
2026-02-23 22:33:10 | INFO | underwater_sensor_ga.pso | PSO iter 940/1250 | best_global_cost=4.789606 | iter_best=5.819511
2026-02-23 22:33:11 | INFO | underwater_sensor_ga.pso | PSO iter 941/1250 | best_global_cost=4.789606 | iter_best=5.572110
2026-02-23 22:33:13 | INFO | underwater_sensor_ga.pso | PSO iter 942/1250 | best_global_cost=4.789606 | iter_best=5.755051
2026-02-23 22:33:14 | INFO | underwater_sensor_ga.pso | PSO iter 943/1250 | best_global_cost=4.789606 | iter_best=5.355547
2026-02-23 22:33:15 | INFO | underwater_sensor_ga.pso | PSO iter 944/1250 | best_global_cost=4.789606 | iter_best=5.458531
2026-02-23 22:33:17 | INFO | underwater_sensor_ga.pso | PSO iter 945/1250 | best_global_cost=4.789606 | iter_best=5.414294
2026-02-23 22:33:18 | INFO | underwater_sensor_ga.pso | PSO iter 946/1250 | best_global_cost=4.789606 | iter_best=5.482527
2026-02-23 22:33:20 | INFO | underwater_sensor_ga.pso | PSO iter 947/1250 | best_global_cost=4.789606 | iter_best=5.643770
2026-02-23 22:33:21 | INFO | underwater_sensor_ga.pso | PSO iter 948/1250 | best_global_cost=4.789606 | iter_best=5.944037
2026-02-23 22:33:23 | INFO | underwater_sensor_ga.pso | PSO iter 949/1250 | best_global_cost=4.789606 | iter_best=5.704200
2026-02-23 22:33:24 | INFO | underwater_sensor_ga.pso | PSO iter 950/1250 | best_global_cost=4.789606 | iter_best=5.447183
2026-02-23 22:33:26 | INFO | underwater_sensor_ga.pso | PSO iter 951/1250 | best_global_cost=4.789606 | iter_best=5.729856
2026-02-23 22:33:27 | INFO | underwater_sensor_ga.pso | PSO iter 952/1250 | best_global_cost=4.789606 | iter_best=5.498235
2026-02-23 22:33:29 | INFO | underwater_sensor_ga.pso | PSO iter 953/1250 | best_global_cost=4.789606 | iter_best=5.597803
2026-02-23 22:33:30 | INFO | underwater_sensor_ga.pso | PSO iter 954/1250 | best_global_cost=4.789606 | iter_best=5.726686
2026-02-23 22:33:31 | INFO | underwater_sensor_ga.pso | PSO iter 955/1250 | best_global_cost=4.789606 | iter_best=5.561255
2026-02-23 22:33:33 | INFO | underwater_sensor_ga.pso | PSO iter 956/1250 | best_global_cost=4.789606 | iter_best=5.740672
2026-02-23 22:33:34 | INFO | underwater_sensor_ga.pso | PSO iter 957/1250 | best_global_cost=4.789606 | iter_best=5.568325
2026-02-23 22:33:36 | INFO | underwater_sensor_ga.pso | PSO iter 958/1250 | best_global_cost=4.789606 | iter_best=5.597561
2026-02-23 22:33:37 | INFO | underwater_sensor_ga.pso | PSO iter 959/1250 | best_global_cost=4.789606 | iter_best=5.828868
2026-02-23 22:33:39 | INFO | underwater_sensor_ga.pso | PSO iter 960/1250 | best_global_cost=4.789606 | iter_best=5.788107
2026-02-23 22:33:40 | INFO | underwater_sensor_ga.pso | PSO iter 961/1250 | best_global_cost=4.789606 | iter_best=5.689286
2026-02-23 22:33:42 | INFO | underwater_sensor_ga.pso | PSO iter 962/1250 | best_global_cost=4.789606 | iter_best=5.775613
2026-02-23 22:33:43 | INFO | underwater_sensor_ga.pso | PSO iter 963/1250 | best_global_cost=4.789606 | iter_best=5.727258
2026-02-23 22:33:45 | INFO | underwater_sensor_ga.pso | PSO iter 964/1250 | best_global_cost=4.789606 | iter_best=5.846988
2026-02-23 22:33:46 | INFO | underwater_sensor_ga.pso | PSO iter 965/1250 | best_global_cost=4.789606 | iter_best=5.589918
2026-02-23 22:33:48 | INFO | underwater_sensor_ga.pso | PSO iter 966/1250 | best_global_cost=4.789606 | iter_best=5.702910
2026-02-23 22:33:49 | INFO | underwater_sensor_ga.pso | PSO iter 967/1250 | best_global_cost=4.789606 | iter_best=5.361835
2026-02-23 22:33:50 | INFO | underwater_sensor_ga.pso | PSO iter 968/1250 | best_global_cost=4.789606 | iter_best=5.264827
2026-02-23 22:33:52 | INFO | underwater_sensor_ga.pso | PSO iter 969/1250 | best_global_cost=4.789606 | iter_best=5.598134
2026-02-23 22:33:53 | INFO | underwater_sensor_ga.pso | PSO iter 970/1250 | best_global_cost=4.789606 | iter_best=5.525950
2026-02-23 22:33:55 | INFO | underwater_sensor_ga.pso | PSO iter 971/1250 | best_global_cost=4.789606 | iter_best=5.756178
2026-02-23 22:33:56 | INFO | underwater_sensor_ga.pso | PSO iter 972/1250 | best_global_cost=4.789606 | iter_best=5.554566
2026-02-23 22:33:58 | INFO | underwater_sensor_ga.pso | PSO iter 973/1250 | best_global_cost=4.789606 | iter_best=5.496593
2026-02-23 22:33:59 | INFO | underwater_sensor_ga.pso | PSO iter 974/1250 | best_global_cost=4.789606 | iter_best=5.781817
2026-02-23 22:34:01 | INFO | underwater_sensor_ga.pso | PSO iter 975/1250 | best_global_cost=4.789606 | iter_best=5.582392
2026-02-23 22:34:02 | INFO | underwater_sensor_ga.pso | PSO iter 976/1250 | best_global_cost=4.789606 | iter_best=5.173618
2026-02-23 22:34:04 | INFO | underwater_sensor_ga.pso | PSO iter 977/1250 | best_global_cost=4.789606 | iter_best=5.980909
2026-02-23 22:34:05 | INFO | underwater_sensor_ga.pso | PSO iter 978/1250 | best_global_cost=4.789606 | iter_best=5.403799
2026-02-23 22:34:07 | INFO | underwater_sensor_ga.pso | PSO iter 979/1250 | best_global_cost=4.789606 | iter_best=5.476976
2026-02-23 22:34:08 | INFO | underwater_sensor_ga.pso | PSO iter 980/1250 | best_global_cost=4.789606 | iter_best=5.774001
2026-02-23 22:34:10 | INFO | underwater_sensor_ga.pso | PSO iter 981/1250 | best_global_cost=4.789606 | iter_best=5.707237
2026-02-23 22:34:11 | INFO | underwater_sensor_ga.pso | PSO iter 982/1250 | best_global_cost=4.789606 | iter_best=5.468944
2026-02-23 22:34:12 | INFO | underwater_sensor_ga.pso | PSO iter 983/1250 | best_global_cost=4.789606 | iter_best=5.857211
2026-02-23 22:34:14 | INFO | underwater_sensor_ga.pso | PSO iter 984/1250 | best_global_cost=4.789606 | iter_best=5.837313
2026-02-23 22:34:15 | INFO | underwater_sensor_ga.pso | PSO iter 985/1250 | best_global_cost=4.789606 | iter_best=6.032060
2026-02-23 22:34:17 | INFO | underwater_sensor_ga.pso | PSO iter 986/1250 | best_global_cost=4.789606 | iter_best=5.987063
2026-02-23 22:34:18 | INFO | underwater_sensor_ga.pso | PSO iter 987/1250 | best_global_cost=4.789606 | iter_best=5.417564
2026-02-23 22:34:20 | INFO | underwater_sensor_ga.pso | PSO iter 988/1250 | best_global_cost=4.789606 | iter_best=5.369703
2026-02-23 22:34:21 | INFO | underwater_sensor_ga.pso | PSO iter 989/1250 | best_global_cost=4.789606 | iter_best=5.473010
2026-02-23 22:34:23 | INFO | underwater_sensor_ga.pso | PSO iter 990/1250 | best_global_cost=4.789606 | iter_best=5.738420
2026-02-23 22:34:24 | INFO | underwater_sensor_ga.pso | PSO iter 991/1250 | best_global_cost=4.789606 | iter_best=5.687498
2026-02-23 22:34:25 | INFO | underwater_sensor_ga.pso | PSO iter 992/1250 | best_global_cost=4.789606 | iter_best=5.592080
2026-02-23 22:34:27 | INFO | underwater_sensor_ga.pso | PSO iter 993/1250 | best_global_cost=4.789606 | iter_best=5.424689
2026-02-23 22:34:28 | INFO | underwater_sensor_ga.pso | PSO iter 994/1250 | best_global_cost=4.789606 | iter_best=5.658312
2026-02-23 22:34:30 | INFO | underwater_sensor_ga.pso | PSO iter 995/1250 | best_global_cost=4.789606 | iter_best=5.548744
2026-02-23 22:34:31 | INFO | underwater_sensor_ga.pso | PSO iter 996/1250 | best_global_cost=4.789606 | iter_best=5.689884
2026-02-23 22:34:33 | INFO | underwater_sensor_ga.pso | PSO iter 997/1250 | best_global_cost=4.789606 | iter_best=5.407647
2026-02-23 22:34:34 | INFO | underwater_sensor_ga.pso | PSO iter 998/1250 | best_global_cost=4.789606 | iter_best=5.605032
2026-02-23 22:34:36 | INFO | underwater_sensor_ga.pso | PSO iter 999/1250 | best_global_cost=4.789606 | iter_best=5.447716
2026-02-23 22:34:37 | INFO | underwater_sensor_ga.pso | PSO iter 1000/1250 | best_global_cost=4.789606 | iter_best=5.415536
2026-02-23 22:34:39 | INFO | underwater_sensor_ga.pso | PSO iter 1001/1250 | best_global_cost=4.789606 | iter_best=5.392198
2026-02-23 22:34:40 | INFO | underwater_sensor_ga.pso | PSO iter 1002/1250 | best_global_cost=4.789606 | iter_best=5.640940
2026-02-23 22:34:42 | INFO | underwater_sensor_ga.pso | PSO iter 1003/1250 | best_global_cost=4.789606 | iter_best=5.475502
2026-02-23 22:34:43 | INFO | underwater_sensor_ga.pso | PSO iter 1004/1250 | best_global_cost=4.789606 | iter_best=5.222915
2026-02-23 22:34:45 | INFO | underwater_sensor_ga.pso | PSO iter 1005/1250 | best_global_cost=4.789606 | iter_best=5.545709
2026-02-23 22:34:46 | INFO | underwater_sensor_ga.pso | PSO iter 1006/1250 | best_global_cost=4.789606 | iter_best=5.555290
2026-02-23 22:34:47 | INFO | underwater_sensor_ga.pso | PSO iter 1007/1250 | best_global_cost=4.789606 | iter_best=5.835874
2026-02-23 22:34:49 | INFO | underwater_sensor_ga.pso | PSO iter 1008/1250 | best_global_cost=4.789606 | iter_best=5.578133
2026-02-23 22:34:50 | INFO | underwater_sensor_ga.pso | PSO iter 1009/1250 | best_global_cost=4.789606 | iter_best=5.244843
2026-02-23 22:34:52 | INFO | underwater_sensor_ga.pso | PSO iter 1010/1250 | best_global_cost=4.789606 | iter_best=5.626316
2026-02-23 22:34:53 | INFO | underwater_sensor_ga.pso | PSO iter 1011/1250 | best_global_cost=4.789606 | iter_best=5.605602
2026-02-23 22:34:55 | INFO | underwater_sensor_ga.pso | PSO iter 1012/1250 | best_global_cost=4.789606 | iter_best=5.197522
2026-02-23 22:34:56 | INFO | underwater_sensor_ga.pso | PSO iter 1013/1250 | best_global_cost=4.789606 | iter_best=5.777025
2026-02-23 22:34:58 | INFO | underwater_sensor_ga.pso | PSO iter 1014/1250 | best_global_cost=4.789606 | iter_best=5.421307
2026-02-23 22:34:59 | INFO | underwater_sensor_ga.pso | PSO iter 1015/1250 | best_global_cost=4.789606 | iter_best=5.677591
2026-02-23 22:35:01 | INFO | underwater_sensor_ga.pso | PSO iter 1016/1250 | best_global_cost=4.789606 | iter_best=5.402283
2026-02-23 22:35:02 | INFO | underwater_sensor_ga.pso | PSO iter 1017/1250 | best_global_cost=4.789606 | iter_best=5.793964
2026-02-23 22:35:03 | INFO | underwater_sensor_ga.pso | PSO iter 1018/1250 | best_global_cost=4.789606 | iter_best=5.356099
2026-02-23 22:35:05 | INFO | underwater_sensor_ga.pso | PSO iter 1019/1250 | best_global_cost=4.789606 | iter_best=5.568440
2026-02-23 22:35:06 | INFO | underwater_sensor_ga.pso | PSO iter 1020/1250 | best_global_cost=4.789606 | iter_best=5.861864
2026-02-23 22:35:08 | INFO | underwater_sensor_ga.pso | PSO iter 1021/1250 | best_global_cost=4.789606 | iter_best=5.837604
2026-02-23 22:35:09 | INFO | underwater_sensor_ga.pso | PSO iter 1022/1250 | best_global_cost=4.789606 | iter_best=5.721169
2026-02-23 22:35:11 | INFO | underwater_sensor_ga.pso | PSO iter 1023/1250 | best_global_cost=4.789606 | iter_best=5.670079
2026-02-23 22:35:12 | INFO | underwater_sensor_ga.pso | PSO iter 1024/1250 | best_global_cost=4.789606 | iter_best=5.932032
2026-02-23 22:35:14 | INFO | underwater_sensor_ga.pso | PSO iter 1025/1250 | best_global_cost=4.789606 | iter_best=5.612827
2026-02-23 22:35:15 | INFO | underwater_sensor_ga.pso | PSO iter 1026/1250 | best_global_cost=4.789606 | iter_best=5.647417
2026-02-23 22:35:17 | INFO | underwater_sensor_ga.pso | PSO iter 1027/1250 | best_global_cost=4.789606 | iter_best=5.781125
2026-02-23 22:35:18 | INFO | underwater_sensor_ga.pso | PSO iter 1028/1250 | best_global_cost=4.789606 | iter_best=5.224663
2026-02-23 22:35:19 | INFO | underwater_sensor_ga.pso | PSO iter 1029/1250 | best_global_cost=4.789606 | iter_best=5.427698
2026-02-23 22:35:21 | INFO | underwater_sensor_ga.pso | PSO iter 1030/1250 | best_global_cost=4.789606 | iter_best=5.864937
2026-02-23 22:35:22 | INFO | underwater_sensor_ga.pso | PSO iter 1031/1250 | best_global_cost=4.789606 | iter_best=5.607556
2026-02-23 22:35:24 | INFO | underwater_sensor_ga.pso | PSO iter 1032/1250 | best_global_cost=4.789606 | iter_best=5.778590
2026-02-23 22:35:25 | INFO | underwater_sensor_ga.pso | PSO iter 1033/1250 | best_global_cost=4.789606 | iter_best=5.541221
2026-02-23 22:35:27 | INFO | underwater_sensor_ga.pso | PSO iter 1034/1250 | best_global_cost=4.789606 | iter_best=5.575271
2026-02-23 22:35:28 | INFO | underwater_sensor_ga.pso | PSO iter 1035/1250 | best_global_cost=4.789606 | iter_best=5.747623
2026-02-23 22:35:30 | INFO | underwater_sensor_ga.pso | PSO iter 1036/1250 | best_global_cost=4.789606 | iter_best=5.515169
2026-02-23 22:35:31 | INFO | underwater_sensor_ga.pso | PSO iter 1037/1250 | best_global_cost=4.789606 | iter_best=5.607641
2026-02-23 22:35:33 | INFO | underwater_sensor_ga.pso | PSO iter 1038/1250 | best_global_cost=4.789606 | iter_best=5.235351
2026-02-23 22:35:34 | INFO | underwater_sensor_ga.pso | PSO iter 1039/1250 | best_global_cost=4.789606 | iter_best=5.774432
2026-02-23 22:35:36 | INFO | underwater_sensor_ga.pso | PSO iter 1040/1250 | best_global_cost=4.789606 | iter_best=5.848858
2026-02-23 22:35:37 | INFO | underwater_sensor_ga.pso | PSO iter 1041/1250 | best_global_cost=4.789606 | iter_best=5.552340
2026-02-23 22:35:39 | INFO | underwater_sensor_ga.pso | PSO iter 1042/1250 | best_global_cost=4.789606 | iter_best=5.585086
2026-02-23 22:35:40 | INFO | underwater_sensor_ga.pso | PSO iter 1043/1250 | best_global_cost=4.789606 | iter_best=5.433585
2026-02-23 22:35:42 | INFO | underwater_sensor_ga.pso | PSO iter 1044/1250 | best_global_cost=4.789606 | iter_best=5.439316
2026-02-23 22:35:43 | INFO | underwater_sensor_ga.pso | PSO iter 1045/1250 | best_global_cost=4.789606 | iter_best=5.743742
2026-02-23 22:35:44 | INFO | underwater_sensor_ga.pso | PSO iter 1046/1250 | best_global_cost=4.789606 | iter_best=5.268016
2026-02-23 22:35:46 | INFO | underwater_sensor_ga.pso | PSO iter 1047/1250 | best_global_cost=4.789606 | iter_best=5.220061
2026-02-23 22:35:47 | INFO | underwater_sensor_ga.pso | PSO iter 1048/1250 | best_global_cost=4.789606 | iter_best=5.810331
2026-02-23 22:35:49 | INFO | underwater_sensor_ga.pso | PSO iter 1049/1250 | best_global_cost=4.789606 | iter_best=5.709533
2026-02-23 22:35:50 | INFO | underwater_sensor_ga.pso | PSO iter 1050/1250 | best_global_cost=4.789606 | iter_best=5.872934
2026-02-23 22:35:52 | INFO | underwater_sensor_ga.pso | PSO iter 1051/1250 | best_global_cost=4.789606 | iter_best=5.680968
2026-02-23 22:35:53 | INFO | underwater_sensor_ga.pso | PSO iter 1052/1250 | best_global_cost=4.789606 | iter_best=5.712084
2026-02-23 22:35:54 | INFO | underwater_sensor_ga.pso | PSO iter 1053/1250 | best_global_cost=4.789606 | iter_best=5.577029
2026-02-23 22:35:56 | INFO | underwater_sensor_ga.pso | PSO iter 1054/1250 | best_global_cost=4.789606 | iter_best=5.429731
2026-02-23 22:35:57 | INFO | underwater_sensor_ga.pso | PSO iter 1055/1250 | best_global_cost=4.789606 | iter_best=5.285993
2026-02-23 22:35:59 | INFO | underwater_sensor_ga.pso | PSO iter 1056/1250 | best_global_cost=4.789606 | iter_best=5.173963
2026-02-23 22:36:00 | INFO | underwater_sensor_ga.pso | PSO iter 1057/1250 | best_global_cost=4.789606 | iter_best=5.386151
2026-02-23 22:36:02 | INFO | underwater_sensor_ga.pso | PSO iter 1058/1250 | best_global_cost=4.789606 | iter_best=5.846395
2026-02-23 22:36:03 | INFO | underwater_sensor_ga.pso | PSO iter 1059/1250 | best_global_cost=4.789606 | iter_best=5.716934
2026-02-23 22:36:05 | INFO | underwater_sensor_ga.pso | PSO iter 1060/1250 | best_global_cost=4.789606 | iter_best=5.397418
2026-02-23 22:36:06 | INFO | underwater_sensor_ga.pso | PSO iter 1061/1250 | best_global_cost=4.789606 | iter_best=5.487025
2026-02-23 22:36:08 | INFO | underwater_sensor_ga.pso | PSO iter 1062/1250 | best_global_cost=4.789606 | iter_best=5.367411
2026-02-23 22:36:09 | INFO | underwater_sensor_ga.pso | PSO iter 1063/1250 | best_global_cost=4.789606 | iter_best=5.908631
2026-02-23 22:36:11 | INFO | underwater_sensor_ga.pso | PSO iter 1064/1250 | best_global_cost=4.789606 | iter_best=5.703283
2026-02-23 22:36:12 | INFO | underwater_sensor_ga.pso | PSO iter 1065/1250 | best_global_cost=4.789606 | iter_best=5.547799
2026-02-23 22:36:13 | INFO | underwater_sensor_ga.pso | PSO iter 1066/1250 | best_global_cost=4.789606 | iter_best=5.969554
2026-02-23 22:36:15 | INFO | underwater_sensor_ga.pso | PSO iter 1067/1250 | best_global_cost=4.789606 | iter_best=5.402473
2026-02-23 22:36:16 | INFO | underwater_sensor_ga.pso | PSO iter 1068/1250 | best_global_cost=4.789606 | iter_best=5.596943
2026-02-23 22:36:18 | INFO | underwater_sensor_ga.pso | PSO iter 1069/1250 | best_global_cost=4.789606 | iter_best=5.524101
2026-02-23 22:36:19 | INFO | underwater_sensor_ga.pso | PSO iter 1070/1250 | best_global_cost=4.789606 | iter_best=5.366179
2026-02-23 22:36:21 | INFO | underwater_sensor_ga.pso | PSO iter 1071/1250 | best_global_cost=4.789606 | iter_best=5.510226
2026-02-23 22:36:22 | INFO | underwater_sensor_ga.pso | PSO iter 1072/1250 | best_global_cost=4.789606 | iter_best=5.303583
2026-02-23 22:36:24 | INFO | underwater_sensor_ga.pso | PSO iter 1073/1250 | best_global_cost=4.789606 | iter_best=4.927014
2026-02-23 22:36:25 | INFO | underwater_sensor_ga.pso | PSO iter 1074/1250 | best_global_cost=4.789606 | iter_best=5.601477
2026-02-23 22:36:26 | INFO | underwater_sensor_ga.pso | PSO iter 1075/1250 | best_global_cost=4.789606 | iter_best=5.528759
2026-02-23 22:36:28 | INFO | underwater_sensor_ga.pso | PSO iter 1076/1250 | best_global_cost=4.789606 | iter_best=5.696757
2026-02-23 22:36:29 | INFO | underwater_sensor_ga.pso | PSO iter 1077/1250 | best_global_cost=4.789606 | iter_best=5.576772
2026-02-23 22:36:31 | INFO | underwater_sensor_ga.pso | PSO iter 1078/1250 | best_global_cost=4.789606 | iter_best=5.654272
2026-02-23 22:36:33 | INFO | underwater_sensor_ga.pso | PSO iter 1079/1250 | best_global_cost=4.789606 | iter_best=5.643011
2026-02-23 22:36:34 | INFO | underwater_sensor_ga.pso | PSO iter 1080/1250 | best_global_cost=4.789606 | iter_best=5.788840
2026-02-23 22:36:36 | INFO | underwater_sensor_ga.pso | PSO iter 1081/1250 | best_global_cost=4.789606 | iter_best=5.555951
2026-02-23 22:36:37 | INFO | underwater_sensor_ga.pso | PSO iter 1082/1250 | best_global_cost=4.789606 | iter_best=5.664842
2026-02-23 22:36:39 | INFO | underwater_sensor_ga.pso | PSO iter 1083/1250 | best_global_cost=4.789606 | iter_best=5.541592
2026-02-23 22:36:40 | INFO | underwater_sensor_ga.pso | PSO iter 1084/1250 | best_global_cost=4.789606 | iter_best=5.496482
2026-02-23 22:36:41 | INFO | underwater_sensor_ga.pso | PSO iter 1085/1250 | best_global_cost=4.789606 | iter_best=5.721900
2026-02-23 22:36:43 | INFO | underwater_sensor_ga.pso | PSO iter 1086/1250 | best_global_cost=4.789606 | iter_best=5.304053
2026-02-23 22:36:44 | INFO | underwater_sensor_ga.pso | PSO iter 1087/1250 | best_global_cost=4.789606 | iter_best=6.045394
2026-02-23 22:36:46 | INFO | underwater_sensor_ga.pso | PSO iter 1088/1250 | best_global_cost=4.789606 | iter_best=5.264582
2026-02-23 22:36:47 | INFO | underwater_sensor_ga.pso | PSO iter 1089/1250 | best_global_cost=4.789606 | iter_best=5.627043
2026-02-23 22:36:49 | INFO | underwater_sensor_ga.pso | PSO iter 1090/1250 | best_global_cost=4.789606 | iter_best=5.348255
2026-02-23 22:36:50 | INFO | underwater_sensor_ga.pso | PSO iter 1091/1250 | best_global_cost=4.789606 | iter_best=5.734263
2026-02-23 22:36:52 | INFO | underwater_sensor_ga.pso | PSO iter 1092/1250 | best_global_cost=4.789606 | iter_best=5.043433
2026-02-23 22:36:53 | INFO | underwater_sensor_ga.pso | PSO iter 1093/1250 | best_global_cost=4.789606 | iter_best=5.495625
2026-02-23 22:36:54 | INFO | underwater_sensor_ga.pso | PSO iter 1094/1250 | best_global_cost=4.789606 | iter_best=5.623782
2026-02-23 22:36:56 | INFO | underwater_sensor_ga.pso | PSO iter 1095/1250 | best_global_cost=4.789606 | iter_best=5.565846
2026-02-23 22:36:57 | INFO | underwater_sensor_ga.pso | PSO iter 1096/1250 | best_global_cost=4.789606 | iter_best=5.597632
2026-02-23 22:36:59 | INFO | underwater_sensor_ga.pso | PSO iter 1097/1250 | best_global_cost=4.789606 | iter_best=5.617216
2026-02-23 22:37:00 | INFO | underwater_sensor_ga.pso | PSO iter 1098/1250 | best_global_cost=4.789606 | iter_best=5.624493
2026-02-23 22:37:02 | INFO | underwater_sensor_ga.pso | PSO iter 1099/1250 | best_global_cost=4.789606 | iter_best=5.425820
2026-02-23 22:37:03 | INFO | underwater_sensor_ga.pso | PSO iter 1100/1250 | best_global_cost=4.789606 | iter_best=5.836167
2026-02-23 22:37:05 | INFO | underwater_sensor_ga.pso | PSO iter 1101/1250 | best_global_cost=4.789606 | iter_best=5.627233
2026-02-23 22:37:06 | INFO | underwater_sensor_ga.pso | PSO iter 1102/1250 | best_global_cost=4.789606 | iter_best=5.722259
2026-02-23 22:37:08 | INFO | underwater_sensor_ga.pso | PSO iter 1103/1250 | best_global_cost=4.789606 | iter_best=5.872838
2026-02-23 22:37:09 | INFO | underwater_sensor_ga.pso | PSO iter 1104/1250 | best_global_cost=4.789606 | iter_best=5.530629
2026-02-23 22:37:11 | INFO | underwater_sensor_ga.pso | PSO iter 1105/1250 | best_global_cost=4.789606 | iter_best=5.806898
2026-02-23 22:37:12 | INFO | underwater_sensor_ga.pso | PSO iter 1106/1250 | best_global_cost=4.789606 | iter_best=6.023571
2026-02-23 22:37:14 | INFO | underwater_sensor_ga.pso | PSO iter 1107/1250 | best_global_cost=4.789606 | iter_best=5.802267
2026-02-23 22:37:15 | INFO | underwater_sensor_ga.pso | PSO iter 1108/1250 | best_global_cost=4.789606 | iter_best=5.898743
2026-02-23 22:37:16 | INFO | underwater_sensor_ga.pso | PSO iter 1109/1250 | best_global_cost=4.789606 | iter_best=5.635838
2026-02-23 22:37:18 | INFO | underwater_sensor_ga.pso | PSO iter 1110/1250 | best_global_cost=4.789606 | iter_best=5.227483
2026-02-23 22:37:19 | INFO | underwater_sensor_ga.pso | PSO iter 1111/1250 | best_global_cost=4.789606 | iter_best=5.874010
2026-02-23 22:37:21 | INFO | underwater_sensor_ga.pso | PSO iter 1112/1250 | best_global_cost=4.789606 | iter_best=5.591594
2026-02-23 22:37:22 | INFO | underwater_sensor_ga.pso | PSO iter 1113/1250 | best_global_cost=4.789606 | iter_best=5.230628
2026-02-23 22:37:24 | INFO | underwater_sensor_ga.pso | PSO iter 1114/1250 | best_global_cost=4.789606 | iter_best=5.627795
2026-02-23 22:37:25 | INFO | underwater_sensor_ga.pso | PSO iter 1115/1250 | best_global_cost=4.789606 | iter_best=5.754908
2026-02-23 22:37:27 | INFO | underwater_sensor_ga.pso | PSO iter 1116/1250 | best_global_cost=4.789606 | iter_best=5.401404
2026-02-23 22:37:28 | INFO | underwater_sensor_ga.pso | PSO iter 1117/1250 | best_global_cost=4.789606 | iter_best=5.774104
2026-02-23 22:37:30 | INFO | underwater_sensor_ga.pso | PSO iter 1118/1250 | best_global_cost=4.789606 | iter_best=5.994841
2026-02-23 22:37:31 | INFO | underwater_sensor_ga.pso | PSO iter 1119/1250 | best_global_cost=4.789606 | iter_best=5.561258
2026-02-23 22:37:32 | INFO | underwater_sensor_ga.pso | PSO iter 1120/1250 | best_global_cost=4.789606 | iter_best=5.598533
2026-02-23 22:37:34 | INFO | underwater_sensor_ga.pso | PSO iter 1121/1250 | best_global_cost=4.789606 | iter_best=5.669619
2026-02-23 22:37:35 | INFO | underwater_sensor_ga.pso | PSO iter 1122/1250 | best_global_cost=4.789606 | iter_best=5.380963
2026-02-23 22:37:37 | INFO | underwater_sensor_ga.pso | PSO iter 1123/1250 | best_global_cost=4.789606 | iter_best=5.224642
2026-02-23 22:37:38 | INFO | underwater_sensor_ga.pso | PSO iter 1124/1250 | best_global_cost=4.789606 | iter_best=5.742168
2026-02-23 22:37:40 | INFO | underwater_sensor_ga.pso | PSO iter 1125/1250 | best_global_cost=4.789606 | iter_best=5.580299
2026-02-23 22:37:41 | INFO | underwater_sensor_ga.pso | PSO iter 1126/1250 | best_global_cost=4.789606 | iter_best=5.104958
2026-02-23 22:37:43 | INFO | underwater_sensor_ga.pso | PSO iter 1127/1250 | best_global_cost=4.789606 | iter_best=5.500115
2026-02-23 22:37:44 | INFO | underwater_sensor_ga.pso | PSO iter 1128/1250 | best_global_cost=4.789606 | iter_best=5.300601
2026-02-23 22:37:46 | INFO | underwater_sensor_ga.pso | PSO iter 1129/1250 | best_global_cost=4.789606 | iter_best=5.645607
2026-02-23 22:37:47 | INFO | underwater_sensor_ga.pso | PSO iter 1130/1250 | best_global_cost=4.789606 | iter_best=5.607314
2026-02-23 22:37:49 | INFO | underwater_sensor_ga.pso | PSO iter 1131/1250 | best_global_cost=4.789606 | iter_best=5.447730
2026-02-23 22:37:50 | INFO | underwater_sensor_ga.pso | PSO iter 1132/1250 | best_global_cost=4.789606 | iter_best=5.824676
2026-02-23 22:37:51 | INFO | underwater_sensor_ga.pso | PSO iter 1133/1250 | best_global_cost=4.789606 | iter_best=5.522195
2026-02-23 22:37:53 | INFO | underwater_sensor_ga.pso | PSO iter 1134/1250 | best_global_cost=4.789606 | iter_best=5.500848
2026-02-23 22:37:54 | INFO | underwater_sensor_ga.pso | PSO iter 1135/1250 | best_global_cost=4.789606 | iter_best=5.232381
2026-02-23 22:37:56 | INFO | underwater_sensor_ga.pso | PSO iter 1136/1250 | best_global_cost=4.789606 | iter_best=5.907297
2026-02-23 22:37:57 | INFO | underwater_sensor_ga.pso | PSO iter 1137/1250 | best_global_cost=4.789606 | iter_best=5.775119
2026-02-23 22:37:59 | INFO | underwater_sensor_ga.pso | PSO iter 1138/1250 | best_global_cost=4.789606 | iter_best=5.430071
2026-02-23 22:38:00 | INFO | underwater_sensor_ga.pso | PSO iter 1139/1250 | best_global_cost=4.789606 | iter_best=5.593241
2026-02-23 22:38:02 | INFO | underwater_sensor_ga.pso | PSO iter 1140/1250 | best_global_cost=4.789606 | iter_best=5.667464
2026-02-23 22:38:03 | INFO | underwater_sensor_ga.pso | PSO iter 1141/1250 | best_global_cost=4.789606 | iter_best=5.922479
2026-02-23 22:38:05 | INFO | underwater_sensor_ga.pso | PSO iter 1142/1250 | best_global_cost=4.789606 | iter_best=5.324631
2026-02-23 22:38:06 | INFO | underwater_sensor_ga.pso | PSO iter 1143/1250 | best_global_cost=4.789606 | iter_best=5.593481
2026-02-23 22:38:08 | INFO | underwater_sensor_ga.pso | PSO iter 1144/1250 | best_global_cost=4.789606 | iter_best=5.402503
2026-02-23 22:38:09 | INFO | underwater_sensor_ga.pso | PSO iter 1145/1250 | best_global_cost=4.789606 | iter_best=6.054574
2026-02-23 22:38:11 | INFO | underwater_sensor_ga.pso | PSO iter 1146/1250 | best_global_cost=4.789606 | iter_best=5.201964
2026-02-23 22:38:12 | INFO | underwater_sensor_ga.pso | PSO iter 1147/1250 | best_global_cost=4.789606 | iter_best=5.442697
2026-02-23 22:38:14 | INFO | underwater_sensor_ga.pso | PSO iter 1148/1250 | best_global_cost=4.789606 | iter_best=5.867731
2026-02-23 22:38:15 | INFO | underwater_sensor_ga.pso | PSO iter 1149/1250 | best_global_cost=4.789606 | iter_best=5.563357
2026-02-23 22:38:16 | INFO | underwater_sensor_ga.pso | PSO iter 1150/1250 | best_global_cost=4.789606 | iter_best=5.718996
2026-02-23 22:38:18 | INFO | underwater_sensor_ga.pso | PSO iter 1151/1250 | best_global_cost=4.789606 | iter_best=5.662197
2026-02-23 22:38:19 | INFO | underwater_sensor_ga.pso | PSO iter 1152/1250 | best_global_cost=4.789606 | iter_best=5.397437
2026-02-23 22:38:21 | INFO | underwater_sensor_ga.pso | PSO iter 1153/1250 | best_global_cost=4.789606 | iter_best=5.495579
2026-02-23 22:38:22 | INFO | underwater_sensor_ga.pso | PSO iter 1154/1250 | best_global_cost=4.789606 | iter_best=5.184542
2026-02-23 22:38:24 | INFO | underwater_sensor_ga.pso | PSO iter 1155/1250 | best_global_cost=4.789606 | iter_best=5.524114
2026-02-23 22:38:25 | INFO | underwater_sensor_ga.pso | PSO iter 1156/1250 | best_global_cost=4.789606 | iter_best=5.814813
2026-02-23 22:38:27 | INFO | underwater_sensor_ga.pso | PSO iter 1157/1250 | best_global_cost=4.789606 | iter_best=5.595070
2026-02-23 22:38:28 | INFO | underwater_sensor_ga.pso | PSO iter 1158/1250 | best_global_cost=4.789606 | iter_best=5.688614
2026-02-23 22:38:30 | INFO | underwater_sensor_ga.pso | PSO iter 1159/1250 | best_global_cost=4.789606 | iter_best=5.752832
2026-02-23 22:38:31 | INFO | underwater_sensor_ga.pso | PSO iter 1160/1250 | best_global_cost=4.789606 | iter_best=5.646908
2026-02-23 22:38:33 | INFO | underwater_sensor_ga.pso | PSO iter 1161/1250 | best_global_cost=4.789606 | iter_best=5.542717
2026-02-23 22:38:34 | INFO | underwater_sensor_ga.pso | PSO iter 1162/1250 | best_global_cost=4.789606 | iter_best=5.415828
2026-02-23 22:38:36 | INFO | underwater_sensor_ga.pso | PSO iter 1163/1250 | best_global_cost=4.789606 | iter_best=5.590743
2026-02-23 22:38:37 | INFO | underwater_sensor_ga.pso | PSO iter 1164/1250 | best_global_cost=4.789606 | iter_best=5.437549
2026-02-23 22:38:39 | INFO | underwater_sensor_ga.pso | PSO iter 1165/1250 | best_global_cost=4.789606 | iter_best=5.865718
2026-02-23 22:38:40 | INFO | underwater_sensor_ga.pso | PSO iter 1166/1250 | best_global_cost=4.789606 | iter_best=5.552819
2026-02-23 22:38:41 | INFO | underwater_sensor_ga.pso | PSO iter 1167/1250 | best_global_cost=4.789606 | iter_best=5.647177
2026-02-23 22:38:43 | INFO | underwater_sensor_ga.pso | PSO iter 1168/1250 | best_global_cost=4.789606 | iter_best=5.854103
2026-02-23 22:38:44 | INFO | underwater_sensor_ga.pso | PSO iter 1169/1250 | best_global_cost=4.789606 | iter_best=5.689563
2026-02-23 22:38:46 | INFO | underwater_sensor_ga.pso | PSO iter 1170/1250 | best_global_cost=4.789606 | iter_best=5.140419
2026-02-23 22:38:47 | INFO | underwater_sensor_ga.pso | PSO iter 1171/1250 | best_global_cost=4.789606 | iter_best=5.744415
2026-02-23 22:38:49 | INFO | underwater_sensor_ga.pso | PSO iter 1172/1250 | best_global_cost=4.789606 | iter_best=5.708597
2026-02-23 22:38:50 | INFO | underwater_sensor_ga.pso | PSO iter 1173/1250 | best_global_cost=4.789606 | iter_best=5.340835
2026-02-23 22:38:52 | INFO | underwater_sensor_ga.pso | PSO iter 1174/1250 | best_global_cost=4.789606 | iter_best=5.045057
2026-02-23 22:38:53 | INFO | underwater_sensor_ga.pso | PSO iter 1175/1250 | best_global_cost=4.789606 | iter_best=5.918483
2026-02-23 22:38:54 | INFO | underwater_sensor_ga.pso | PSO iter 1176/1250 | best_global_cost=4.789606 | iter_best=5.689068
2026-02-23 22:38:56 | INFO | underwater_sensor_ga.pso | PSO iter 1177/1250 | best_global_cost=4.789606 | iter_best=5.484973
2026-02-23 22:38:57 | INFO | underwater_sensor_ga.pso | PSO iter 1178/1250 | best_global_cost=4.789606 | iter_best=5.698170
2026-02-23 22:38:59 | INFO | underwater_sensor_ga.pso | PSO iter 1179/1250 | best_global_cost=4.789606 | iter_best=5.826363
2026-02-23 22:39:00 | INFO | underwater_sensor_ga.pso | PSO iter 1180/1250 | best_global_cost=4.789606 | iter_best=5.887404
2026-02-23 22:39:02 | INFO | underwater_sensor_ga.pso | PSO iter 1181/1250 | best_global_cost=4.789606 | iter_best=5.429371
2026-02-23 22:39:03 | INFO | underwater_sensor_ga.pso | PSO iter 1182/1250 | best_global_cost=4.789606 | iter_best=5.476901
2026-02-23 22:39:05 | INFO | underwater_sensor_ga.pso | PSO iter 1183/1250 | best_global_cost=4.789606 | iter_best=5.052879
2026-02-23 22:39:06 | INFO | underwater_sensor_ga.pso | PSO iter 1184/1250 | best_global_cost=4.789606 | iter_best=5.403696
2026-02-23 22:39:08 | INFO | underwater_sensor_ga.pso | PSO iter 1185/1250 | best_global_cost=4.789606 | iter_best=6.019484
2026-02-23 22:39:09 | INFO | underwater_sensor_ga.pso | PSO iter 1186/1250 | best_global_cost=4.789606 | iter_best=5.901662
2026-02-23 22:39:11 | INFO | underwater_sensor_ga.pso | PSO iter 1187/1250 | best_global_cost=4.789606 | iter_best=5.973147
2026-02-23 22:39:12 | INFO | underwater_sensor_ga.pso | PSO iter 1188/1250 | best_global_cost=4.789606 | iter_best=5.463111
2026-02-23 22:39:14 | INFO | underwater_sensor_ga.pso | PSO iter 1189/1250 | best_global_cost=4.789606 | iter_best=5.644285
2026-02-23 22:39:15 | INFO | underwater_sensor_ga.pso | PSO iter 1190/1250 | best_global_cost=4.789606 | iter_best=5.181859
2026-02-23 22:39:17 | INFO | underwater_sensor_ga.pso | PSO iter 1191/1250 | best_global_cost=4.789606 | iter_best=5.499386
2026-02-23 22:39:18 | INFO | underwater_sensor_ga.pso | PSO iter 1192/1250 | best_global_cost=4.789606 | iter_best=5.828031
2026-02-23 22:39:19 | INFO | underwater_sensor_ga.pso | PSO iter 1193/1250 | best_global_cost=4.789606 | iter_best=5.615201
2026-02-23 22:39:21 | INFO | underwater_sensor_ga.pso | PSO iter 1194/1250 | best_global_cost=4.789606 | iter_best=5.082592
2026-02-23 22:39:22 | INFO | underwater_sensor_ga.pso | PSO iter 1195/1250 | best_global_cost=4.789606 | iter_best=5.711233
2026-02-23 22:39:24 | INFO | underwater_sensor_ga.pso | PSO iter 1196/1250 | best_global_cost=4.789606 | iter_best=5.611037
2026-02-23 22:39:25 | INFO | underwater_sensor_ga.pso | PSO iter 1197/1250 | best_global_cost=4.789606 | iter_best=5.779080
2026-02-23 22:39:27 | INFO | underwater_sensor_ga.pso | PSO iter 1198/1250 | best_global_cost=4.789606 | iter_best=5.406768
2026-02-23 22:39:28 | INFO | underwater_sensor_ga.pso | PSO iter 1199/1250 | best_global_cost=4.789606 | iter_best=5.729349
2026-02-23 22:39:30 | INFO | underwater_sensor_ga.pso | PSO iter 1200/1250 | best_global_cost=4.789606 | iter_best=5.630292
2026-02-23 22:39:31 | INFO | underwater_sensor_ga.pso | PSO iter 1201/1250 | best_global_cost=4.789606 | iter_best=5.733905
2026-02-23 22:39:33 | INFO | underwater_sensor_ga.pso | PSO iter 1202/1250 | best_global_cost=4.789606 | iter_best=5.940444
2026-02-23 22:39:34 | INFO | underwater_sensor_ga.pso | PSO iter 1203/1250 | best_global_cost=4.789606 | iter_best=5.610664
2026-02-23 22:39:36 | INFO | underwater_sensor_ga.pso | PSO iter 1204/1250 | best_global_cost=4.789606 | iter_best=5.373297
2026-02-23 22:39:37 | INFO | underwater_sensor_ga.pso | PSO iter 1205/1250 | best_global_cost=4.789606 | iter_best=5.587294
2026-02-23 22:39:39 | INFO | underwater_sensor_ga.pso | PSO iter 1206/1250 | best_global_cost=4.789606 | iter_best=5.475644
2026-02-23 22:39:40 | INFO | underwater_sensor_ga.pso | PSO iter 1207/1250 | best_global_cost=4.789606 | iter_best=4.927700
2026-02-23 22:39:42 | INFO | underwater_sensor_ga.pso | PSO iter 1208/1250 | best_global_cost=4.789606 | iter_best=5.686690
2026-02-23 22:39:43 | INFO | underwater_sensor_ga.pso | PSO iter 1209/1250 | best_global_cost=4.789606 | iter_best=6.037857
2026-02-23 22:39:44 | INFO | underwater_sensor_ga.pso | PSO iter 1210/1250 | best_global_cost=4.789606 | iter_best=5.550010
2026-02-23 22:39:46 | INFO | underwater_sensor_ga.pso | PSO iter 1211/1250 | best_global_cost=4.789606 | iter_best=5.787885
2026-02-23 22:39:47 | INFO | underwater_sensor_ga.pso | PSO iter 1212/1250 | best_global_cost=4.789606 | iter_best=5.780839
2026-02-23 22:39:49 | INFO | underwater_sensor_ga.pso | PSO iter 1213/1250 | best_global_cost=4.789606 | iter_best=5.475139
2026-02-23 22:39:50 | INFO | underwater_sensor_ga.pso | PSO iter 1214/1250 | best_global_cost=4.789606 | iter_best=5.804957
2026-02-23 22:39:52 | INFO | underwater_sensor_ga.pso | PSO iter 1215/1250 | best_global_cost=4.789606 | iter_best=5.358746
2026-02-23 22:39:53 | INFO | underwater_sensor_ga.pso | PSO iter 1216/1250 | best_global_cost=4.789606 | iter_best=5.676132
2026-02-23 22:39:55 | INFO | underwater_sensor_ga.pso | PSO iter 1217/1250 | best_global_cost=4.789606 | iter_best=5.694603
2026-02-23 22:39:56 | INFO | underwater_sensor_ga.pso | PSO iter 1218/1250 | best_global_cost=4.789606 | iter_best=5.588088
2026-02-23 22:39:57 | INFO | underwater_sensor_ga.pso | PSO iter 1219/1250 | best_global_cost=4.789606 | iter_best=5.750675
2026-02-23 22:39:59 | INFO | underwater_sensor_ga.pso | PSO iter 1220/1250 | best_global_cost=4.789606 | iter_best=5.547496
2026-02-23 22:40:00 | INFO | underwater_sensor_ga.pso | PSO iter 1221/1250 | best_global_cost=4.789606 | iter_best=5.560198
2026-02-23 22:40:02 | INFO | underwater_sensor_ga.pso | PSO iter 1222/1250 | best_global_cost=4.789606 | iter_best=5.775858
2026-02-23 22:40:03 | INFO | underwater_sensor_ga.pso | PSO iter 1223/1250 | best_global_cost=4.789606 | iter_best=5.736620
2026-02-23 22:40:05 | INFO | underwater_sensor_ga.pso | PSO iter 1224/1250 | best_global_cost=4.789606 | iter_best=5.219404
2026-02-23 22:40:06 | INFO | underwater_sensor_ga.pso | PSO iter 1225/1250 | best_global_cost=4.789606 | iter_best=5.777886
2026-02-23 22:40:08 | INFO | underwater_sensor_ga.pso | PSO iter 1226/1250 | best_global_cost=4.789606 | iter_best=6.003013
2026-02-23 22:40:09 | INFO | underwater_sensor_ga.pso | PSO iter 1227/1250 | best_global_cost=4.789606 | iter_best=5.387520
2026-02-23 22:40:11 | INFO | underwater_sensor_ga.pso | PSO iter 1228/1250 | best_global_cost=4.789606 | iter_best=5.716821
2026-02-23 22:40:12 | INFO | underwater_sensor_ga.pso | PSO iter 1229/1250 | best_global_cost=4.789606 | iter_best=5.971477
2026-02-23 22:40:14 | INFO | underwater_sensor_ga.pso | PSO iter 1230/1250 | best_global_cost=4.789606 | iter_best=5.793882
2026-02-23 22:40:15 | INFO | underwater_sensor_ga.pso | PSO iter 1231/1250 | best_global_cost=4.789606 | iter_best=5.394502
2026-02-23 22:40:17 | INFO | underwater_sensor_ga.pso | PSO iter 1232/1250 | best_global_cost=4.789606 | iter_best=5.604636
2026-02-23 22:40:18 | INFO | underwater_sensor_ga.pso | PSO iter 1233/1250 | best_global_cost=4.789606 | iter_best=5.637139
2026-02-23 22:40:20 | INFO | underwater_sensor_ga.pso | PSO iter 1234/1250 | best_global_cost=4.789606 | iter_best=5.258233
2026-02-23 22:40:21 | INFO | underwater_sensor_ga.pso | PSO iter 1235/1250 | best_global_cost=4.789606 | iter_best=5.670882
2026-02-23 22:40:22 | INFO | underwater_sensor_ga.pso | PSO iter 1236/1250 | best_global_cost=4.789606 | iter_best=5.400518
2026-02-23 22:40:24 | INFO | underwater_sensor_ga.pso | PSO iter 1237/1250 | best_global_cost=4.789606 | iter_best=5.481928
2026-02-23 22:40:25 | INFO | underwater_sensor_ga.pso | PSO iter 1238/1250 | best_global_cost=4.789606 | iter_best=5.656132
2026-02-23 22:40:27 | INFO | underwater_sensor_ga.pso | PSO iter 1239/1250 | best_global_cost=4.789606 | iter_best=5.530977
2026-02-23 22:40:28 | INFO | underwater_sensor_ga.pso | PSO iter 1240/1250 | best_global_cost=4.789606 | iter_best=5.469350
2026-02-23 22:40:30 | INFO | underwater_sensor_ga.pso | PSO iter 1241/1250 | best_global_cost=4.789606 | iter_best=5.684384
2026-02-23 22:40:31 | INFO | underwater_sensor_ga.pso | PSO iter 1242/1250 | best_global_cost=4.789606 | iter_best=5.533435
2026-02-23 22:40:33 | INFO | underwater_sensor_ga.pso | PSO iter 1243/1250 | best_global_cost=4.789606 | iter_best=5.592839
2026-02-23 22:40:34 | INFO | underwater_sensor_ga.pso | PSO iter 1244/1250 | best_global_cost=4.789606 | iter_best=5.277870
2026-02-23 22:40:36 | INFO | underwater_sensor_ga.pso | PSO iter 1245/1250 | best_global_cost=4.789606 | iter_best=5.835566
2026-02-23 22:40:37 | INFO | underwater_sensor_ga.pso | PSO iter 1246/1250 | best_global_cost=4.789606 | iter_best=5.840293
2026-02-23 22:40:39 | INFO | underwater_sensor_ga.pso | PSO iter 1247/1250 | best_global_cost=4.789606 | iter_best=5.680790
2026-02-23 22:40:40 | INFO | underwater_sensor_ga.pso | PSO iter 1248/1250 | best_global_cost=4.789606 | iter_best=4.792785
2026-02-23 22:40:42 | INFO | underwater_sensor_ga.pso | PSO iter 1249/1250 | best_global_cost=4.789606 | iter_best=5.482234
2026-02-23 22:40:43 | INFO | underwater_sensor_ga.pso | PSO iter 1250/1250 | best_global_cost=4.789606 | iter_best=5.624398
2026-02-23 22:40:43 | INFO | underwater_sensor_ga.pso_runner | Final best cost (N=3): 4.789606
2026-02-23 22:40:43 | INFO | underwater_sensor_ga.pso_runner | ================================================================================
2026-02-23 22:40:43 | INFO | underwater_sensor_ga.pso_runner | Running Particle Swarm Optimization for number_of_sensors=4
2026-02-23 22:40:43 | INFO | underwater_sensor_ga.pso | PSO seeds | pso_seed=321 | scenario_seed=123
2026-02-23 22:40:45 | INFO | underwater_sensor_ga.pso | PSO iter 1/1250 | best_global_cost=5.381571 | iter_best=5.381571
2026-02-23 22:40:47 | INFO | underwater_sensor_ga.pso | PSO iter 2/1250 | best_global_cost=5.381571 | iter_best=5.973895
2026-02-23 22:40:49 | INFO | underwater_sensor_ga.pso | PSO iter 3/1250 | best_global_cost=5.123835 | iter_best=5.123835
2026-02-23 22:40:51 | INFO | underwater_sensor_ga.pso | PSO iter 4/1250 | best_global_cost=5.123835 | iter_best=5.293829
2026-02-23 22:40:53 | INFO | underwater_sensor_ga.pso | PSO iter 5/1250 | best_global_cost=5.123835 | iter_best=5.393840
2026-02-23 22:40:55 | INFO | underwater_sensor_ga.pso | PSO iter 6/1250 | best_global_cost=4.846698 | iter_best=4.846698
2026-02-23 22:40:57 | INFO | underwater_sensor_ga.pso | PSO iter 7/1250 | best_global_cost=4.846698 | iter_best=5.017736
2026-02-23 22:40:59 | INFO | underwater_sensor_ga.pso | PSO iter 8/1250 | best_global_cost=4.846698 | iter_best=5.308339
2026-02-23 22:41:01 | INFO | underwater_sensor_ga.pso | PSO iter 9/1250 | best_global_cost=4.846698 | iter_best=5.456538
2026-02-23 22:41:04 | INFO | underwater_sensor_ga.pso | PSO iter 10/1250 | best_global_cost=4.846698 | iter_best=5.624178
2026-02-23 22:41:06 | INFO | underwater_sensor_ga.pso | PSO iter 11/1250 | best_global_cost=4.846698 | iter_best=5.385233
2026-02-23 22:41:08 | INFO | underwater_sensor_ga.pso | PSO iter 12/1250 | best_global_cost=4.846698 | iter_best=5.602220
2026-02-23 22:41:10 | INFO | underwater_sensor_ga.pso | PSO iter 13/1250 | best_global_cost=4.846698 | iter_best=5.230839
2026-02-23 22:41:12 | INFO | underwater_sensor_ga.pso | PSO iter 14/1250 | best_global_cost=4.846698 | iter_best=5.259411
2026-02-23 22:41:13 | INFO | underwater_sensor_ga.pso | PSO iter 15/1250 | best_global_cost=4.846698 | iter_best=4.870701
2026-02-23 22:41:16 | INFO | underwater_sensor_ga.pso | PSO iter 16/1250 | best_global_cost=4.846698 | iter_best=5.248035
2026-02-23 22:41:18 | INFO | underwater_sensor_ga.pso | PSO iter 17/1250 | best_global_cost=4.846698 | iter_best=5.005080
2026-02-23 22:41:20 | INFO | underwater_sensor_ga.pso | PSO iter 18/1250 | best_global_cost=4.846698 | iter_best=4.952598
2026-02-23 22:41:22 | INFO | underwater_sensor_ga.pso | PSO iter 19/1250 | best_global_cost=4.846698 | iter_best=4.918876
2026-02-23 22:41:24 | INFO | underwater_sensor_ga.pso | PSO iter 20/1250 | best_global_cost=4.846698 | iter_best=4.856368
2026-02-23 22:41:26 | INFO | underwater_sensor_ga.pso | PSO iter 21/1250 | best_global_cost=4.434385 | iter_best=4.434385
2026-02-23 22:41:28 | INFO | underwater_sensor_ga.pso | PSO iter 22/1250 | best_global_cost=4.434385 | iter_best=5.018198
2026-02-23 22:41:30 | INFO | underwater_sensor_ga.pso | PSO iter 23/1250 | best_global_cost=4.434385 | iter_best=4.749529
2026-02-23 22:41:32 | INFO | underwater_sensor_ga.pso | PSO iter 24/1250 | best_global_cost=4.434385 | iter_best=4.876173
2026-02-23 22:41:34 | INFO | underwater_sensor_ga.pso | PSO iter 25/1250 | best_global_cost=4.434385 | iter_best=4.616668
2026-02-23 22:41:36 | INFO | underwater_sensor_ga.pso | PSO iter 26/1250 | best_global_cost=4.434385 | iter_best=4.818901
2026-02-23 22:41:38 | INFO | underwater_sensor_ga.pso | PSO iter 27/1250 | best_global_cost=4.434385 | iter_best=4.574145
2026-02-23 22:41:40 | INFO | underwater_sensor_ga.pso | PSO iter 28/1250 | best_global_cost=4.434385 | iter_best=4.786437
2026-02-23 22:41:42 | INFO | underwater_sensor_ga.pso | PSO iter 29/1250 | best_global_cost=4.434385 | iter_best=4.787583
2026-02-23 22:41:44 | INFO | underwater_sensor_ga.pso | PSO iter 30/1250 | best_global_cost=4.434385 | iter_best=4.867580
2026-02-23 22:41:46 | INFO | underwater_sensor_ga.pso | PSO iter 31/1250 | best_global_cost=4.434385 | iter_best=4.488799
2026-02-23 22:41:48 | INFO | underwater_sensor_ga.pso | PSO iter 32/1250 | best_global_cost=4.434385 | iter_best=4.957082
2026-02-23 22:41:49 | INFO | underwater_sensor_ga.pso | PSO iter 33/1250 | best_global_cost=4.434385 | iter_best=4.756592
2026-02-23 22:41:51 | INFO | underwater_sensor_ga.pso | PSO iter 34/1250 | best_global_cost=4.434385 | iter_best=4.773047
2026-02-23 22:41:53 | INFO | underwater_sensor_ga.pso | PSO iter 35/1250 | best_global_cost=4.434385 | iter_best=4.825213
2026-02-23 22:41:55 | INFO | underwater_sensor_ga.pso | PSO iter 36/1250 | best_global_cost=4.434385 | iter_best=5.130833
2026-02-23 22:41:57 | INFO | underwater_sensor_ga.pso | PSO iter 37/1250 | best_global_cost=4.434385 | iter_best=4.929948
2026-02-23 22:42:00 | INFO | underwater_sensor_ga.pso | PSO iter 38/1250 | best_global_cost=4.434385 | iter_best=4.771789
2026-02-23 22:42:02 | INFO | underwater_sensor_ga.pso | PSO iter 39/1250 | best_global_cost=4.434385 | iter_best=4.812878
2026-02-23 22:42:04 | INFO | underwater_sensor_ga.pso | PSO iter 40/1250 | best_global_cost=4.434385 | iter_best=4.567077
2026-02-23 22:42:06 | INFO | underwater_sensor_ga.pso | PSO iter 41/1250 | best_global_cost=4.434385 | iter_best=4.773108
2026-02-23 22:42:08 | INFO | underwater_sensor_ga.pso | PSO iter 42/1250 | best_global_cost=4.434385 | iter_best=4.894050
2026-02-23 22:42:09 | INFO | underwater_sensor_ga.pso | PSO iter 43/1250 | best_global_cost=4.434385 | iter_best=4.917424
2026-02-23 22:42:11 | INFO | underwater_sensor_ga.pso | PSO iter 44/1250 | best_global_cost=4.434385 | iter_best=4.895674
2026-02-23 22:42:13 | INFO | underwater_sensor_ga.pso | PSO iter 45/1250 | best_global_cost=4.434385 | iter_best=4.774049
2026-02-23 22:42:15 | INFO | underwater_sensor_ga.pso | PSO iter 46/1250 | best_global_cost=4.434385 | iter_best=4.907961
2026-02-23 22:42:17 | INFO | underwater_sensor_ga.pso | PSO iter 47/1250 | best_global_cost=4.434385 | iter_best=5.002116
2026-02-23 22:42:19 | INFO | underwater_sensor_ga.pso | PSO iter 48/1250 | best_global_cost=4.434385 | iter_best=4.732649
2026-02-23 22:42:21 | INFO | underwater_sensor_ga.pso | PSO iter 49/1250 | best_global_cost=4.434385 | iter_best=4.628051
2026-02-23 22:42:23 | INFO | underwater_sensor_ga.pso | PSO iter 50/1250 | best_global_cost=4.434385 | iter_best=4.802159
2026-02-23 22:42:24 | INFO | underwater_sensor_ga.pso | PSO iter 51/1250 | best_global_cost=4.434385 | iter_best=4.747905
2026-02-23 22:42:26 | INFO | underwater_sensor_ga.pso | PSO iter 52/1250 | best_global_cost=4.434385 | iter_best=4.638260
2026-02-23 22:42:28 | INFO | underwater_sensor_ga.pso | PSO iter 53/1250 | best_global_cost=4.345485 | iter_best=4.345485
2026-02-23 22:42:30 | INFO | underwater_sensor_ga.pso | PSO iter 54/1250 | best_global_cost=4.345485 | iter_best=4.896810
2026-02-23 22:42:32 | INFO | underwater_sensor_ga.pso | PSO iter 55/1250 | best_global_cost=4.345485 | iter_best=4.581179
2026-02-23 22:42:34 | INFO | underwater_sensor_ga.pso | PSO iter 56/1250 | best_global_cost=4.345485 | iter_best=5.142333
2026-02-23 22:42:36 | INFO | underwater_sensor_ga.pso | PSO iter 57/1250 | best_global_cost=4.345485 | iter_best=4.422461
2026-02-23 22:42:38 | INFO | underwater_sensor_ga.pso | PSO iter 58/1250 | best_global_cost=4.345485 | iter_best=4.860772
2026-02-23 22:42:40 | INFO | underwater_sensor_ga.pso | PSO iter 59/1250 | best_global_cost=4.345485 | iter_best=4.742212
2026-02-23 22:42:41 | INFO | underwater_sensor_ga.pso | PSO iter 60/1250 | best_global_cost=4.345485 | iter_best=4.730164
2026-02-23 22:42:43 | INFO | underwater_sensor_ga.pso | PSO iter 61/1250 | best_global_cost=4.345485 | iter_best=4.542329
2026-02-23 22:42:45 | INFO | underwater_sensor_ga.pso | PSO iter 62/1250 | best_global_cost=4.345485 | iter_best=4.718885
2026-02-23 22:42:47 | INFO | underwater_sensor_ga.pso | PSO iter 63/1250 | best_global_cost=4.345485 | iter_best=4.981980
2026-02-23 22:42:49 | INFO | underwater_sensor_ga.pso | PSO iter 64/1250 | best_global_cost=4.345485 | iter_best=4.554797
2026-02-23 22:42:51 | INFO | underwater_sensor_ga.pso | PSO iter 65/1250 | best_global_cost=4.345485 | iter_best=4.638774
2026-02-23 22:42:53 | INFO | underwater_sensor_ga.pso | PSO iter 66/1250 | best_global_cost=4.345485 | iter_best=4.772724
2026-02-23 22:42:54 | INFO | underwater_sensor_ga.pso | PSO iter 67/1250 | best_global_cost=4.345485 | iter_best=4.871386
2026-02-23 22:42:56 | INFO | underwater_sensor_ga.pso | PSO iter 68/1250 | best_global_cost=4.345485 | iter_best=5.012747
2026-02-23 22:42:58 | INFO | underwater_sensor_ga.pso | PSO iter 69/1250 | best_global_cost=4.345485 | iter_best=4.949397
2026-02-23 22:43:00 | INFO | underwater_sensor_ga.pso | PSO iter 70/1250 | best_global_cost=4.345485 | iter_best=4.362770
2026-02-23 22:43:02 | INFO | underwater_sensor_ga.pso | PSO iter 71/1250 | best_global_cost=4.345485 | iter_best=4.679218
2026-02-23 22:43:04 | INFO | underwater_sensor_ga.pso | PSO iter 72/1250 | best_global_cost=4.345485 | iter_best=4.902953
2026-02-23 22:43:06 | INFO | underwater_sensor_ga.pso | PSO iter 73/1250 | best_global_cost=4.345485 | iter_best=4.732231
2026-02-23 22:43:08 | INFO | underwater_sensor_ga.pso | PSO iter 74/1250 | best_global_cost=4.345485 | iter_best=4.589654
2026-02-23 22:43:10 | INFO | underwater_sensor_ga.pso | PSO iter 75/1250 | best_global_cost=4.345485 | iter_best=4.700299
2026-02-23 22:43:12 | INFO | underwater_sensor_ga.pso | PSO iter 76/1250 | best_global_cost=4.345485 | iter_best=4.733476
2026-02-23 22:43:14 | INFO | underwater_sensor_ga.pso | PSO iter 77/1250 | best_global_cost=4.345485 | iter_best=4.527466
2026-02-23 22:43:15 | INFO | underwater_sensor_ga.pso | PSO iter 78/1250 | best_global_cost=4.345485 | iter_best=4.510155
2026-02-23 22:43:17 | INFO | underwater_sensor_ga.pso | PSO iter 79/1250 | best_global_cost=4.345485 | iter_best=4.542590
2026-02-23 22:43:19 | INFO | underwater_sensor_ga.pso | PSO iter 80/1250 | best_global_cost=4.345485 | iter_best=4.772136
2026-02-23 22:43:21 | INFO | underwater_sensor_ga.pso | PSO iter 81/1250 | best_global_cost=4.345485 | iter_best=4.828349
2026-02-23 22:43:23 | INFO | underwater_sensor_ga.pso | PSO iter 82/1250 | best_global_cost=4.345485 | iter_best=4.738550
2026-02-23 22:43:25 | INFO | underwater_sensor_ga.pso | PSO iter 83/1250 | best_global_cost=4.345485 | iter_best=4.566257
2026-02-23 22:43:27 | INFO | underwater_sensor_ga.pso | PSO iter 84/1250 | best_global_cost=4.345485 | iter_best=4.633493
2026-02-23 22:43:29 | INFO | underwater_sensor_ga.pso | PSO iter 85/1250 | best_global_cost=4.345485 | iter_best=4.704134
2026-02-23 22:43:31 | INFO | underwater_sensor_ga.pso | PSO iter 86/1250 | best_global_cost=4.345485 | iter_best=4.815054
2026-02-23 22:43:33 | INFO | underwater_sensor_ga.pso | PSO iter 87/1250 | best_global_cost=4.345485 | iter_best=4.767347
2026-02-23 22:43:35 | INFO | underwater_sensor_ga.pso | PSO iter 88/1250 | best_global_cost=4.345485 | iter_best=4.696345
2026-02-23 22:43:37 | INFO | underwater_sensor_ga.pso | PSO iter 89/1250 | best_global_cost=4.345485 | iter_best=4.647848
2026-02-23 22:43:39 | INFO | underwater_sensor_ga.pso | PSO iter 90/1250 | best_global_cost=4.345485 | iter_best=4.946250
2026-02-23 22:43:41 | INFO | underwater_sensor_ga.pso | PSO iter 91/1250 | best_global_cost=4.345485 | iter_best=4.599288
2026-02-23 22:43:43 | INFO | underwater_sensor_ga.pso | PSO iter 92/1250 | best_global_cost=4.345485 | iter_best=4.739050
2026-02-23 22:43:45 | INFO | underwater_sensor_ga.pso | PSO iter 93/1250 | best_global_cost=4.345485 | iter_best=4.643007
2026-02-23 22:43:47 | INFO | underwater_sensor_ga.pso | PSO iter 94/1250 | best_global_cost=4.345485 | iter_best=4.847936
2026-02-23 22:43:49 | INFO | underwater_sensor_ga.pso | PSO iter 95/1250 | best_global_cost=4.345485 | iter_best=4.563395
2026-02-23 22:43:50 | INFO | underwater_sensor_ga.pso | PSO iter 96/1250 | best_global_cost=4.345485 | iter_best=4.807737
2026-02-23 22:43:52 | INFO | underwater_sensor_ga.pso | PSO iter 97/1250 | best_global_cost=4.345485 | iter_best=4.716634
2026-02-23 22:43:54 | INFO | underwater_sensor_ga.pso | PSO iter 98/1250 | best_global_cost=4.345485 | iter_best=5.205176
2026-02-23 22:43:56 | INFO | underwater_sensor_ga.pso | PSO iter 99/1250 | best_global_cost=4.345485 | iter_best=4.577050
2026-02-23 22:43:58 | INFO | underwater_sensor_ga.pso | PSO iter 100/1250 | best_global_cost=4.345485 | iter_best=4.810165
2026-02-23 22:44:00 | INFO | underwater_sensor_ga.pso | PSO iter 101/1250 | best_global_cost=4.345485 | iter_best=4.813811
2026-02-23 22:44:02 | INFO | underwater_sensor_ga.pso | PSO iter 102/1250 | best_global_cost=4.345485 | iter_best=4.872902
2026-02-23 22:44:04 | INFO | underwater_sensor_ga.pso | PSO iter 103/1250 | best_global_cost=4.345485 | iter_best=4.813799
2026-02-23 22:44:06 | INFO | underwater_sensor_ga.pso | PSO iter 104/1250 | best_global_cost=4.345485 | iter_best=4.847915
2026-02-23 22:44:08 | INFO | underwater_sensor_ga.pso | PSO iter 105/1250 | best_global_cost=4.322159 | iter_best=4.322159
2026-02-23 22:44:10 | INFO | underwater_sensor_ga.pso | PSO iter 106/1250 | best_global_cost=4.322159 | iter_best=4.597880
2026-02-23 22:44:12 | INFO | underwater_sensor_ga.pso | PSO iter 107/1250 | best_global_cost=4.322159 | iter_best=4.525459
2026-02-23 22:44:14 | INFO | underwater_sensor_ga.pso | PSO iter 108/1250 | best_global_cost=4.322159 | iter_best=4.818552
2026-02-23 22:44:16 | INFO | underwater_sensor_ga.pso | PSO iter 109/1250 | best_global_cost=4.322159 | iter_best=4.776108
2026-02-23 22:44:18 | INFO | underwater_sensor_ga.pso | PSO iter 110/1250 | best_global_cost=4.322159 | iter_best=4.727331
2026-02-23 22:44:20 | INFO | underwater_sensor_ga.pso | PSO iter 111/1250 | best_global_cost=4.322159 | iter_best=4.508083
2026-02-23 22:44:21 | INFO | underwater_sensor_ga.pso | PSO iter 112/1250 | best_global_cost=4.322159 | iter_best=4.696228
2026-02-23 22:44:23 | INFO | underwater_sensor_ga.pso | PSO iter 113/1250 | best_global_cost=4.166869 | iter_best=4.166869
2026-02-23 22:44:25 | INFO | underwater_sensor_ga.pso | PSO iter 114/1250 | best_global_cost=4.166869 | iter_best=4.669363
2026-02-23 22:44:27 | INFO | underwater_sensor_ga.pso | PSO iter 115/1250 | best_global_cost=4.166869 | iter_best=4.799872
2026-02-23 22:44:29 | INFO | underwater_sensor_ga.pso | PSO iter 116/1250 | best_global_cost=4.166869 | iter_best=4.633793
2026-02-23 22:44:31 | INFO | underwater_sensor_ga.pso | PSO iter 117/1250 | best_global_cost=4.166869 | iter_best=4.818179
2026-02-23 22:44:33 | INFO | underwater_sensor_ga.pso | PSO iter 118/1250 | best_global_cost=4.166869 | iter_best=4.535720
2026-02-23 22:44:35 | INFO | underwater_sensor_ga.pso | PSO iter 119/1250 | best_global_cost=4.166869 | iter_best=4.972634
2026-02-23 22:44:37 | INFO | underwater_sensor_ga.pso | PSO iter 120/1250 | best_global_cost=4.166869 | iter_best=4.928174
2026-02-23 22:44:39 | INFO | underwater_sensor_ga.pso | PSO iter 121/1250 | best_global_cost=4.166869 | iter_best=4.808067
2026-02-23 22:44:41 | INFO | underwater_sensor_ga.pso | PSO iter 122/1250 | best_global_cost=4.166869 | iter_best=4.411037
2026-02-23 22:44:43 | INFO | underwater_sensor_ga.pso | PSO iter 123/1250 | best_global_cost=4.166869 | iter_best=4.578960
2026-02-23 22:44:45 | INFO | underwater_sensor_ga.pso | PSO iter 124/1250 | best_global_cost=4.166869 | iter_best=4.804061
2026-02-23 22:44:47 | INFO | underwater_sensor_ga.pso | PSO iter 125/1250 | best_global_cost=4.166869 | iter_best=4.658132
2026-02-23 22:44:49 | INFO | underwater_sensor_ga.pso | PSO iter 126/1250 | best_global_cost=4.166869 | iter_best=4.913941
2026-02-23 22:44:50 | INFO | underwater_sensor_ga.pso | PSO iter 127/1250 | best_global_cost=4.166869 | iter_best=4.385829
2026-02-23 22:44:52 | INFO | underwater_sensor_ga.pso | PSO iter 128/1250 | best_global_cost=4.166869 | iter_best=4.879384
2026-02-23 22:44:54 | INFO | underwater_sensor_ga.pso | PSO iter 129/1250 | best_global_cost=4.166869 | iter_best=4.466367
2026-02-23 22:44:56 | INFO | underwater_sensor_ga.pso | PSO iter 130/1250 | best_global_cost=4.166869 | iter_best=4.679253
2026-02-23 22:44:58 | INFO | underwater_sensor_ga.pso | PSO iter 131/1250 | best_global_cost=4.166869 | iter_best=4.556724
2026-02-23 22:45:00 | INFO | underwater_sensor_ga.pso | PSO iter 132/1250 | best_global_cost=4.166869 | iter_best=4.726355
2026-02-23 22:45:02 | INFO | underwater_sensor_ga.pso | PSO iter 133/1250 | best_global_cost=4.166869 | iter_best=4.606636
2026-02-23 22:45:04 | INFO | underwater_sensor_ga.pso | PSO iter 134/1250 | best_global_cost=4.166869 | iter_best=4.757027
2026-02-23 22:45:06 | INFO | underwater_sensor_ga.pso | PSO iter 135/1250 | best_global_cost=4.166869 | iter_best=4.734440
2026-02-23 22:45:07 | INFO | underwater_sensor_ga.pso | PSO iter 136/1250 | best_global_cost=4.166869 | iter_best=4.727296
2026-02-23 22:45:09 | INFO | underwater_sensor_ga.pso | PSO iter 137/1250 | best_global_cost=4.166869 | iter_best=4.418728
2026-02-23 22:45:11 | INFO | underwater_sensor_ga.pso | PSO iter 138/1250 | best_global_cost=4.166869 | iter_best=4.703607
2026-02-23 22:45:13 | INFO | underwater_sensor_ga.pso | PSO iter 139/1250 | best_global_cost=4.166869 | iter_best=4.785564
2026-02-23 22:45:15 | INFO | underwater_sensor_ga.pso | PSO iter 140/1250 | best_global_cost=4.166869 | iter_best=4.850825
2026-02-23 22:45:17 | INFO | underwater_sensor_ga.pso | PSO iter 141/1250 | best_global_cost=4.166869 | iter_best=4.739746
2026-02-23 22:45:19 | INFO | underwater_sensor_ga.pso | PSO iter 142/1250 | best_global_cost=4.166869 | iter_best=4.843710
2026-02-23 22:45:20 | INFO | underwater_sensor_ga.pso | PSO iter 143/1250 | best_global_cost=4.166869 | iter_best=4.564607
2026-02-23 22:45:22 | INFO | underwater_sensor_ga.pso | PSO iter 144/1250 | best_global_cost=4.166869 | iter_best=4.603283
2026-02-23 22:45:24 | INFO | underwater_sensor_ga.pso | PSO iter 145/1250 | best_global_cost=4.166869 | iter_best=4.828611
2026-02-23 22:45:26 | INFO | underwater_sensor_ga.pso | PSO iter 146/1250 | best_global_cost=4.166869 | iter_best=4.592617
2026-02-23 22:45:28 | INFO | underwater_sensor_ga.pso | PSO iter 147/1250 | best_global_cost=4.166869 | iter_best=4.557666
2026-02-23 22:45:30 | INFO | underwater_sensor_ga.pso | PSO iter 148/1250 | best_global_cost=4.166869 | iter_best=4.529574
2026-02-23 22:45:32 | INFO | underwater_sensor_ga.pso | PSO iter 149/1250 | best_global_cost=4.166869 | iter_best=4.697848
2026-02-23 22:45:34 | INFO | underwater_sensor_ga.pso | PSO iter 150/1250 | best_global_cost=4.166869 | iter_best=4.853957
2026-02-23 22:45:35 | INFO | underwater_sensor_ga.pso | PSO iter 151/1250 | best_global_cost=4.166869 | iter_best=4.862896
2026-02-23 22:45:37 | INFO | underwater_sensor_ga.pso | PSO iter 152/1250 | best_global_cost=4.166869 | iter_best=4.710415
2026-02-23 22:45:39 | INFO | underwater_sensor_ga.pso | PSO iter 153/1250 | best_global_cost=4.166869 | iter_best=4.617189
2026-02-23 22:45:41 | INFO | underwater_sensor_ga.pso | PSO iter 154/1250 | best_global_cost=4.166869 | iter_best=4.725704
2026-02-23 22:45:43 | INFO | underwater_sensor_ga.pso | PSO iter 155/1250 | best_global_cost=4.166869 | iter_best=4.539711
2026-02-23 22:45:45 | INFO | underwater_sensor_ga.pso | PSO iter 156/1250 | best_global_cost=4.166869 | iter_best=4.677020
2026-02-23 22:45:47 | INFO | underwater_sensor_ga.pso | PSO iter 157/1250 | best_global_cost=4.166869 | iter_best=4.831523
2026-02-23 22:45:48 | INFO | underwater_sensor_ga.pso | PSO iter 158/1250 | best_global_cost=4.166869 | iter_best=4.737526
2026-02-23 22:45:50 | INFO | underwater_sensor_ga.pso | PSO iter 159/1250 | best_global_cost=4.166869 | iter_best=4.730978
2026-02-23 22:45:52 | INFO | underwater_sensor_ga.pso | PSO iter 160/1250 | best_global_cost=4.166869 | iter_best=4.267976
2026-02-23 22:45:54 | INFO | underwater_sensor_ga.pso | PSO iter 161/1250 | best_global_cost=4.166869 | iter_best=4.823666
2026-02-23 22:45:56 | INFO | underwater_sensor_ga.pso | PSO iter 162/1250 | best_global_cost=4.166869 | iter_best=4.690064
2026-02-23 22:45:58 | INFO | underwater_sensor_ga.pso | PSO iter 163/1250 | best_global_cost=4.166869 | iter_best=4.584471
2026-02-23 22:46:00 | INFO | underwater_sensor_ga.pso | PSO iter 164/1250 | best_global_cost=4.166869 | iter_best=4.712438
2026-02-23 22:46:01 | INFO | underwater_sensor_ga.pso | PSO iter 165/1250 | best_global_cost=4.166869 | iter_best=4.561874
2026-02-23 22:46:03 | INFO | underwater_sensor_ga.pso | PSO iter 166/1250 | best_global_cost=4.166869 | iter_best=4.814381
2026-02-23 22:46:05 | INFO | underwater_sensor_ga.pso | PSO iter 167/1250 | best_global_cost=4.166869 | iter_best=4.721010
2026-02-23 22:46:07 | INFO | underwater_sensor_ga.pso | PSO iter 168/1250 | best_global_cost=4.166869 | iter_best=4.821123
2026-02-23 22:46:09 | INFO | underwater_sensor_ga.pso | PSO iter 169/1250 | best_global_cost=4.166869 | iter_best=4.986699
2026-02-23 22:46:11 | INFO | underwater_sensor_ga.pso | PSO iter 170/1250 | best_global_cost=4.166869 | iter_best=4.649771
2026-02-23 22:46:13 | INFO | underwater_sensor_ga.pso | PSO iter 171/1250 | best_global_cost=4.166869 | iter_best=4.624708
2026-02-23 22:46:15 | INFO | underwater_sensor_ga.pso | PSO iter 172/1250 | best_global_cost=4.166869 | iter_best=4.613743
2026-02-23 22:46:17 | INFO | underwater_sensor_ga.pso | PSO iter 173/1250 | best_global_cost=4.166869 | iter_best=4.511896
2026-02-23 22:46:18 | INFO | underwater_sensor_ga.pso | PSO iter 174/1250 | best_global_cost=4.166869 | iter_best=4.554253
2026-02-23 22:46:20 | INFO | underwater_sensor_ga.pso | PSO iter 175/1250 | best_global_cost=4.166869 | iter_best=4.766453
2026-02-23 22:46:22 | INFO | underwater_sensor_ga.pso | PSO iter 176/1250 | best_global_cost=4.166869 | iter_best=4.725873
2026-02-23 22:46:24 | INFO | underwater_sensor_ga.pso | PSO iter 177/1250 | best_global_cost=4.166869 | iter_best=4.732266
2026-02-23 22:46:26 | INFO | underwater_sensor_ga.pso | PSO iter 178/1250 | best_global_cost=4.166869 | iter_best=4.750931
2026-02-23 22:46:28 | INFO | underwater_sensor_ga.pso | PSO iter 179/1250 | best_global_cost=4.166869 | iter_best=4.879401
2026-02-23 22:46:30 | INFO | underwater_sensor_ga.pso | PSO iter 180/1250 | best_global_cost=4.166869 | iter_best=4.786398
2026-02-23 22:46:31 | INFO | underwater_sensor_ga.pso | PSO iter 181/1250 | best_global_cost=4.166869 | iter_best=4.889598
2026-02-23 22:46:33 | INFO | underwater_sensor_ga.pso | PSO iter 182/1250 | best_global_cost=4.166869 | iter_best=4.670436
2026-02-23 22:46:35 | INFO | underwater_sensor_ga.pso | PSO iter 183/1250 | best_global_cost=4.166869 | iter_best=4.940474
2026-02-23 22:46:37 | INFO | underwater_sensor_ga.pso | PSO iter 184/1250 | best_global_cost=4.166869 | iter_best=4.747732
2026-02-23 22:46:39 | INFO | underwater_sensor_ga.pso | PSO iter 185/1250 | best_global_cost=4.166869 | iter_best=4.609647
2026-02-23 22:46:41 | INFO | underwater_sensor_ga.pso | PSO iter 186/1250 | best_global_cost=4.166869 | iter_best=4.541257
2026-02-23 22:46:43 | INFO | underwater_sensor_ga.pso | PSO iter 187/1250 | best_global_cost=4.166869 | iter_best=4.708383
2026-02-23 22:46:45 | INFO | underwater_sensor_ga.pso | PSO iter 188/1250 | best_global_cost=4.166869 | iter_best=4.650570
2026-02-23 22:46:46 | INFO | underwater_sensor_ga.pso | PSO iter 189/1250 | best_global_cost=4.166869 | iter_best=4.552161
2026-02-23 22:46:48 | INFO | underwater_sensor_ga.pso | PSO iter 190/1250 | best_global_cost=4.166869 | iter_best=4.603736
2026-02-23 22:46:50 | INFO | underwater_sensor_ga.pso | PSO iter 191/1250 | best_global_cost=4.166869 | iter_best=4.484331
2026-02-23 22:46:52 | INFO | underwater_sensor_ga.pso | PSO iter 192/1250 | best_global_cost=4.166869 | iter_best=4.340166
2026-02-23 22:46:54 | INFO | underwater_sensor_ga.pso | PSO iter 193/1250 | best_global_cost=4.166869 | iter_best=4.589621
2026-02-23 22:46:55 | INFO | underwater_sensor_ga.pso | PSO iter 194/1250 | best_global_cost=4.166869 | iter_best=4.757906
2026-02-23 22:46:57 | INFO | underwater_sensor_ga.pso | PSO iter 195/1250 | best_global_cost=4.166869 | iter_best=4.557071
2026-02-23 22:46:59 | INFO | underwater_sensor_ga.pso | PSO iter 196/1250 | best_global_cost=4.166869 | iter_best=4.911351
2026-02-23 22:47:01 | INFO | underwater_sensor_ga.pso | PSO iter 197/1250 | best_global_cost=4.166869 | iter_best=4.555747
2026-02-23 22:47:03 | INFO | underwater_sensor_ga.pso | PSO iter 198/1250 | best_global_cost=4.166869 | iter_best=4.827382
2026-02-23 22:47:05 | INFO | underwater_sensor_ga.pso | PSO iter 199/1250 | best_global_cost=4.166869 | iter_best=4.309158
2026-02-23 22:47:07 | INFO | underwater_sensor_ga.pso | PSO iter 200/1250 | best_global_cost=4.166869 | iter_best=4.867566
2026-02-23 22:47:08 | INFO | underwater_sensor_ga.pso | PSO iter 201/1250 | best_global_cost=4.166869 | iter_best=4.766097
2026-02-23 22:47:10 | INFO | underwater_sensor_ga.pso | PSO iter 202/1250 | best_global_cost=4.166869 | iter_best=4.537416
2026-02-23 22:47:12 | INFO | underwater_sensor_ga.pso | PSO iter 203/1250 | best_global_cost=4.166869 | iter_best=4.904551
2026-02-23 22:47:14 | INFO | underwater_sensor_ga.pso | PSO iter 204/1250 | best_global_cost=4.166869 | iter_best=4.757205
2026-02-23 22:47:16 | INFO | underwater_sensor_ga.pso | PSO iter 205/1250 | best_global_cost=4.166869 | iter_best=4.805744
2026-02-23 22:47:18 | INFO | underwater_sensor_ga.pso | PSO iter 206/1250 | best_global_cost=4.166869 | iter_best=4.623995
2026-02-23 22:47:19 | INFO | underwater_sensor_ga.pso | PSO iter 207/1250 | best_global_cost=4.166869 | iter_best=4.774027
2026-02-23 22:47:21 | INFO | underwater_sensor_ga.pso | PSO iter 208/1250 | best_global_cost=4.166869 | iter_best=4.699792
2026-02-23 22:47:23 | INFO | underwater_sensor_ga.pso | PSO iter 209/1250 | best_global_cost=4.166869 | iter_best=4.818339
2026-02-23 22:47:25 | INFO | underwater_sensor_ga.pso | PSO iter 210/1250 | best_global_cost=4.166869 | iter_best=4.682535
2026-02-23 22:47:27 | INFO | underwater_sensor_ga.pso | PSO iter 211/1250 | best_global_cost=4.166869 | iter_best=4.916503
2026-02-23 22:47:28 | INFO | underwater_sensor_ga.pso | PSO iter 212/1250 | best_global_cost=4.166869 | iter_best=4.499747
2026-02-23 22:47:30 | INFO | underwater_sensor_ga.pso | PSO iter 213/1250 | best_global_cost=4.166869 | iter_best=4.928142
2026-02-23 22:47:32 | INFO | underwater_sensor_ga.pso | PSO iter 214/1250 | best_global_cost=4.166869 | iter_best=4.879080
2026-02-23 22:47:34 | INFO | underwater_sensor_ga.pso | PSO iter 215/1250 | best_global_cost=4.166869 | iter_best=4.696228
2026-02-23 22:47:36 | INFO | underwater_sensor_ga.pso | PSO iter 216/1250 | best_global_cost=4.166869 | iter_best=4.835172
2026-02-23 22:47:38 | INFO | underwater_sensor_ga.pso | PSO iter 217/1250 | best_global_cost=4.166869 | iter_best=4.640787
2026-02-23 22:47:39 | INFO | underwater_sensor_ga.pso | PSO iter 218/1250 | best_global_cost=4.166869 | iter_best=4.916069
2026-02-23 22:47:41 | INFO | underwater_sensor_ga.pso | PSO iter 219/1250 | best_global_cost=4.166869 | iter_best=4.803063
2026-02-23 22:47:43 | INFO | underwater_sensor_ga.pso | PSO iter 220/1250 | best_global_cost=4.166869 | iter_best=4.531805
2026-02-23 22:47:45 | INFO | underwater_sensor_ga.pso | PSO iter 221/1250 | best_global_cost=4.166869 | iter_best=4.528837
2026-02-23 22:47:47 | INFO | underwater_sensor_ga.pso | PSO iter 222/1250 | best_global_cost=4.166869 | iter_best=4.511759
2026-02-23 22:47:48 | INFO | underwater_sensor_ga.pso | PSO iter 223/1250 | best_global_cost=4.166869 | iter_best=4.397718
2026-02-23 22:47:50 | INFO | underwater_sensor_ga.pso | PSO iter 224/1250 | best_global_cost=4.166869 | iter_best=4.739548
2026-02-23 22:47:52 | INFO | underwater_sensor_ga.pso | PSO iter 225/1250 | best_global_cost=4.166869 | iter_best=4.658157
2026-02-23 22:47:54 | INFO | underwater_sensor_ga.pso | PSO iter 226/1250 | best_global_cost=4.166869 | iter_best=4.688998
2026-02-23 22:47:55 | INFO | underwater_sensor_ga.pso | PSO iter 227/1250 | best_global_cost=4.166869 | iter_best=4.835097
2026-02-23 22:47:57 | INFO | underwater_sensor_ga.pso | PSO iter 228/1250 | best_global_cost=4.166869 | iter_best=4.490990
2026-02-23 22:47:59 | INFO | underwater_sensor_ga.pso | PSO iter 229/1250 | best_global_cost=4.166869 | iter_best=4.648157
2026-02-23 22:48:01 | INFO | underwater_sensor_ga.pso | PSO iter 230/1250 | best_global_cost=4.166869 | iter_best=4.826870
2026-02-23 22:48:03 | INFO | underwater_sensor_ga.pso | PSO iter 231/1250 | best_global_cost=4.166869 | iter_best=4.831981
2026-02-23 22:48:04 | INFO | underwater_sensor_ga.pso | PSO iter 232/1250 | best_global_cost=4.166869 | iter_best=4.854756
2026-02-23 22:48:06 | INFO | underwater_sensor_ga.pso | PSO iter 233/1250 | best_global_cost=4.166869 | iter_best=4.774872
2026-02-23 22:48:08 | INFO | underwater_sensor_ga.pso | PSO iter 234/1250 | best_global_cost=4.166869 | iter_best=4.643231
2026-02-23 22:48:10 | INFO | underwater_sensor_ga.pso | PSO iter 235/1250 | best_global_cost=4.166869 | iter_best=4.474866
2026-02-23 22:48:12 | INFO | underwater_sensor_ga.pso | PSO iter 236/1250 | best_global_cost=4.166869 | iter_best=4.863468
2026-02-23 22:48:13 | INFO | underwater_sensor_ga.pso | PSO iter 237/1250 | best_global_cost=4.166869 | iter_best=4.694423
2026-02-23 22:48:15 | INFO | underwater_sensor_ga.pso | PSO iter 238/1250 | best_global_cost=4.166869 | iter_best=4.650570
2026-02-23 22:48:17 | INFO | underwater_sensor_ga.pso | PSO iter 239/1250 | best_global_cost=4.166869 | iter_best=4.766113
2026-02-23 22:48:19 | INFO | underwater_sensor_ga.pso | PSO iter 240/1250 | best_global_cost=4.166869 | iter_best=5.010928
2026-02-23 22:48:20 | INFO | underwater_sensor_ga.pso | PSO iter 241/1250 | best_global_cost=4.166869 | iter_best=4.244689
2026-02-23 22:48:22 | INFO | underwater_sensor_ga.pso | PSO iter 242/1250 | best_global_cost=4.166869 | iter_best=4.744318
2026-02-23 22:48:24 | INFO | underwater_sensor_ga.pso | PSO iter 243/1250 | best_global_cost=4.166869 | iter_best=4.353940
2026-02-23 22:48:25 | INFO | underwater_sensor_ga.pso | PSO iter 244/1250 | best_global_cost=4.166869 | iter_best=4.911138
2026-02-23 22:48:27 | INFO | underwater_sensor_ga.pso | PSO iter 245/1250 | best_global_cost=4.166869 | iter_best=4.452384
2026-02-23 22:48:29 | INFO | underwater_sensor_ga.pso | PSO iter 246/1250 | best_global_cost=4.166869 | iter_best=4.651409
2026-02-23 22:48:31 | INFO | underwater_sensor_ga.pso | PSO iter 247/1250 | best_global_cost=4.166869 | iter_best=4.577800
2026-02-23 22:48:33 | INFO | underwater_sensor_ga.pso | PSO iter 248/1250 | best_global_cost=4.166869 | iter_best=4.732266
2026-02-23 22:48:34 | INFO | underwater_sensor_ga.pso | PSO iter 249/1250 | best_global_cost=4.166869 | iter_best=4.474042
2026-02-23 22:48:36 | INFO | underwater_sensor_ga.pso | PSO iter 250/1250 | best_global_cost=4.166869 | iter_best=4.330141
2026-02-23 22:48:38 | INFO | underwater_sensor_ga.pso | PSO iter 251/1250 | best_global_cost=4.166869 | iter_best=4.777757
2026-02-23 22:48:40 | INFO | underwater_sensor_ga.pso | PSO iter 252/1250 | best_global_cost=4.166869 | iter_best=4.660033
2026-02-23 22:48:41 | INFO | underwater_sensor_ga.pso | PSO iter 253/1250 | best_global_cost=4.166869 | iter_best=4.682311
2026-02-23 22:48:43 | INFO | underwater_sensor_ga.pso | PSO iter 254/1250 | best_global_cost=4.166869 | iter_best=4.739951
2026-02-23 22:48:45 | INFO | underwater_sensor_ga.pso | PSO iter 255/1250 | best_global_cost=4.166869 | iter_best=4.621415
2026-02-23 22:48:47 | INFO | underwater_sensor_ga.pso | PSO iter 256/1250 | best_global_cost=4.166869 | iter_best=4.855994
2026-02-23 22:48:48 | INFO | underwater_sensor_ga.pso | PSO iter 257/1250 | best_global_cost=4.166869 | iter_best=4.760789
2026-02-23 22:48:50 | INFO | underwater_sensor_ga.pso | PSO iter 258/1250 | best_global_cost=4.166869 | iter_best=4.735995
2026-02-23 22:48:52 | INFO | underwater_sensor_ga.pso | PSO iter 259/1250 | best_global_cost=4.166869 | iter_best=4.567614
2026-02-23 22:48:53 | INFO | underwater_sensor_ga.pso | PSO iter 260/1250 | best_global_cost=4.166869 | iter_best=4.555831
2026-02-23 22:48:55 | INFO | underwater_sensor_ga.pso | PSO iter 261/1250 | best_global_cost=4.166869 | iter_best=4.809989
2026-02-23 22:48:57 | INFO | underwater_sensor_ga.pso | PSO iter 262/1250 | best_global_cost=4.166869 | iter_best=4.745067
2026-02-23 22:48:59 | INFO | underwater_sensor_ga.pso | PSO iter 263/1250 | best_global_cost=4.166869 | iter_best=4.391358
2026-02-23 22:49:00 | INFO | underwater_sensor_ga.pso | PSO iter 264/1250 | best_global_cost=4.166869 | iter_best=4.417934
2026-02-23 22:49:02 | INFO | underwater_sensor_ga.pso | PSO iter 265/1250 | best_global_cost=4.166869 | iter_best=4.996339
2026-02-23 22:49:04 | INFO | underwater_sensor_ga.pso | PSO iter 266/1250 | best_global_cost=4.166869 | iter_best=4.775213
2026-02-23 22:49:06 | INFO | underwater_sensor_ga.pso | PSO iter 267/1250 | best_global_cost=4.166869 | iter_best=4.478869
2026-02-23 22:49:08 | INFO | underwater_sensor_ga.pso | PSO iter 268/1250 | best_global_cost=4.166869 | iter_best=4.571657
2026-02-23 22:49:09 | INFO | underwater_sensor_ga.pso | PSO iter 269/1250 | best_global_cost=4.166869 | iter_best=4.388009
2026-02-23 22:49:11 | INFO | underwater_sensor_ga.pso | PSO iter 270/1250 | best_global_cost=4.166869 | iter_best=4.954650
2026-02-23 22:49:13 | INFO | underwater_sensor_ga.pso | PSO iter 271/1250 | best_global_cost=4.166869 | iter_best=4.707503
2026-02-23 22:49:14 | INFO | underwater_sensor_ga.pso | PSO iter 272/1250 | best_global_cost=4.166869 | iter_best=4.603248
2026-02-23 22:49:16 | INFO | underwater_sensor_ga.pso | PSO iter 273/1250 | best_global_cost=4.166869 | iter_best=4.541257
2026-02-23 22:49:18 | INFO | underwater_sensor_ga.pso | PSO iter 274/1250 | best_global_cost=4.166869 | iter_best=4.673934
2026-02-23 22:49:20 | INFO | underwater_sensor_ga.pso | PSO iter 275/1250 | best_global_cost=4.166869 | iter_best=4.639482
2026-02-23 22:49:21 | INFO | underwater_sensor_ga.pso | PSO iter 276/1250 | best_global_cost=4.166869 | iter_best=4.732117
2026-02-23 22:49:23 | INFO | underwater_sensor_ga.pso | PSO iter 277/1250 | best_global_cost=4.166869 | iter_best=4.791953
2026-02-23 22:49:25 | INFO | underwater_sensor_ga.pso | PSO iter 278/1250 | best_global_cost=4.166869 | iter_best=4.754450
2026-02-23 22:49:27 | INFO | underwater_sensor_ga.pso | PSO iter 279/1250 | best_global_cost=4.166869 | iter_best=4.415257
2026-02-23 22:49:29 | INFO | underwater_sensor_ga.pso | PSO iter 280/1250 | best_global_cost=4.166869 | iter_best=4.733842
2026-02-23 22:49:30 | INFO | underwater_sensor_ga.pso | PSO iter 281/1250 | best_global_cost=4.166869 | iter_best=4.800101
2026-02-23 22:49:32 | INFO | underwater_sensor_ga.pso | PSO iter 282/1250 | best_global_cost=4.166869 | iter_best=4.908214
2026-02-23 22:49:34 | INFO | underwater_sensor_ga.pso | PSO iter 283/1250 | best_global_cost=4.166869 | iter_best=4.931657
2026-02-23 22:49:36 | INFO | underwater_sensor_ga.pso | PSO iter 284/1250 | best_global_cost=4.166869 | iter_best=4.877191
2026-02-23 22:49:38 | INFO | underwater_sensor_ga.pso | PSO iter 285/1250 | best_global_cost=4.166869 | iter_best=4.675913
2026-02-23 22:49:39 | INFO | underwater_sensor_ga.pso | PSO iter 286/1250 | best_global_cost=4.166869 | iter_best=4.495507
2026-02-23 22:49:41 | INFO | underwater_sensor_ga.pso | PSO iter 287/1250 | best_global_cost=4.166869 | iter_best=4.757540
2026-02-23 22:49:43 | INFO | underwater_sensor_ga.pso | PSO iter 288/1250 | best_global_cost=4.166869 | iter_best=4.482545
2026-02-23 22:49:45 | INFO | underwater_sensor_ga.pso | PSO iter 289/1250 | best_global_cost=4.166869 | iter_best=4.473562
2026-02-23 22:49:47 | INFO | underwater_sensor_ga.pso | PSO iter 290/1250 | best_global_cost=4.166869 | iter_best=4.616862
2026-02-23 22:49:48 | INFO | underwater_sensor_ga.pso | PSO iter 291/1250 | best_global_cost=4.166869 | iter_best=4.549358
2026-02-23 22:49:50 | INFO | underwater_sensor_ga.pso | PSO iter 292/1250 | best_global_cost=4.166869 | iter_best=4.596228
2026-02-23 22:49:52 | INFO | underwater_sensor_ga.pso | PSO iter 293/1250 | best_global_cost=4.166869 | iter_best=4.767919
2026-02-23 22:49:54 | INFO | underwater_sensor_ga.pso | PSO iter 294/1250 | best_global_cost=4.166869 | iter_best=4.667673
2026-02-23 22:49:55 | INFO | underwater_sensor_ga.pso | PSO iter 295/1250 | best_global_cost=4.166869 | iter_best=4.817500
2026-02-23 22:49:57 | INFO | underwater_sensor_ga.pso | PSO iter 296/1250 | best_global_cost=4.166869 | iter_best=4.822841
2026-02-23 22:49:59 | INFO | underwater_sensor_ga.pso | PSO iter 297/1250 | best_global_cost=4.166869 | iter_best=4.589762
2026-02-23 22:50:01 | INFO | underwater_sensor_ga.pso | PSO iter 298/1250 | best_global_cost=4.166869 | iter_best=4.853942
2026-02-23 22:50:03 | INFO | underwater_sensor_ga.pso | PSO iter 299/1250 | best_global_cost=4.166869 | iter_best=4.555165
2026-02-23 22:50:05 | INFO | underwater_sensor_ga.pso | PSO iter 300/1250 | best_global_cost=4.166869 | iter_best=4.664615
2026-02-23 22:50:06 | INFO | underwater_sensor_ga.pso | PSO iter 301/1250 | best_global_cost=4.166869 | iter_best=4.967615
2026-02-23 22:50:08 | INFO | underwater_sensor_ga.pso | PSO iter 302/1250 | best_global_cost=4.166869 | iter_best=4.519008
2026-02-23 22:50:10 | INFO | underwater_sensor_ga.pso | PSO iter 303/1250 | best_global_cost=4.166869 | iter_best=4.613005
2026-02-23 22:50:12 | INFO | underwater_sensor_ga.pso | PSO iter 304/1250 | best_global_cost=4.166869 | iter_best=4.330898
2026-02-23 22:50:14 | INFO | underwater_sensor_ga.pso | PSO iter 305/1250 | best_global_cost=4.166869 | iter_best=4.697215
2026-02-23 22:50:15 | INFO | underwater_sensor_ga.pso | PSO iter 306/1250 | best_global_cost=4.166869 | iter_best=4.756390
2026-02-23 22:50:17 | INFO | underwater_sensor_ga.pso | PSO iter 307/1250 | best_global_cost=4.166869 | iter_best=4.866769
2026-02-23 22:50:19 | INFO | underwater_sensor_ga.pso | PSO iter 308/1250 | best_global_cost=4.166869 | iter_best=4.766969
2026-02-23 22:50:21 | INFO | underwater_sensor_ga.pso | PSO iter 309/1250 | best_global_cost=4.166869 | iter_best=4.639463
2026-02-23 22:50:22 | INFO | underwater_sensor_ga.pso | PSO iter 310/1250 | best_global_cost=4.166869 | iter_best=4.619178
2026-02-23 22:50:24 | INFO | underwater_sensor_ga.pso | PSO iter 311/1250 | best_global_cost=4.166869 | iter_best=4.736227
2026-02-23 22:50:26 | INFO | underwater_sensor_ga.pso | PSO iter 312/1250 | best_global_cost=4.166869 | iter_best=4.873846
2026-02-23 22:50:28 | INFO | underwater_sensor_ga.pso | PSO iter 313/1250 | best_global_cost=4.166869 | iter_best=4.591639
2026-02-23 22:50:30 | INFO | underwater_sensor_ga.pso | PSO iter 314/1250 | best_global_cost=4.166869 | iter_best=4.579316
2026-02-23 22:50:32 | INFO | underwater_sensor_ga.pso | PSO iter 315/1250 | best_global_cost=4.166869 | iter_best=4.527237
2026-02-23 22:50:33 | INFO | underwater_sensor_ga.pso | PSO iter 316/1250 | best_global_cost=4.166869 | iter_best=4.641847
2026-02-23 22:50:35 | INFO | underwater_sensor_ga.pso | PSO iter 317/1250 | best_global_cost=4.166869 | iter_best=4.641525
2026-02-23 22:50:37 | INFO | underwater_sensor_ga.pso | PSO iter 318/1250 | best_global_cost=4.166869 | iter_best=4.560441
2026-02-23 22:50:39 | INFO | underwater_sensor_ga.pso | PSO iter 319/1250 | best_global_cost=4.166869 | iter_best=4.781782
2026-02-23 22:50:41 | INFO | underwater_sensor_ga.pso | PSO iter 320/1250 | best_global_cost=4.166869 | iter_best=4.918741
2026-02-23 22:50:43 | INFO | underwater_sensor_ga.pso | PSO iter 321/1250 | best_global_cost=4.166869 | iter_best=4.766097
2026-02-23 22:50:44 | INFO | underwater_sensor_ga.pso | PSO iter 322/1250 | best_global_cost=4.166869 | iter_best=4.964452
2026-02-23 22:50:46 | INFO | underwater_sensor_ga.pso | PSO iter 323/1250 | best_global_cost=4.166869 | iter_best=4.649907
2026-02-23 22:50:48 | INFO | underwater_sensor_ga.pso | PSO iter 324/1250 | best_global_cost=4.166869 | iter_best=4.732649
2026-02-23 22:50:50 | INFO | underwater_sensor_ga.pso | PSO iter 325/1250 | best_global_cost=4.166869 | iter_best=4.578942
2026-02-23 22:50:51 | INFO | underwater_sensor_ga.pso | PSO iter 326/1250 | best_global_cost=4.166869 | iter_best=4.724950
2026-02-23 22:50:53 | INFO | underwater_sensor_ga.pso | PSO iter 327/1250 | best_global_cost=4.166869 | iter_best=4.592893
2026-02-23 22:50:55 | INFO | underwater_sensor_ga.pso | PSO iter 328/1250 | best_global_cost=4.166869 | iter_best=4.691437
2026-02-23 22:50:57 | INFO | underwater_sensor_ga.pso | PSO iter 329/1250 | best_global_cost=4.166869 | iter_best=4.591234
2026-02-23 22:50:59 | INFO | underwater_sensor_ga.pso | PSO iter 330/1250 | best_global_cost=4.166869 | iter_best=4.819562
2026-02-23 22:51:01 | INFO | underwater_sensor_ga.pso | PSO iter 331/1250 | best_global_cost=4.166869 | iter_best=4.631105
2026-02-23 22:51:03 | INFO | underwater_sensor_ga.pso | PSO iter 332/1250 | best_global_cost=4.166869 | iter_best=4.901343
2026-02-23 22:51:04 | INFO | underwater_sensor_ga.pso | PSO iter 333/1250 | best_global_cost=4.166869 | iter_best=4.444755
2026-02-23 22:51:06 | INFO | underwater_sensor_ga.pso | PSO iter 334/1250 | best_global_cost=4.166869 | iter_best=4.874745
2026-02-23 22:51:08 | INFO | underwater_sensor_ga.pso | PSO iter 335/1250 | best_global_cost=4.166869 | iter_best=4.643549
2026-02-23 22:51:10 | INFO | underwater_sensor_ga.pso | PSO iter 336/1250 | best_global_cost=4.166869 | iter_best=4.497766
2026-02-23 22:51:12 | INFO | underwater_sensor_ga.pso | PSO iter 337/1250 | best_global_cost=4.166869 | iter_best=4.684223
2026-02-23 22:51:14 | INFO | underwater_sensor_ga.pso | PSO iter 338/1250 | best_global_cost=4.166869 | iter_best=4.680337
2026-02-23 22:51:16 | INFO | underwater_sensor_ga.pso | PSO iter 339/1250 | best_global_cost=4.166869 | iter_best=4.559584
2026-02-23 22:51:17 | INFO | underwater_sensor_ga.pso | PSO iter 340/1250 | best_global_cost=4.166869 | iter_best=4.677355
2026-02-23 22:51:19 | INFO | underwater_sensor_ga.pso | PSO iter 341/1250 | best_global_cost=4.166869 | iter_best=4.322732
2026-02-23 22:51:21 | INFO | underwater_sensor_ga.pso | PSO iter 342/1250 | best_global_cost=4.166869 | iter_best=4.847300
2026-02-23 22:51:23 | INFO | underwater_sensor_ga.pso | PSO iter 343/1250 | best_global_cost=4.166869 | iter_best=4.759408
2026-02-23 22:51:25 | INFO | underwater_sensor_ga.pso | PSO iter 344/1250 | best_global_cost=4.166869 | iter_best=4.596722
2026-02-23 22:51:27 | INFO | underwater_sensor_ga.pso | PSO iter 345/1250 | best_global_cost=4.166869 | iter_best=4.909517
2026-02-23 22:51:29 | INFO | underwater_sensor_ga.pso | PSO iter 346/1250 | best_global_cost=4.166869 | iter_best=4.844235
2026-02-23 22:51:30 | INFO | underwater_sensor_ga.pso | PSO iter 347/1250 | best_global_cost=4.166869 | iter_best=4.761162
2026-02-23 22:51:32 | INFO | underwater_sensor_ga.pso | PSO iter 348/1250 | best_global_cost=4.166869 | iter_best=4.721962
2026-02-23 22:51:34 | INFO | underwater_sensor_ga.pso | PSO iter 349/1250 | best_global_cost=4.166869 | iter_best=4.667510
2026-02-23 22:51:36 | INFO | underwater_sensor_ga.pso | PSO iter 350/1250 | best_global_cost=4.166869 | iter_best=5.072993
2026-02-23 22:51:38 | INFO | underwater_sensor_ga.pso | PSO iter 351/1250 | best_global_cost=4.166869 | iter_best=4.815761
2026-02-23 22:51:40 | INFO | underwater_sensor_ga.pso | PSO iter 352/1250 | best_global_cost=4.166869 | iter_best=4.532213
2026-02-23 22:51:42 | INFO | underwater_sensor_ga.pso | PSO iter 353/1250 | best_global_cost=4.166869 | iter_best=4.610876
2026-02-23 22:51:44 | INFO | underwater_sensor_ga.pso | PSO iter 354/1250 | best_global_cost=4.166869 | iter_best=4.733870
2026-02-23 22:51:46 | INFO | underwater_sensor_ga.pso | PSO iter 355/1250 | best_global_cost=4.166869 | iter_best=4.442458
2026-02-23 22:51:47 | INFO | underwater_sensor_ga.pso | PSO iter 356/1250 | best_global_cost=4.166869 | iter_best=4.999751
2026-02-23 22:51:49 | INFO | underwater_sensor_ga.pso | PSO iter 357/1250 | best_global_cost=4.166869 | iter_best=4.590916
2026-02-23 22:51:51 | INFO | underwater_sensor_ga.pso | PSO iter 358/1250 | best_global_cost=4.166869 | iter_best=4.618367
2026-02-23 22:51:53 | INFO | underwater_sensor_ga.pso | PSO iter 359/1250 | best_global_cost=4.166869 | iter_best=4.730634
2026-02-23 22:51:55 | INFO | underwater_sensor_ga.pso | PSO iter 360/1250 | best_global_cost=4.166869 | iter_best=4.638767
2026-02-23 22:51:56 | INFO | underwater_sensor_ga.pso | PSO iter 361/1250 | best_global_cost=4.166869 | iter_best=4.667388
2026-02-23 22:51:58 | INFO | underwater_sensor_ga.pso | PSO iter 362/1250 | best_global_cost=4.166869 | iter_best=4.794680
2026-02-23 22:52:00 | INFO | underwater_sensor_ga.pso | PSO iter 363/1250 | best_global_cost=4.166869 | iter_best=4.468724
2026-02-23 22:52:02 | INFO | underwater_sensor_ga.pso | PSO iter 364/1250 | best_global_cost=4.166869 | iter_best=4.570167
2026-02-23 22:52:04 | INFO | underwater_sensor_ga.pso | PSO iter 365/1250 | best_global_cost=4.166869 | iter_best=4.777286
2026-02-23 22:52:06 | INFO | underwater_sensor_ga.pso | PSO iter 366/1250 | best_global_cost=4.166869 | iter_best=4.495407
2026-02-23 22:52:08 | INFO | underwater_sensor_ga.pso | PSO iter 367/1250 | best_global_cost=4.166869 | iter_best=4.750852
2026-02-23 22:52:10 | INFO | underwater_sensor_ga.pso | PSO iter 368/1250 | best_global_cost=4.166869 | iter_best=4.744006
2026-02-23 22:52:11 | INFO | underwater_sensor_ga.pso | PSO iter 369/1250 | best_global_cost=4.166869 | iter_best=4.718426
2026-02-23 22:52:13 | INFO | underwater_sensor_ga.pso | PSO iter 370/1250 | best_global_cost=4.166869 | iter_best=4.692194
2026-02-23 22:52:15 | INFO | underwater_sensor_ga.pso | PSO iter 371/1250 | best_global_cost=4.166869 | iter_best=4.916822
2026-02-23 22:52:17 | INFO | underwater_sensor_ga.pso | PSO iter 372/1250 | best_global_cost=4.166869 | iter_best=4.692429
2026-02-23 22:52:19 | INFO | underwater_sensor_ga.pso | PSO iter 373/1250 | best_global_cost=4.166869 | iter_best=4.669825
2026-02-23 22:52:21 | INFO | underwater_sensor_ga.pso | PSO iter 374/1250 | best_global_cost=4.166869 | iter_best=4.542057
2026-02-23 22:52:22 | INFO | underwater_sensor_ga.pso | PSO iter 375/1250 | best_global_cost=4.085383 | iter_best=4.085383
2026-02-23 22:52:24 | INFO | underwater_sensor_ga.pso | PSO iter 376/1250 | best_global_cost=4.085383 | iter_best=4.755841
2026-02-23 22:52:26 | INFO | underwater_sensor_ga.pso | PSO iter 377/1250 | best_global_cost=4.085383 | iter_best=4.746317
2026-02-23 22:52:28 | INFO | underwater_sensor_ga.pso | PSO iter 378/1250 | best_global_cost=4.085383 | iter_best=4.643231
2026-02-23 22:52:30 | INFO | underwater_sensor_ga.pso | PSO iter 379/1250 | best_global_cost=4.085383 | iter_best=4.918876
2026-02-23 22:52:32 | INFO | underwater_sensor_ga.pso | PSO iter 380/1250 | best_global_cost=4.085383 | iter_best=4.415327
2026-02-23 22:52:33 | INFO | underwater_sensor_ga.pso | PSO iter 381/1250 | best_global_cost=4.085383 | iter_best=4.611725
2026-02-23 22:52:35 | INFO | underwater_sensor_ga.pso | PSO iter 382/1250 | best_global_cost=4.085383 | iter_best=4.771471
2026-02-23 22:52:37 | INFO | underwater_sensor_ga.pso | PSO iter 383/1250 | best_global_cost=4.085383 | iter_best=4.827449
2026-02-23 22:52:39 | INFO | underwater_sensor_ga.pso | PSO iter 384/1250 | best_global_cost=4.085383 | iter_best=4.854957
2026-02-23 22:52:41 | INFO | underwater_sensor_ga.pso | PSO iter 385/1250 | best_global_cost=4.085383 | iter_best=4.760235
2026-02-23 22:52:43 | INFO | underwater_sensor_ga.pso | PSO iter 386/1250 | best_global_cost=4.085383 | iter_best=4.868527
2026-02-23 22:52:45 | INFO | underwater_sensor_ga.pso | PSO iter 387/1250 | best_global_cost=4.085383 | iter_best=4.451998
2026-02-23 22:52:46 | INFO | underwater_sensor_ga.pso | PSO iter 388/1250 | best_global_cost=4.085383 | iter_best=4.596149
2026-02-23 22:52:48 | INFO | underwater_sensor_ga.pso | PSO iter 389/1250 | best_global_cost=4.085383 | iter_best=4.493491
2026-02-23 22:52:50 | INFO | underwater_sensor_ga.pso | PSO iter 390/1250 | best_global_cost=4.085383 | iter_best=4.570599
2026-02-23 22:52:52 | INFO | underwater_sensor_ga.pso | PSO iter 391/1250 | best_global_cost=4.085383 | iter_best=4.689237
2026-02-23 22:52:54 | INFO | underwater_sensor_ga.pso | PSO iter 392/1250 | best_global_cost=4.085383 | iter_best=4.552189
2026-02-23 22:52:55 | INFO | underwater_sensor_ga.pso | PSO iter 393/1250 | best_global_cost=4.085383 | iter_best=4.615816
2026-02-23 22:52:57 | INFO | underwater_sensor_ga.pso | PSO iter 394/1250 | best_global_cost=4.085383 | iter_best=4.582385
2026-02-23 22:52:59 | INFO | underwater_sensor_ga.pso | PSO iter 395/1250 | best_global_cost=4.085383 | iter_best=4.701787
2026-02-23 22:53:01 | INFO | underwater_sensor_ga.pso | PSO iter 396/1250 | best_global_cost=4.085383 | iter_best=5.046009
2026-02-23 22:53:03 | INFO | underwater_sensor_ga.pso | PSO iter 397/1250 | best_global_cost=4.085383 | iter_best=4.524104
2026-02-23 22:53:05 | INFO | underwater_sensor_ga.pso | PSO iter 398/1250 | best_global_cost=4.085383 | iter_best=4.887718
2026-02-23 22:53:07 | INFO | underwater_sensor_ga.pso | PSO iter 399/1250 | best_global_cost=4.085383 | iter_best=4.613337
2026-02-23 22:53:09 | INFO | underwater_sensor_ga.pso | PSO iter 400/1250 | best_global_cost=4.085383 | iter_best=4.539659
2026-02-23 22:53:11 | INFO | underwater_sensor_ga.pso | PSO iter 401/1250 | best_global_cost=4.085383 | iter_best=4.797767
2026-02-23 22:53:12 | INFO | underwater_sensor_ga.pso | PSO iter 402/1250 | best_global_cost=4.085383 | iter_best=4.718773
2026-02-23 22:53:14 | INFO | underwater_sensor_ga.pso | PSO iter 403/1250 | best_global_cost=4.085383 | iter_best=4.779271
2026-02-23 22:53:16 | INFO | underwater_sensor_ga.pso | PSO iter 404/1250 | best_global_cost=4.085383 | iter_best=4.617044
2026-02-23 22:53:18 | INFO | underwater_sensor_ga.pso | PSO iter 405/1250 | best_global_cost=4.085383 | iter_best=4.963359
2026-02-23 22:53:20 | INFO | underwater_sensor_ga.pso | PSO iter 406/1250 | best_global_cost=4.085383 | iter_best=4.520196
2026-02-23 22:53:22 | INFO | underwater_sensor_ga.pso | PSO iter 407/1250 | best_global_cost=4.085383 | iter_best=4.763069
2026-02-23 22:53:23 | INFO | underwater_sensor_ga.pso | PSO iter 408/1250 | best_global_cost=4.085383 | iter_best=4.837323
2026-02-23 22:53:25 | INFO | underwater_sensor_ga.pso | PSO iter 409/1250 | best_global_cost=4.085383 | iter_best=4.675402
2026-02-23 22:53:27 | INFO | underwater_sensor_ga.pso | PSO iter 410/1250 | best_global_cost=4.085383 | iter_best=4.607477
2026-02-23 22:53:29 | INFO | underwater_sensor_ga.pso | PSO iter 411/1250 | best_global_cost=4.085383 | iter_best=4.919977
2026-02-23 22:53:31 | INFO | underwater_sensor_ga.pso | PSO iter 412/1250 | best_global_cost=4.085383 | iter_best=4.775556
2026-02-23 22:53:33 | INFO | underwater_sensor_ga.pso | PSO iter 413/1250 | best_global_cost=4.085383 | iter_best=4.601356
2026-02-23 22:53:34 | INFO | underwater_sensor_ga.pso | PSO iter 414/1250 | best_global_cost=4.085383 | iter_best=4.770107
2026-02-23 22:53:36 | INFO | underwater_sensor_ga.pso | PSO iter 415/1250 | best_global_cost=4.085383 | iter_best=4.835620
2026-02-23 22:53:38 | INFO | underwater_sensor_ga.pso | PSO iter 416/1250 | best_global_cost=4.085383 | iter_best=4.799582
2026-02-23 22:53:40 | INFO | underwater_sensor_ga.pso | PSO iter 417/1250 | best_global_cost=4.085383 | iter_best=4.625129
2026-02-23 22:53:42 | INFO | underwater_sensor_ga.pso | PSO iter 418/1250 | best_global_cost=4.085383 | iter_best=4.664680
2026-02-23 22:53:44 | INFO | underwater_sensor_ga.pso | PSO iter 419/1250 | best_global_cost=4.085383 | iter_best=4.723890
2026-02-23 22:53:45 | INFO | underwater_sensor_ga.pso | PSO iter 420/1250 | best_global_cost=4.085383 | iter_best=4.487525
2026-02-23 22:53:47 | INFO | underwater_sensor_ga.pso | PSO iter 421/1250 | best_global_cost=4.085383 | iter_best=4.671805
2026-02-23 22:53:49 | INFO | underwater_sensor_ga.pso | PSO iter 422/1250 | best_global_cost=4.085383 | iter_best=4.861210
2026-02-23 22:53:51 | INFO | underwater_sensor_ga.pso | PSO iter 423/1250 | best_global_cost=4.085383 | iter_best=4.733148
2026-02-23 22:53:53 | INFO | underwater_sensor_ga.pso | PSO iter 424/1250 | best_global_cost=4.085383 | iter_best=4.853868
2026-02-23 22:53:54 | INFO | underwater_sensor_ga.pso | PSO iter 425/1250 | best_global_cost=4.085383 | iter_best=4.703661
2026-02-23 22:53:56 | INFO | underwater_sensor_ga.pso | PSO iter 426/1250 | best_global_cost=4.085383 | iter_best=4.557760
2026-02-23 22:53:58 | INFO | underwater_sensor_ga.pso | PSO iter 427/1250 | best_global_cost=4.085383 | iter_best=4.516108
2026-02-23 22:54:00 | INFO | underwater_sensor_ga.pso | PSO iter 428/1250 | best_global_cost=4.085383 | iter_best=4.779835
2026-02-23 22:54:02 | INFO | underwater_sensor_ga.pso | PSO iter 429/1250 | best_global_cost=4.085383 | iter_best=4.605876
2026-02-23 22:54:03 | INFO | underwater_sensor_ga.pso | PSO iter 430/1250 | best_global_cost=4.085383 | iter_best=4.906585
2026-02-23 22:54:05 | INFO | underwater_sensor_ga.pso | PSO iter 431/1250 | best_global_cost=4.085383 | iter_best=4.810424
2026-02-23 22:54:07 | INFO | underwater_sensor_ga.pso | PSO iter 432/1250 | best_global_cost=4.085383 | iter_best=4.899038
2026-02-23 22:54:09 | INFO | underwater_sensor_ga.pso | PSO iter 433/1250 | best_global_cost=4.085383 | iter_best=4.835164
2026-02-23 22:54:11 | INFO | underwater_sensor_ga.pso | PSO iter 434/1250 | best_global_cost=4.085383 | iter_best=4.795888
2026-02-23 22:54:13 | INFO | underwater_sensor_ga.pso | PSO iter 435/1250 | best_global_cost=4.085383 | iter_best=4.511095
2026-02-23 22:54:14 | INFO | underwater_sensor_ga.pso | PSO iter 436/1250 | best_global_cost=4.085383 | iter_best=4.673700
2026-02-23 22:54:16 | INFO | underwater_sensor_ga.pso | PSO iter 437/1250 | best_global_cost=4.085383 | iter_best=4.762974
2026-02-23 22:54:18 | INFO | underwater_sensor_ga.pso | PSO iter 438/1250 | best_global_cost=4.085383 | iter_best=4.612616
2026-02-23 22:54:20 | INFO | underwater_sensor_ga.pso | PSO iter 439/1250 | best_global_cost=4.085383 | iter_best=4.830294
2026-02-23 22:54:22 | INFO | underwater_sensor_ga.pso | PSO iter 440/1250 | best_global_cost=4.085383 | iter_best=4.657462
2026-02-23 22:54:23 | INFO | underwater_sensor_ga.pso | PSO iter 441/1250 | best_global_cost=4.085383 | iter_best=4.651745
2026-02-23 22:54:25 | INFO | underwater_sensor_ga.pso | PSO iter 442/1250 | best_global_cost=4.085383 | iter_best=4.784231
2026-02-23 22:54:27 | INFO | underwater_sensor_ga.pso | PSO iter 443/1250 | best_global_cost=4.085383 | iter_best=4.660603
2026-02-23 22:54:29 | INFO | underwater_sensor_ga.pso | PSO iter 444/1250 | best_global_cost=4.085383 | iter_best=4.598830
2026-02-23 22:54:31 | INFO | underwater_sensor_ga.pso | PSO iter 445/1250 | best_global_cost=4.085383 | iter_best=4.700909
2026-02-23 22:54:33 | INFO | underwater_sensor_ga.pso | PSO iter 446/1250 | best_global_cost=4.085383 | iter_best=4.555737
2026-02-23 22:54:34 | INFO | underwater_sensor_ga.pso | PSO iter 447/1250 | best_global_cost=4.085383 | iter_best=4.462277
2026-02-23 22:54:36 | INFO | underwater_sensor_ga.pso | PSO iter 448/1250 | best_global_cost=4.085383 | iter_best=4.762700
2026-02-23 22:54:38 | INFO | underwater_sensor_ga.pso | PSO iter 449/1250 | best_global_cost=4.085383 | iter_best=4.751947
2026-02-23 22:54:40 | INFO | underwater_sensor_ga.pso | PSO iter 450/1250 | best_global_cost=4.085383 | iter_best=4.870942
2026-02-23 22:54:42 | INFO | underwater_sensor_ga.pso | PSO iter 451/1250 | best_global_cost=4.085383 | iter_best=4.261336
2026-02-23 22:54:43 | INFO | underwater_sensor_ga.pso | PSO iter 452/1250 | best_global_cost=4.085383 | iter_best=4.846653
2026-02-23 22:54:45 | INFO | underwater_sensor_ga.pso | PSO iter 453/1250 | best_global_cost=4.085383 | iter_best=4.818722
2026-02-23 22:54:47 | INFO | underwater_sensor_ga.pso | PSO iter 454/1250 | best_global_cost=4.085383 | iter_best=4.758856
2026-02-23 22:54:49 | INFO | underwater_sensor_ga.pso | PSO iter 455/1250 | best_global_cost=4.085383 | iter_best=4.832862
2026-02-23 22:54:51 | INFO | underwater_sensor_ga.pso | PSO iter 456/1250 | best_global_cost=4.085383 | iter_best=4.870689
2026-02-23 22:54:53 | INFO | underwater_sensor_ga.pso | PSO iter 457/1250 | best_global_cost=4.085383 | iter_best=4.844513
2026-02-23 22:54:55 | INFO | underwater_sensor_ga.pso | PSO iter 458/1250 | best_global_cost=4.085383 | iter_best=4.818239
2026-02-23 22:54:56 | INFO | underwater_sensor_ga.pso | PSO iter 459/1250 | best_global_cost=4.085383 | iter_best=4.652824
2026-02-23 22:54:58 | INFO | underwater_sensor_ga.pso | PSO iter 460/1250 | best_global_cost=4.085383 | iter_best=4.493847
2026-02-23 22:55:00 | INFO | underwater_sensor_ga.pso | PSO iter 461/1250 | best_global_cost=4.085383 | iter_best=4.699660
2026-02-23 22:55:02 | INFO | underwater_sensor_ga.pso | PSO iter 462/1250 | best_global_cost=4.085383 | iter_best=4.386102
2026-02-23 22:55:04 | INFO | underwater_sensor_ga.pso | PSO iter 463/1250 | best_global_cost=4.085383 | iter_best=4.475858
2026-02-23 22:55:05 | INFO | underwater_sensor_ga.pso | PSO iter 464/1250 | best_global_cost=4.085383 | iter_best=4.786602
2026-02-23 22:55:07 | INFO | underwater_sensor_ga.pso | PSO iter 465/1250 | best_global_cost=4.085383 | iter_best=4.413232
2026-02-23 22:55:09 | INFO | underwater_sensor_ga.pso | PSO iter 466/1250 | best_global_cost=4.085383 | iter_best=4.577050
2026-02-23 22:55:11 | INFO | underwater_sensor_ga.pso | PSO iter 467/1250 | best_global_cost=4.085383 | iter_best=4.712029
2026-02-23 22:55:13 | INFO | underwater_sensor_ga.pso | PSO iter 468/1250 | best_global_cost=4.085383 | iter_best=4.762974
2026-02-23 22:55:15 | INFO | underwater_sensor_ga.pso | PSO iter 469/1250 | best_global_cost=4.085383 | iter_best=4.590663
2026-02-23 22:55:16 | INFO | underwater_sensor_ga.pso | PSO iter 470/1250 | best_global_cost=4.085383 | iter_best=4.844758
2026-02-23 22:55:18 | INFO | underwater_sensor_ga.pso | PSO iter 471/1250 | best_global_cost=4.085383 | iter_best=4.643336
2026-02-23 22:55:20 | INFO | underwater_sensor_ga.pso | PSO iter 472/1250 | best_global_cost=4.085383 | iter_best=4.829224
2026-02-23 22:55:22 | INFO | underwater_sensor_ga.pso | PSO iter 473/1250 | best_global_cost=4.085383 | iter_best=4.548503
2026-02-23 22:55:24 | INFO | underwater_sensor_ga.pso | PSO iter 474/1250 | best_global_cost=4.085383 | iter_best=4.837171
2026-02-23 22:55:25 | INFO | underwater_sensor_ga.pso | PSO iter 475/1250 | best_global_cost=4.085383 | iter_best=4.777409
2026-02-23 22:55:27 | INFO | underwater_sensor_ga.pso | PSO iter 476/1250 | best_global_cost=4.085383 | iter_best=4.600164
2026-02-23 22:55:29 | INFO | underwater_sensor_ga.pso | PSO iter 477/1250 | best_global_cost=4.085383 | iter_best=4.541268
2026-02-23 22:55:31 | INFO | underwater_sensor_ga.pso | PSO iter 478/1250 | best_global_cost=4.085383 | iter_best=4.544957
2026-02-23 22:55:33 | INFO | underwater_sensor_ga.pso | PSO iter 479/1250 | best_global_cost=4.085383 | iter_best=4.870502
2026-02-23 22:55:35 | INFO | underwater_sensor_ga.pso | PSO iter 480/1250 | best_global_cost=4.085383 | iter_best=4.761453
2026-02-23 22:55:36 | INFO | underwater_sensor_ga.pso | PSO iter 481/1250 | best_global_cost=4.085383 | iter_best=4.804647
2026-02-23 22:55:38 | INFO | underwater_sensor_ga.pso | PSO iter 482/1250 | best_global_cost=4.085383 | iter_best=4.797920
2026-02-23 22:55:40 | INFO | underwater_sensor_ga.pso | PSO iter 483/1250 | best_global_cost=4.085383 | iter_best=4.810367
2026-02-23 22:55:42 | INFO | underwater_sensor_ga.pso | PSO iter 484/1250 | best_global_cost=4.085383 | iter_best=4.481559
2026-02-23 22:55:44 | INFO | underwater_sensor_ga.pso | PSO iter 485/1250 | best_global_cost=4.085383 | iter_best=4.806975
2026-02-23 22:55:45 | INFO | underwater_sensor_ga.pso | PSO iter 486/1250 | best_global_cost=4.085383 | iter_best=4.304695
2026-02-23 22:55:47 | INFO | underwater_sensor_ga.pso | PSO iter 487/1250 | best_global_cost=4.085383 | iter_best=4.695340
2026-02-23 22:55:49 | INFO | underwater_sensor_ga.pso | PSO iter 488/1250 | best_global_cost=4.085383 | iter_best=4.919818
2026-02-23 22:55:51 | INFO | underwater_sensor_ga.pso | PSO iter 489/1250 | best_global_cost=4.085383 | iter_best=4.872488
2026-02-23 22:55:53 | INFO | underwater_sensor_ga.pso | PSO iter 490/1250 | best_global_cost=4.085383 | iter_best=4.678712
2026-02-23 22:55:55 | INFO | underwater_sensor_ga.pso | PSO iter 491/1250 | best_global_cost=4.085383 | iter_best=4.829275
2026-02-23 22:55:56 | INFO | underwater_sensor_ga.pso | PSO iter 492/1250 | best_global_cost=4.085383 | iter_best=4.839409
2026-02-23 22:55:58 | INFO | underwater_sensor_ga.pso | PSO iter 493/1250 | best_global_cost=4.085383 | iter_best=4.901774
2026-02-23 22:56:00 | INFO | underwater_sensor_ga.pso | PSO iter 494/1250 | best_global_cost=4.085383 | iter_best=4.615030
2026-02-23 22:56:02 | INFO | underwater_sensor_ga.pso | PSO iter 495/1250 | best_global_cost=4.085383 | iter_best=4.631886
2026-02-23 22:56:04 | INFO | underwater_sensor_ga.pso | PSO iter 496/1250 | best_global_cost=4.085383 | iter_best=4.430469
2026-02-23 22:56:05 | INFO | underwater_sensor_ga.pso | PSO iter 497/1250 | best_global_cost=4.085383 | iter_best=4.704760
2026-02-23 22:56:07 | INFO | underwater_sensor_ga.pso | PSO iter 498/1250 | best_global_cost=4.085383 | iter_best=4.617812
2026-02-23 22:56:09 | INFO | underwater_sensor_ga.pso | PSO iter 499/1250 | best_global_cost=4.085383 | iter_best=4.744889
2026-02-23 22:56:11 | INFO | underwater_sensor_ga.pso | PSO iter 500/1250 | best_global_cost=4.085383 | iter_best=4.834641
2026-02-23 22:56:13 | INFO | underwater_sensor_ga.pso | PSO iter 501/1250 | best_global_cost=4.085383 | iter_best=4.570353
2026-02-23 22:56:15 | INFO | underwater_sensor_ga.pso | PSO iter 502/1250 | best_global_cost=4.085383 | iter_best=4.577780
2026-02-23 22:56:16 | INFO | underwater_sensor_ga.pso | PSO iter 503/1250 | best_global_cost=4.085383 | iter_best=4.627846
2026-02-23 22:56:18 | INFO | underwater_sensor_ga.pso | PSO iter 504/1250 | best_global_cost=4.085383 | iter_best=4.642831
2026-02-23 22:56:20 | INFO | underwater_sensor_ga.pso | PSO iter 505/1250 | best_global_cost=4.085383 | iter_best=4.688651
2026-02-23 22:56:22 | INFO | underwater_sensor_ga.pso | PSO iter 506/1250 | best_global_cost=4.085383 | iter_best=4.671411
2026-02-23 22:56:24 | INFO | underwater_sensor_ga.pso | PSO iter 507/1250 | best_global_cost=4.085383 | iter_best=4.388800
2026-02-23 22:56:26 | INFO | underwater_sensor_ga.pso | PSO iter 508/1250 | best_global_cost=4.085383 | iter_best=4.782117
2026-02-23 22:56:27 | INFO | underwater_sensor_ga.pso | PSO iter 509/1250 | best_global_cost=4.085383 | iter_best=4.469296
2026-02-23 22:56:29 | INFO | underwater_sensor_ga.pso | PSO iter 510/1250 | best_global_cost=4.085383 | iter_best=4.631105
2026-02-23 22:56:31 | INFO | underwater_sensor_ga.pso | PSO iter 511/1250 | best_global_cost=4.085383 | iter_best=4.807272
2026-02-23 22:56:33 | INFO | underwater_sensor_ga.pso | PSO iter 512/1250 | best_global_cost=4.085383 | iter_best=4.700167
2026-02-23 22:56:35 | INFO | underwater_sensor_ga.pso | PSO iter 513/1250 | best_global_cost=4.085383 | iter_best=4.713421
2026-02-23 22:56:37 | INFO | underwater_sensor_ga.pso | PSO iter 514/1250 | best_global_cost=4.085383 | iter_best=4.802039
2026-02-23 22:56:39 | INFO | underwater_sensor_ga.pso | PSO iter 515/1250 | best_global_cost=4.085383 | iter_best=4.542922
2026-02-23 22:56:40 | INFO | underwater_sensor_ga.pso | PSO iter 516/1250 | best_global_cost=4.085383 | iter_best=4.770779
2026-02-23 22:56:42 | INFO | underwater_sensor_ga.pso | PSO iter 517/1250 | best_global_cost=4.085383 | iter_best=4.979111
2026-02-23 22:56:44 | INFO | underwater_sensor_ga.pso | PSO iter 518/1250 | best_global_cost=4.085383 | iter_best=4.651409
2026-02-23 22:56:46 | INFO | underwater_sensor_ga.pso | PSO iter 519/1250 | best_global_cost=4.085383 | iter_best=4.968562
2026-02-23 22:56:48 | INFO | underwater_sensor_ga.pso | PSO iter 520/1250 | best_global_cost=4.085383 | iter_best=4.756411
2026-02-23 22:56:49 | INFO | underwater_sensor_ga.pso | PSO iter 521/1250 | best_global_cost=4.085383 | iter_best=4.742989
2026-02-23 22:56:51 | INFO | underwater_sensor_ga.pso | PSO iter 522/1250 | best_global_cost=4.085383 | iter_best=4.794395
2026-02-23 22:56:53 | INFO | underwater_sensor_ga.pso | PSO iter 523/1250 | best_global_cost=4.085383 | iter_best=4.628786
2026-02-23 22:56:55 | INFO | underwater_sensor_ga.pso | PSO iter 524/1250 | best_global_cost=4.085383 | iter_best=4.793251
2026-02-23 22:56:57 | INFO | underwater_sensor_ga.pso | PSO iter 525/1250 | best_global_cost=4.085383 | iter_best=4.559703
2026-02-23 22:56:59 | INFO | underwater_sensor_ga.pso | PSO iter 526/1250 | best_global_cost=4.085383 | iter_best=4.830671
2026-02-23 22:57:00 | INFO | underwater_sensor_ga.pso | PSO iter 527/1250 | best_global_cost=4.085383 | iter_best=4.592976
2026-02-23 22:57:02 | INFO | underwater_sensor_ga.pso | PSO iter 528/1250 | best_global_cost=4.085383 | iter_best=4.344553
2026-02-23 22:57:04 | INFO | underwater_sensor_ga.pso | PSO iter 529/1250 | best_global_cost=4.085383 | iter_best=4.597785
2026-02-23 22:57:06 | INFO | underwater_sensor_ga.pso | PSO iter 530/1250 | best_global_cost=4.085383 | iter_best=4.755435
2026-02-23 22:57:08 | INFO | underwater_sensor_ga.pso | PSO iter 531/1250 | best_global_cost=4.085383 | iter_best=4.486112
2026-02-23 22:57:09 | INFO | underwater_sensor_ga.pso | PSO iter 532/1250 | best_global_cost=4.085383 | iter_best=4.541100
2026-02-23 22:57:11 | INFO | underwater_sensor_ga.pso | PSO iter 533/1250 | best_global_cost=4.085383 | iter_best=4.786337
2026-02-23 22:57:13 | INFO | underwater_sensor_ga.pso | PSO iter 534/1250 | best_global_cost=4.085383 | iter_best=4.678840
2026-02-23 22:57:15 | INFO | underwater_sensor_ga.pso | PSO iter 535/1250 | best_global_cost=4.085383 | iter_best=4.640269
2026-02-23 22:57:17 | INFO | underwater_sensor_ga.pso | PSO iter 536/1250 | best_global_cost=4.085383 | iter_best=4.724873
2026-02-23 22:57:19 | INFO | underwater_sensor_ga.pso | PSO iter 537/1250 | best_global_cost=4.085383 | iter_best=4.697297
2026-02-23 22:57:20 | INFO | underwater_sensor_ga.pso | PSO iter 538/1250 | best_global_cost=4.085383 | iter_best=4.407231
2026-02-23 22:57:22 | INFO | underwater_sensor_ga.pso | PSO iter 539/1250 | best_global_cost=4.085383 | iter_best=4.789163
2026-02-23 22:57:24 | INFO | underwater_sensor_ga.pso | PSO iter 540/1250 | best_global_cost=4.085383 | iter_best=4.777883
2026-02-23 22:57:26 | INFO | underwater_sensor_ga.pso | PSO iter 541/1250 | best_global_cost=4.085383 | iter_best=4.815506
2026-02-23 22:57:28 | INFO | underwater_sensor_ga.pso | PSO iter 542/1250 | best_global_cost=4.085383 | iter_best=4.599752
2026-02-23 22:57:29 | INFO | underwater_sensor_ga.pso | PSO iter 543/1250 | best_global_cost=4.085383 | iter_best=4.702444
2026-02-23 22:57:31 | INFO | underwater_sensor_ga.pso | PSO iter 544/1250 | best_global_cost=4.085383 | iter_best=4.868335
2026-02-23 22:57:33 | INFO | underwater_sensor_ga.pso | PSO iter 545/1250 | best_global_cost=4.085383 | iter_best=4.720554
2026-02-23 22:57:35 | INFO | underwater_sensor_ga.pso | PSO iter 546/1250 | best_global_cost=4.085383 | iter_best=4.874748
2026-02-23 22:57:37 | INFO | underwater_sensor_ga.pso | PSO iter 547/1250 | best_global_cost=4.085383 | iter_best=4.539267
2026-02-23 22:57:38 | INFO | underwater_sensor_ga.pso | PSO iter 548/1250 | best_global_cost=4.085383 | iter_best=4.838901
2026-02-23 22:57:40 | INFO | underwater_sensor_ga.pso | PSO iter 549/1250 | best_global_cost=4.085383 | iter_best=4.663253
2026-02-23 22:57:42 | INFO | underwater_sensor_ga.pso | PSO iter 550/1250 | best_global_cost=4.085383 | iter_best=4.827997
2026-02-23 22:57:44 | INFO | underwater_sensor_ga.pso | PSO iter 551/1250 | best_global_cost=4.085383 | iter_best=4.624901
2026-02-23 22:57:46 | INFO | underwater_sensor_ga.pso | PSO iter 552/1250 | best_global_cost=4.085383 | iter_best=4.792573
2026-02-23 22:57:47 | INFO | underwater_sensor_ga.pso | PSO iter 553/1250 | best_global_cost=4.085383 | iter_best=4.720554
2026-02-23 22:57:49 | INFO | underwater_sensor_ga.pso | PSO iter 554/1250 | best_global_cost=4.085383 | iter_best=4.501246
2026-02-23 22:57:51 | INFO | underwater_sensor_ga.pso | PSO iter 555/1250 | best_global_cost=4.085383 | iter_best=4.210367
2026-02-23 22:57:53 | INFO | underwater_sensor_ga.pso | PSO iter 556/1250 | best_global_cost=4.085383 | iter_best=4.656418
2026-02-23 22:57:55 | INFO | underwater_sensor_ga.pso | PSO iter 557/1250 | best_global_cost=4.085383 | iter_best=4.438764
2026-02-23 22:57:56 | INFO | underwater_sensor_ga.pso | PSO iter 558/1250 | best_global_cost=4.085383 | iter_best=4.146640
2026-02-23 22:57:58 | INFO | underwater_sensor_ga.pso | PSO iter 559/1250 | best_global_cost=4.085383 | iter_best=4.877252
2026-02-23 22:58:00 | INFO | underwater_sensor_ga.pso | PSO iter 560/1250 | best_global_cost=4.085383 | iter_best=4.629669
2026-02-23 22:58:02 | INFO | underwater_sensor_ga.pso | PSO iter 561/1250 | best_global_cost=4.085383 | iter_best=4.565445
2026-02-23 22:58:04 | INFO | underwater_sensor_ga.pso | PSO iter 562/1250 | best_global_cost=4.085383 | iter_best=4.773640
2026-02-23 22:58:06 | INFO | underwater_sensor_ga.pso | PSO iter 563/1250 | best_global_cost=4.085383 | iter_best=4.442861
2026-02-23 22:58:07 | INFO | underwater_sensor_ga.pso | PSO iter 564/1250 | best_global_cost=4.085383 | iter_best=4.777857
2026-02-23 22:58:09 | INFO | underwater_sensor_ga.pso | PSO iter 565/1250 | best_global_cost=4.085383 | iter_best=4.740094
2026-02-23 22:58:11 | INFO | underwater_sensor_ga.pso | PSO iter 566/1250 | best_global_cost=4.085383 | iter_best=4.441476
2026-02-23 22:58:13 | INFO | underwater_sensor_ga.pso | PSO iter 567/1250 | best_global_cost=4.085383 | iter_best=4.801981
2026-02-23 22:58:15 | INFO | underwater_sensor_ga.pso | PSO iter 568/1250 | best_global_cost=4.085383 | iter_best=4.667706
2026-02-23 22:58:16 | INFO | underwater_sensor_ga.pso | PSO iter 569/1250 | best_global_cost=4.085383 | iter_best=4.186468
2026-02-23 22:58:18 | INFO | underwater_sensor_ga.pso | PSO iter 570/1250 | best_global_cost=4.085383 | iter_best=4.556465
2026-02-23 22:58:20 | INFO | underwater_sensor_ga.pso | PSO iter 571/1250 | best_global_cost=4.085383 | iter_best=4.544015
2026-02-23 22:58:22 | INFO | underwater_sensor_ga.pso | PSO iter 572/1250 | best_global_cost=4.085383 | iter_best=4.555365
2026-02-23 22:58:24 | INFO | underwater_sensor_ga.pso | PSO iter 573/1250 | best_global_cost=4.085383 | iter_best=4.932183
2026-02-23 22:58:26 | INFO | underwater_sensor_ga.pso | PSO iter 574/1250 | best_global_cost=4.085383 | iter_best=4.592617
2026-02-23 22:58:27 | INFO | underwater_sensor_ga.pso | PSO iter 575/1250 | best_global_cost=4.085383 | iter_best=4.564370
2026-02-23 22:58:29 | INFO | underwater_sensor_ga.pso | PSO iter 576/1250 | best_global_cost=4.085383 | iter_best=4.749047
2026-02-23 22:58:31 | INFO | underwater_sensor_ga.pso | PSO iter 577/1250 | best_global_cost=4.085383 | iter_best=4.842772
2026-02-23 22:58:33 | INFO | underwater_sensor_ga.pso | PSO iter 578/1250 | best_global_cost=4.085383 | iter_best=4.931454
2026-02-23 22:58:35 | INFO | underwater_sensor_ga.pso | PSO iter 579/1250 | best_global_cost=4.085383 | iter_best=4.753125
2026-02-23 22:58:36 | INFO | underwater_sensor_ga.pso | PSO iter 580/1250 | best_global_cost=4.085383 | iter_best=4.612197
2026-02-23 22:58:38 | INFO | underwater_sensor_ga.pso | PSO iter 581/1250 | best_global_cost=4.085383 | iter_best=4.841570
2026-02-23 22:58:40 | INFO | underwater_sensor_ga.pso | PSO iter 582/1250 | best_global_cost=4.085383 | iter_best=4.396434
2026-02-23 22:58:42 | INFO | underwater_sensor_ga.pso | PSO iter 583/1250 | best_global_cost=4.085383 | iter_best=4.708543
2026-02-23 22:58:44 | INFO | underwater_sensor_ga.pso | PSO iter 584/1250 | best_global_cost=4.085383 | iter_best=4.826742
2026-02-23 22:58:46 | INFO | underwater_sensor_ga.pso | PSO iter 585/1250 | best_global_cost=4.085383 | iter_best=4.773951
2026-02-23 22:58:47 | INFO | underwater_sensor_ga.pso | PSO iter 586/1250 | best_global_cost=4.085383 | iter_best=4.563691
2026-02-23 22:58:49 | INFO | underwater_sensor_ga.pso | PSO iter 587/1250 | best_global_cost=4.085383 | iter_best=4.674936
2026-02-23 22:58:51 | INFO | underwater_sensor_ga.pso | PSO iter 588/1250 | best_global_cost=4.085383 | iter_best=4.722665
2026-02-23 22:58:53 | INFO | underwater_sensor_ga.pso | PSO iter 589/1250 | best_global_cost=4.085383 | iter_best=4.778922
2026-02-23 22:58:55 | INFO | underwater_sensor_ga.pso | PSO iter 590/1250 | best_global_cost=4.085383 | iter_best=4.624901
2026-02-23 22:58:56 | INFO | underwater_sensor_ga.pso | PSO iter 591/1250 | best_global_cost=4.085383 | iter_best=4.749331
2026-02-23 22:58:58 | INFO | underwater_sensor_ga.pso | PSO iter 592/1250 | best_global_cost=4.085383 | iter_best=4.704245
2026-02-23 22:59:00 | INFO | underwater_sensor_ga.pso | PSO iter 593/1250 | best_global_cost=4.085383 | iter_best=4.747084
2026-02-23 22:59:02 | INFO | underwater_sensor_ga.pso | PSO iter 594/1250 | best_global_cost=4.085383 | iter_best=4.618659
2026-02-23 22:59:04 | INFO | underwater_sensor_ga.pso | PSO iter 595/1250 | best_global_cost=4.085383 | iter_best=4.635578
2026-02-23 22:59:05 | INFO | underwater_sensor_ga.pso | PSO iter 596/1250 | best_global_cost=4.085383 | iter_best=4.354726
2026-02-23 22:59:07 | INFO | underwater_sensor_ga.pso | PSO iter 597/1250 | best_global_cost=4.085383 | iter_best=4.597863
2026-02-23 22:59:09 | INFO | underwater_sensor_ga.pso | PSO iter 598/1250 | best_global_cost=4.085383 | iter_best=4.745855
2026-02-23 22:59:11 | INFO | underwater_sensor_ga.pso | PSO iter 599/1250 | best_global_cost=4.085383 | iter_best=4.480650
2026-02-23 22:59:13 | INFO | underwater_sensor_ga.pso | PSO iter 600/1250 | best_global_cost=4.085383 | iter_best=4.571022
2026-02-23 22:59:15 | INFO | underwater_sensor_ga.pso | PSO iter 601/1250 | best_global_cost=4.085383 | iter_best=4.630740
2026-02-23 22:59:16 | INFO | underwater_sensor_ga.pso | PSO iter 602/1250 | best_global_cost=4.085383 | iter_best=4.182724
2026-02-23 22:59:18 | INFO | underwater_sensor_ga.pso | PSO iter 603/1250 | best_global_cost=4.085383 | iter_best=5.007671
2026-02-23 22:59:20 | INFO | underwater_sensor_ga.pso | PSO iter 604/1250 | best_global_cost=4.085383 | iter_best=4.659838
2026-02-23 22:59:22 | INFO | underwater_sensor_ga.pso | PSO iter 605/1250 | best_global_cost=4.085383 | iter_best=4.645313
2026-02-23 22:59:24 | INFO | underwater_sensor_ga.pso | PSO iter 606/1250 | best_global_cost=4.085383 | iter_best=4.745934
2026-02-23 22:59:25 | INFO | underwater_sensor_ga.pso | PSO iter 607/1250 | best_global_cost=4.085383 | iter_best=4.641543
2026-02-23 22:59:27 | INFO | underwater_sensor_ga.pso | PSO iter 608/1250 | best_global_cost=4.085383 | iter_best=4.588075
2026-02-23 22:59:29 | INFO | underwater_sensor_ga.pso | PSO iter 609/1250 | best_global_cost=4.085383 | iter_best=4.823766
2026-02-23 22:59:31 | INFO | underwater_sensor_ga.pso | PSO iter 610/1250 | best_global_cost=4.085383 | iter_best=4.870940
2026-02-23 22:59:33 | INFO | underwater_sensor_ga.pso | PSO iter 611/1250 | best_global_cost=4.085383 | iter_best=4.601163
2026-02-23 22:59:34 | INFO | underwater_sensor_ga.pso | PSO iter 612/1250 | best_global_cost=4.085383 | iter_best=4.726338
2026-02-23 22:59:36 | INFO | underwater_sensor_ga.pso | PSO iter 613/1250 | best_global_cost=4.085383 | iter_best=4.517701
2026-02-23 22:59:38 | INFO | underwater_sensor_ga.pso | PSO iter 614/1250 | best_global_cost=4.085383 | iter_best=4.716995
2026-02-23 22:59:40 | INFO | underwater_sensor_ga.pso | PSO iter 615/1250 | best_global_cost=4.085383 | iter_best=4.634911
2026-02-23 22:59:42 | INFO | underwater_sensor_ga.pso | PSO iter 616/1250 | best_global_cost=4.085383 | iter_best=4.789461
2026-02-23 22:59:44 | INFO | underwater_sensor_ga.pso | PSO iter 617/1250 | best_global_cost=4.085383 | iter_best=4.575489
2026-02-23 22:59:45 | INFO | underwater_sensor_ga.pso | PSO iter 618/1250 | best_global_cost=4.085383 | iter_best=4.751657
2026-02-23 22:59:47 | INFO | underwater_sensor_ga.pso | PSO iter 619/1250 | best_global_cost=4.085383 | iter_best=4.921034
2026-02-23 22:59:49 | INFO | underwater_sensor_ga.pso | PSO iter 620/1250 | best_global_cost=4.085383 | iter_best=4.471238
2026-02-23 22:59:51 | INFO | underwater_sensor_ga.pso | PSO iter 621/1250 | best_global_cost=4.085383 | iter_best=4.573885
2026-02-23 22:59:53 | INFO | underwater_sensor_ga.pso | PSO iter 622/1250 | best_global_cost=4.085383 | iter_best=4.715025
2026-02-23 22:59:54 | INFO | underwater_sensor_ga.pso | PSO iter 623/1250 | best_global_cost=4.085383 | iter_best=4.772374
2026-02-23 22:59:56 | INFO | underwater_sensor_ga.pso | PSO iter 624/1250 | best_global_cost=4.085383 | iter_best=4.767316
2026-02-23 22:59:58 | INFO | underwater_sensor_ga.pso | PSO iter 625/1250 | best_global_cost=4.085383 | iter_best=4.653670
2026-02-23 23:00:00 | INFO | underwater_sensor_ga.pso | PSO iter 626/1250 | best_global_cost=4.085383 | iter_best=5.024136
2026-02-23 23:00:02 | INFO | underwater_sensor_ga.pso | PSO iter 627/1250 | best_global_cost=4.085383 | iter_best=4.885085
2026-02-23 23:00:04 | INFO | underwater_sensor_ga.pso | PSO iter 628/1250 | best_global_cost=4.085383 | iter_best=4.727347
2026-02-23 23:00:05 | INFO | underwater_sensor_ga.pso | PSO iter 629/1250 | best_global_cost=4.085383 | iter_best=4.698477
2026-02-23 23:00:07 | INFO | underwater_sensor_ga.pso | PSO iter 630/1250 | best_global_cost=4.085383 | iter_best=4.724533
2026-02-23 23:00:09 | INFO | underwater_sensor_ga.pso | PSO iter 631/1250 | best_global_cost=4.085383 | iter_best=5.016668
2026-02-23 23:00:11 | INFO | underwater_sensor_ga.pso | PSO iter 632/1250 | best_global_cost=4.085383 | iter_best=4.783835
2026-02-23 23:00:13 | INFO | underwater_sensor_ga.pso | PSO iter 633/1250 | best_global_cost=4.085383 | iter_best=4.792666
2026-02-23 23:00:14 | INFO | underwater_sensor_ga.pso | PSO iter 634/1250 | best_global_cost=4.085383 | iter_best=4.840669
2026-02-23 23:00:16 | INFO | underwater_sensor_ga.pso | PSO iter 635/1250 | best_global_cost=4.085383 | iter_best=4.712635
2026-02-23 23:00:18 | INFO | underwater_sensor_ga.pso | PSO iter 636/1250 | best_global_cost=4.085383 | iter_best=4.703661
2026-02-23 23:00:20 | INFO | underwater_sensor_ga.pso | PSO iter 637/1250 | best_global_cost=4.085383 | iter_best=4.705898
2026-02-23 23:00:22 | INFO | underwater_sensor_ga.pso | PSO iter 638/1250 | best_global_cost=4.085383 | iter_best=4.511996
2026-02-23 23:00:23 | INFO | underwater_sensor_ga.pso | PSO iter 639/1250 | best_global_cost=4.085383 | iter_best=4.816808
2026-02-23 23:00:25 | INFO | underwater_sensor_ga.pso | PSO iter 640/1250 | best_global_cost=4.085383 | iter_best=4.914962
2026-02-23 23:00:27 | INFO | underwater_sensor_ga.pso | PSO iter 641/1250 | best_global_cost=4.085383 | iter_best=5.018290
2026-02-23 23:00:29 | INFO | underwater_sensor_ga.pso | PSO iter 642/1250 | best_global_cost=4.085383 | iter_best=4.717848
2026-02-23 23:00:31 | INFO | underwater_sensor_ga.pso | PSO iter 643/1250 | best_global_cost=4.085383 | iter_best=4.665260
2026-02-23 23:00:32 | INFO | underwater_sensor_ga.pso | PSO iter 644/1250 | best_global_cost=4.085383 | iter_best=4.645575
2026-02-23 23:00:34 | INFO | underwater_sensor_ga.pso | PSO iter 645/1250 | best_global_cost=4.085383 | iter_best=4.664819
2026-02-23 23:00:36 | INFO | underwater_sensor_ga.pso | PSO iter 646/1250 | best_global_cost=4.085383 | iter_best=4.742463
2026-02-23 23:00:38 | INFO | underwater_sensor_ga.pso | PSO iter 647/1250 | best_global_cost=4.085383 | iter_best=4.512465
2026-02-23 23:00:40 | INFO | underwater_sensor_ga.pso | PSO iter 648/1250 | best_global_cost=4.085383 | iter_best=4.633923
2026-02-23 23:00:42 | INFO | underwater_sensor_ga.pso | PSO iter 649/1250 | best_global_cost=4.085383 | iter_best=4.396508
2026-02-23 23:00:43 | INFO | underwater_sensor_ga.pso | PSO iter 650/1250 | best_global_cost=4.085383 | iter_best=4.733795
2026-02-23 23:00:45 | INFO | underwater_sensor_ga.pso | PSO iter 651/1250 | best_global_cost=4.085383 | iter_best=4.875042
2026-02-23 23:00:47 | INFO | underwater_sensor_ga.pso | PSO iter 652/1250 | best_global_cost=4.085383 | iter_best=4.595978
2026-02-23 23:00:49 | INFO | underwater_sensor_ga.pso | PSO iter 653/1250 | best_global_cost=4.085383 | iter_best=4.797920
2026-02-23 23:00:51 | INFO | underwater_sensor_ga.pso | PSO iter 654/1250 | best_global_cost=4.085383 | iter_best=4.537686
2026-02-23 23:00:52 | INFO | underwater_sensor_ga.pso | PSO iter 655/1250 | best_global_cost=4.085383 | iter_best=4.637302
2026-02-23 23:00:54 | INFO | underwater_sensor_ga.pso | PSO iter 656/1250 | best_global_cost=4.085383 | iter_best=4.604987
2026-02-23 23:00:56 | INFO | underwater_sensor_ga.pso | PSO iter 657/1250 | best_global_cost=4.085383 | iter_best=4.822247
2026-02-23 23:00:58 | INFO | underwater_sensor_ga.pso | PSO iter 658/1250 | best_global_cost=4.085383 | iter_best=4.670787
2026-02-23 23:01:00 | INFO | underwater_sensor_ga.pso | PSO iter 659/1250 | best_global_cost=4.085383 | iter_best=4.524495
2026-02-23 23:01:01 | INFO | underwater_sensor_ga.pso | PSO iter 660/1250 | best_global_cost=4.085383 | iter_best=4.847976
2026-02-23 23:01:03 | INFO | underwater_sensor_ga.pso | PSO iter 661/1250 | best_global_cost=4.085383 | iter_best=4.798937
2026-02-23 23:01:05 | INFO | underwater_sensor_ga.pso | PSO iter 662/1250 | best_global_cost=4.085383 | iter_best=4.777036
2026-02-23 23:01:07 | INFO | underwater_sensor_ga.pso | PSO iter 663/1250 | best_global_cost=4.085383 | iter_best=4.657649
2026-02-23 23:01:09 | INFO | underwater_sensor_ga.pso | PSO iter 664/1250 | best_global_cost=4.085383 | iter_best=4.624801
2026-02-23 23:01:11 | INFO | underwater_sensor_ga.pso | PSO iter 665/1250 | best_global_cost=4.085383 | iter_best=4.731506
2026-02-23 23:01:12 | INFO | underwater_sensor_ga.pso | PSO iter 666/1250 | best_global_cost=4.085383 | iter_best=4.892498
2026-02-23 23:01:14 | INFO | underwater_sensor_ga.pso | PSO iter 667/1250 | best_global_cost=4.085383 | iter_best=4.794112
2026-02-23 23:01:16 | INFO | underwater_sensor_ga.pso | PSO iter 668/1250 | best_global_cost=4.085383 | iter_best=4.517390
2026-02-23 23:01:18 | INFO | underwater_sensor_ga.pso | PSO iter 669/1250 | best_global_cost=4.085383 | iter_best=4.671341
2026-02-23 23:01:20 | INFO | underwater_sensor_ga.pso | PSO iter 670/1250 | best_global_cost=4.085383 | iter_best=4.708088
2026-02-23 23:01:21 | INFO | underwater_sensor_ga.pso | PSO iter 671/1250 | best_global_cost=4.085383 | iter_best=4.981301
2026-02-23 23:01:23 | INFO | underwater_sensor_ga.pso | PSO iter 672/1250 | best_global_cost=4.085383 | iter_best=4.673264
2026-02-23 23:01:25 | INFO | underwater_sensor_ga.pso | PSO iter 673/1250 | best_global_cost=4.085383 | iter_best=4.831204
2026-02-23 23:01:27 | INFO | underwater_sensor_ga.pso | PSO iter 674/1250 | best_global_cost=4.085383 | iter_best=4.837279
2026-02-23 23:01:29 | INFO | underwater_sensor_ga.pso | PSO iter 675/1250 | best_global_cost=4.085383 | iter_best=4.353108
2026-02-23 23:01:31 | INFO | underwater_sensor_ga.pso | PSO iter 676/1250 | best_global_cost=4.085383 | iter_best=4.755841
2026-02-23 23:01:32 | INFO | underwater_sensor_ga.pso | PSO iter 677/1250 | best_global_cost=4.085383 | iter_best=4.845549
2026-02-23 23:01:34 | INFO | underwater_sensor_ga.pso | PSO iter 678/1250 | best_global_cost=4.085383 | iter_best=4.883691
2026-02-23 23:01:36 | INFO | underwater_sensor_ga.pso | PSO iter 679/1250 | best_global_cost=4.085383 | iter_best=4.709972
2026-02-23 23:01:38 | INFO | underwater_sensor_ga.pso | PSO iter 680/1250 | best_global_cost=4.085383 | iter_best=4.725526
2026-02-23 23:01:40 | INFO | underwater_sensor_ga.pso | PSO iter 681/1250 | best_global_cost=4.085383 | iter_best=4.710819
2026-02-23 23:01:42 | INFO | underwater_sensor_ga.pso | PSO iter 682/1250 | best_global_cost=4.085383 | iter_best=4.876707
2026-02-23 23:01:43 | INFO | underwater_sensor_ga.pso | PSO iter 683/1250 | best_global_cost=4.085383 | iter_best=5.039003
2026-02-23 23:01:45 | INFO | underwater_sensor_ga.pso | PSO iter 684/1250 | best_global_cost=4.085383 | iter_best=4.723627
2026-02-23 23:01:47 | INFO | underwater_sensor_ga.pso | PSO iter 685/1250 | best_global_cost=4.085383 | iter_best=4.244689
2026-02-23 23:01:49 | INFO | underwater_sensor_ga.pso | PSO iter 686/1250 | best_global_cost=4.085383 | iter_best=4.723761
2026-02-23 23:01:51 | INFO | underwater_sensor_ga.pso | PSO iter 687/1250 | best_global_cost=4.085383 | iter_best=4.771495
2026-02-23 23:01:52 | INFO | underwater_sensor_ga.pso | PSO iter 688/1250 | best_global_cost=4.085383 | iter_best=4.585127
2026-02-23 23:01:54 | INFO | underwater_sensor_ga.pso | PSO iter 689/1250 | best_global_cost=4.085383 | iter_best=4.451259
2026-02-23 23:01:56 | INFO | underwater_sensor_ga.pso | PSO iter 690/1250 | best_global_cost=4.085383 | iter_best=4.667372
2026-02-23 23:01:58 | INFO | underwater_sensor_ga.pso | PSO iter 691/1250 | best_global_cost=4.085383 | iter_best=4.562141
2026-02-23 23:02:00 | INFO | underwater_sensor_ga.pso | PSO iter 692/1250 | best_global_cost=4.085383 | iter_best=4.786969
2026-02-23 23:02:01 | INFO | underwater_sensor_ga.pso | PSO iter 693/1250 | best_global_cost=4.085383 | iter_best=4.421598
2026-02-23 23:02:03 | INFO | underwater_sensor_ga.pso | PSO iter 694/1250 | best_global_cost=4.085383 | iter_best=4.894414
2026-02-23 23:02:05 | INFO | underwater_sensor_ga.pso | PSO iter 695/1250 | best_global_cost=4.085383 | iter_best=4.642972
2026-02-23 23:02:07 | INFO | underwater_sensor_ga.pso | PSO iter 696/1250 | best_global_cost=4.085383 | iter_best=4.790730
2026-02-23 23:02:09 | INFO | underwater_sensor_ga.pso | PSO iter 697/1250 | best_global_cost=4.085383 | iter_best=4.696515
2026-02-23 23:02:10 | INFO | underwater_sensor_ga.pso | PSO iter 698/1250 | best_global_cost=4.085383 | iter_best=4.444755
2026-02-23 23:02:12 | INFO | underwater_sensor_ga.pso | PSO iter 699/1250 | best_global_cost=4.085383 | iter_best=4.632318
2026-02-23 23:02:14 | INFO | underwater_sensor_ga.pso | PSO iter 700/1250 | best_global_cost=4.085383 | iter_best=4.808819
2026-02-23 23:02:16 | INFO | underwater_sensor_ga.pso | PSO iter 701/1250 | best_global_cost=4.085383 | iter_best=4.668626
2026-02-23 23:02:18 | INFO | underwater_sensor_ga.pso | PSO iter 702/1250 | best_global_cost=4.085383 | iter_best=4.599516
2026-02-23 23:02:20 | INFO | underwater_sensor_ga.pso | PSO iter 703/1250 | best_global_cost=4.085383 | iter_best=4.528247
2026-02-23 23:02:21 | INFO | underwater_sensor_ga.pso | PSO iter 704/1250 | best_global_cost=4.085383 | iter_best=4.499589
2026-02-23 23:02:23 | INFO | underwater_sensor_ga.pso | PSO iter 705/1250 | best_global_cost=4.085383 | iter_best=4.658489
2026-02-23 23:02:25 | INFO | underwater_sensor_ga.pso | PSO iter 706/1250 | best_global_cost=4.085383 | iter_best=4.667011
2026-02-23 23:02:27 | INFO | underwater_sensor_ga.pso | PSO iter 707/1250 | best_global_cost=4.085383 | iter_best=4.653729
2026-02-23 23:02:29 | INFO | underwater_sensor_ga.pso | PSO iter 708/1250 | best_global_cost=4.085383 | iter_best=4.896481
2026-02-23 23:02:30 | INFO | underwater_sensor_ga.pso | PSO iter 709/1250 | best_global_cost=4.085383 | iter_best=4.811594
2026-02-23 23:02:32 | INFO | underwater_sensor_ga.pso | PSO iter 710/1250 | best_global_cost=4.085383 | iter_best=4.868692
2026-02-23 23:02:34 | INFO | underwater_sensor_ga.pso | PSO iter 711/1250 | best_global_cost=4.085383 | iter_best=4.858771
2026-02-23 23:02:36 | INFO | underwater_sensor_ga.pso | PSO iter 712/1250 | best_global_cost=4.085383 | iter_best=4.925771
2026-02-23 23:02:38 | INFO | underwater_sensor_ga.pso | PSO iter 713/1250 | best_global_cost=4.085383 | iter_best=4.663966
2026-02-23 23:02:39 | INFO | underwater_sensor_ga.pso | PSO iter 714/1250 | best_global_cost=4.085383 | iter_best=4.591812
2026-02-23 23:02:41 | INFO | underwater_sensor_ga.pso | PSO iter 715/1250 | best_global_cost=4.085383 | iter_best=4.681445
2026-02-23 23:02:43 | INFO | underwater_sensor_ga.pso | PSO iter 716/1250 | best_global_cost=4.085383 | iter_best=4.686503
2026-02-23 23:02:45 | INFO | underwater_sensor_ga.pso | PSO iter 717/1250 | best_global_cost=4.085383 | iter_best=4.456680
2026-02-23 23:02:47 | INFO | underwater_sensor_ga.pso | PSO iter 718/1250 | best_global_cost=4.085383 | iter_best=4.859806
2026-02-23 23:02:48 | INFO | underwater_sensor_ga.pso | PSO iter 719/1250 | best_global_cost=4.085383 | iter_best=4.713162
2026-02-23 23:02:50 | INFO | underwater_sensor_ga.pso | PSO iter 720/1250 | best_global_cost=4.085383 | iter_best=4.402222
2026-02-23 23:02:52 | INFO | underwater_sensor_ga.pso | PSO iter 721/1250 | best_global_cost=4.085383 | iter_best=4.839963
2026-02-23 23:02:54 | INFO | underwater_sensor_ga.pso | PSO iter 722/1250 | best_global_cost=4.085383 | iter_best=4.651304
2026-02-23 23:02:56 | INFO | underwater_sensor_ga.pso | PSO iter 723/1250 | best_global_cost=4.085383 | iter_best=4.889567
2026-02-23 23:02:57 | INFO | underwater_sensor_ga.pso | PSO iter 724/1250 | best_global_cost=4.085383 | iter_best=4.291805
2026-02-23 23:02:59 | INFO | underwater_sensor_ga.pso | PSO iter 725/1250 | best_global_cost=4.085383 | iter_best=4.731872
2026-02-23 23:03:01 | INFO | underwater_sensor_ga.pso | PSO iter 726/1250 | best_global_cost=4.085383 | iter_best=4.729017
2026-02-23 23:03:03 | INFO | underwater_sensor_ga.pso | PSO iter 727/1250 | best_global_cost=4.085383 | iter_best=4.566643
2026-02-23 23:03:05 | INFO | underwater_sensor_ga.pso | PSO iter 728/1250 | best_global_cost=4.085383 | iter_best=4.481467
2026-02-23 23:03:06 | INFO | underwater_sensor_ga.pso | PSO iter 729/1250 | best_global_cost=4.085383 | iter_best=4.558732
2026-02-23 23:03:08 | INFO | underwater_sensor_ga.pso | PSO iter 730/1250 | best_global_cost=4.085383 | iter_best=4.616392
2026-02-23 23:03:10 | INFO | underwater_sensor_ga.pso | PSO iter 731/1250 | best_global_cost=4.085383 | iter_best=4.835102
2026-02-23 23:03:12 | INFO | underwater_sensor_ga.pso | PSO iter 732/1250 | best_global_cost=4.085383 | iter_best=4.647907
2026-02-23 23:03:14 | INFO | underwater_sensor_ga.pso | PSO iter 733/1250 | best_global_cost=4.085383 | iter_best=4.593337
2026-02-23 23:03:16 | INFO | underwater_sensor_ga.pso | PSO iter 734/1250 | best_global_cost=4.085383 | iter_best=4.702784
2026-02-23 23:03:17 | INFO | underwater_sensor_ga.pso | PSO iter 735/1250 | best_global_cost=4.085383 | iter_best=4.507421
2026-02-23 23:03:19 | INFO | underwater_sensor_ga.pso | PSO iter 736/1250 | best_global_cost=4.085383 | iter_best=4.763201
2026-02-23 23:03:21 | INFO | underwater_sensor_ga.pso | PSO iter 737/1250 | best_global_cost=4.085383 | iter_best=4.800607
2026-02-23 23:03:23 | INFO | underwater_sensor_ga.pso | PSO iter 738/1250 | best_global_cost=4.085383 | iter_best=4.669960
2026-02-23 23:03:25 | INFO | underwater_sensor_ga.pso | PSO iter 739/1250 | best_global_cost=4.085383 | iter_best=4.848243
2026-02-23 23:03:26 | INFO | underwater_sensor_ga.pso | PSO iter 740/1250 | best_global_cost=4.085383 | iter_best=4.816858
2026-02-23 23:03:28 | INFO | underwater_sensor_ga.pso | PSO iter 741/1250 | best_global_cost=4.085383 | iter_best=4.913692
2026-02-23 23:03:30 | INFO | underwater_sensor_ga.pso | PSO iter 742/1250 | best_global_cost=4.085383 | iter_best=4.661779
2026-02-23 23:03:32 | INFO | underwater_sensor_ga.pso | PSO iter 743/1250 | best_global_cost=4.085383 | iter_best=4.663639
2026-02-23 23:03:34 | INFO | underwater_sensor_ga.pso | PSO iter 744/1250 | best_global_cost=4.085383 | iter_best=4.633211
2026-02-23 23:03:36 | INFO | underwater_sensor_ga.pso | PSO iter 745/1250 | best_global_cost=4.085383 | iter_best=4.689592
2026-02-23 23:03:37 | INFO | underwater_sensor_ga.pso | PSO iter 746/1250 | best_global_cost=4.085383 | iter_best=4.714616
2026-02-23 23:03:39 | INFO | underwater_sensor_ga.pso | PSO iter 747/1250 | best_global_cost=4.085383 | iter_best=4.760225
2026-02-23 23:03:41 | INFO | underwater_sensor_ga.pso | PSO iter 748/1250 | best_global_cost=4.085383 | iter_best=4.902277
2026-02-23 23:03:43 | INFO | underwater_sensor_ga.pso | PSO iter 749/1250 | best_global_cost=4.085383 | iter_best=4.694940
2026-02-23 23:03:45 | INFO | underwater_sensor_ga.pso | PSO iter 750/1250 | best_global_cost=4.085383 | iter_best=4.529574
2026-02-23 23:03:46 | INFO | underwater_sensor_ga.pso | PSO iter 751/1250 | best_global_cost=4.085383 | iter_best=4.662665
2026-02-23 23:03:48 | INFO | underwater_sensor_ga.pso | PSO iter 752/1250 | best_global_cost=4.085383 | iter_best=4.851606
2026-02-23 23:03:50 | INFO | underwater_sensor_ga.pso | PSO iter 753/1250 | best_global_cost=4.085383 | iter_best=4.641847
2026-02-23 23:03:52 | INFO | underwater_sensor_ga.pso | PSO iter 754/1250 | best_global_cost=4.085383 | iter_best=4.554797
2026-02-23 23:03:54 | INFO | underwater_sensor_ga.pso | PSO iter 755/1250 | best_global_cost=4.085383 | iter_best=4.794244
2026-02-23 23:03:55 | INFO | underwater_sensor_ga.pso | PSO iter 756/1250 | best_global_cost=4.085383 | iter_best=4.562042
2026-02-23 23:03:57 | INFO | underwater_sensor_ga.pso | PSO iter 757/1250 | best_global_cost=4.085383 | iter_best=4.918039
2026-02-23 23:03:59 | INFO | underwater_sensor_ga.pso | PSO iter 758/1250 | best_global_cost=4.085383 | iter_best=4.409210
2026-02-23 23:04:01 | INFO | underwater_sensor_ga.pso | PSO iter 759/1250 | best_global_cost=4.085383 | iter_best=4.742134
2026-02-23 23:04:03 | INFO | underwater_sensor_ga.pso | PSO iter 760/1250 | best_global_cost=4.085383 | iter_best=4.627029
2026-02-23 23:04:05 | INFO | underwater_sensor_ga.pso | PSO iter 761/1250 | best_global_cost=4.085383 | iter_best=4.811594
2026-02-23 23:04:06 | INFO | underwater_sensor_ga.pso | PSO iter 762/1250 | best_global_cost=4.085383 | iter_best=4.619178
2026-02-23 23:04:08 | INFO | underwater_sensor_ga.pso | PSO iter 763/1250 | best_global_cost=4.085383 | iter_best=4.505532
2026-02-23 23:04:10 | INFO | underwater_sensor_ga.pso | PSO iter 764/1250 | best_global_cost=4.085383 | iter_best=4.246999
2026-02-23 23:04:12 | INFO | underwater_sensor_ga.pso | PSO iter 765/1250 | best_global_cost=4.085383 | iter_best=4.746879
2026-02-23 23:04:14 | INFO | underwater_sensor_ga.pso | PSO iter 766/1250 | best_global_cost=4.085383 | iter_best=4.340166
2026-02-23 23:04:16 | INFO | underwater_sensor_ga.pso | PSO iter 767/1250 | best_global_cost=4.085383 | iter_best=4.671958
2026-02-23 23:04:17 | INFO | underwater_sensor_ga.pso | PSO iter 768/1250 | best_global_cost=4.085383 | iter_best=4.361860
2026-02-23 23:04:19 | INFO | underwater_sensor_ga.pso | PSO iter 769/1250 | best_global_cost=4.085383 | iter_best=4.448914
2026-02-23 23:04:21 | INFO | underwater_sensor_ga.pso | PSO iter 770/1250 | best_global_cost=4.085383 | iter_best=4.511918
2026-02-23 23:04:23 | INFO | underwater_sensor_ga.pso | PSO iter 771/1250 | best_global_cost=4.085383 | iter_best=4.857031
2026-02-23 23:04:25 | INFO | underwater_sensor_ga.pso | PSO iter 772/1250 | best_global_cost=4.085383 | iter_best=4.702996
2026-02-23 23:04:26 | INFO | underwater_sensor_ga.pso | PSO iter 773/1250 | best_global_cost=4.085383 | iter_best=4.590641
2026-02-23 23:04:28 | INFO | underwater_sensor_ga.pso | PSO iter 774/1250 | best_global_cost=4.085383 | iter_best=4.613306
2026-02-23 23:04:30 | INFO | underwater_sensor_ga.pso | PSO iter 775/1250 | best_global_cost=4.085383 | iter_best=4.670578
2026-02-23 23:04:32 | INFO | underwater_sensor_ga.pso | PSO iter 776/1250 | best_global_cost=4.085383 | iter_best=4.783905
2026-02-23 23:04:34 | INFO | underwater_sensor_ga.pso | PSO iter 777/1250 | best_global_cost=4.085383 | iter_best=4.867439
2026-02-23 23:04:35 | INFO | underwater_sensor_ga.pso | PSO iter 778/1250 | best_global_cost=4.085383 | iter_best=4.725525
2026-02-23 23:04:37 | INFO | underwater_sensor_ga.pso | PSO iter 779/1250 | best_global_cost=4.085383 | iter_best=4.597968
2026-02-23 23:04:39 | INFO | underwater_sensor_ga.pso | PSO iter 780/1250 | best_global_cost=4.085383 | iter_best=4.815130
2026-02-23 23:04:41 | INFO | underwater_sensor_ga.pso | PSO iter 781/1250 | best_global_cost=4.085383 | iter_best=4.942323
2026-02-23 23:04:43 | INFO | underwater_sensor_ga.pso | PSO iter 782/1250 | best_global_cost=4.085383 | iter_best=4.532695
2026-02-23 23:04:44 | INFO | underwater_sensor_ga.pso | PSO iter 783/1250 | best_global_cost=4.085383 | iter_best=4.590228
2026-02-23 23:04:46 | INFO | underwater_sensor_ga.pso | PSO iter 784/1250 | best_global_cost=4.085383 | iter_best=4.656354
2026-02-23 23:04:48 | INFO | underwater_sensor_ga.pso | PSO iter 785/1250 | best_global_cost=4.085383 | iter_best=4.972343
2026-02-23 23:04:50 | INFO | underwater_sensor_ga.pso | PSO iter 786/1250 | best_global_cost=4.085383 | iter_best=4.800350
2026-02-23 23:04:52 | INFO | underwater_sensor_ga.pso | PSO iter 787/1250 | best_global_cost=4.085383 | iter_best=4.798402
2026-02-23 23:04:54 | INFO | underwater_sensor_ga.pso | PSO iter 788/1250 | best_global_cost=4.085383 | iter_best=4.624088
2026-02-23 23:04:55 | INFO | underwater_sensor_ga.pso | PSO iter 789/1250 | best_global_cost=4.085383 | iter_best=4.589193
2026-02-23 23:04:57 | INFO | underwater_sensor_ga.pso | PSO iter 790/1250 | best_global_cost=4.085383 | iter_best=4.459068
2026-02-23 23:04:59 | INFO | underwater_sensor_ga.pso | PSO iter 791/1250 | best_global_cost=4.085383 | iter_best=4.652956
2026-02-23 23:05:01 | INFO | underwater_sensor_ga.pso | PSO iter 792/1250 | best_global_cost=4.085383 | iter_best=4.413139
2026-02-23 23:05:03 | INFO | underwater_sensor_ga.pso | PSO iter 793/1250 | best_global_cost=4.085383 | iter_best=4.911613
2026-02-23 23:05:04 | INFO | underwater_sensor_ga.pso | PSO iter 794/1250 | best_global_cost=4.085383 | iter_best=4.824414
2026-02-23 23:05:06 | INFO | underwater_sensor_ga.pso | PSO iter 795/1250 | best_global_cost=4.085383 | iter_best=4.695240
2026-02-23 23:05:08 | INFO | underwater_sensor_ga.pso | PSO iter 796/1250 | best_global_cost=4.085383 | iter_best=4.555165
2026-02-23 23:05:10 | INFO | underwater_sensor_ga.pso | PSO iter 797/1250 | best_global_cost=4.085383 | iter_best=4.466663
2026-02-23 23:05:12 | INFO | underwater_sensor_ga.pso | PSO iter 798/1250 | best_global_cost=4.085383 | iter_best=4.916119
2026-02-23 23:05:14 | INFO | underwater_sensor_ga.pso | PSO iter 799/1250 | best_global_cost=4.085383 | iter_best=4.529294
2026-02-23 23:05:15 | INFO | underwater_sensor_ga.pso | PSO iter 800/1250 | best_global_cost=4.085383 | iter_best=4.622196
2026-02-23 23:05:17 | INFO | underwater_sensor_ga.pso | PSO iter 801/1250 | best_global_cost=4.085383 | iter_best=4.747760
2026-02-23 23:05:19 | INFO | underwater_sensor_ga.pso | PSO iter 802/1250 | best_global_cost=4.085383 | iter_best=4.681810
2026-02-23 23:05:21 | INFO | underwater_sensor_ga.pso | PSO iter 803/1250 | best_global_cost=4.085383 | iter_best=4.818447
2026-02-23 23:05:23 | INFO | underwater_sensor_ga.pso | PSO iter 804/1250 | best_global_cost=4.085383 | iter_best=5.005169
2026-02-23 23:05:24 | INFO | underwater_sensor_ga.pso | PSO iter 805/1250 | best_global_cost=4.085383 | iter_best=4.713491
2026-02-23 23:05:26 | INFO | underwater_sensor_ga.pso | PSO iter 806/1250 | best_global_cost=4.085383 | iter_best=4.511896
2026-02-23 23:05:28 | INFO | underwater_sensor_ga.pso | PSO iter 807/1250 | best_global_cost=4.085383 | iter_best=4.624722
2026-02-23 23:05:30 | INFO | underwater_sensor_ga.pso | PSO iter 808/1250 | best_global_cost=4.085383 | iter_best=4.823263
2026-02-23 23:05:32 | INFO | underwater_sensor_ga.pso | PSO iter 809/1250 | best_global_cost=4.085383 | iter_best=4.461755
2026-02-23 23:05:33 | INFO | underwater_sensor_ga.pso | PSO iter 810/1250 | best_global_cost=4.085383 | iter_best=4.667942
2026-02-23 23:05:35 | INFO | underwater_sensor_ga.pso | PSO iter 811/1250 | best_global_cost=4.085383 | iter_best=4.800382
2026-02-23 23:05:37 | INFO | underwater_sensor_ga.pso | PSO iter 812/1250 | best_global_cost=4.085383 | iter_best=4.473867
2026-02-23 23:05:39 | INFO | underwater_sensor_ga.pso | PSO iter 813/1250 | best_global_cost=4.085383 | iter_best=4.852141
2026-02-23 23:05:41 | INFO | underwater_sensor_ga.pso | PSO iter 814/1250 | best_global_cost=4.085383 | iter_best=4.421782
2026-02-23 23:05:42 | INFO | underwater_sensor_ga.pso | PSO iter 815/1250 | best_global_cost=4.085383 | iter_best=4.501237
2026-02-23 23:05:44 | INFO | underwater_sensor_ga.pso | PSO iter 816/1250 | best_global_cost=4.085383 | iter_best=4.857715
2026-02-23 23:05:46 | INFO | underwater_sensor_ga.pso | PSO iter 817/1250 | best_global_cost=4.085383 | iter_best=4.855115
2026-02-23 23:05:48 | INFO | underwater_sensor_ga.pso | PSO iter 818/1250 | best_global_cost=4.085383 | iter_best=4.762611
2026-02-23 23:05:50 | INFO | underwater_sensor_ga.pso | PSO iter 819/1250 | best_global_cost=4.085383 | iter_best=4.681750
2026-02-23 23:05:51 | INFO | underwater_sensor_ga.pso | PSO iter 820/1250 | best_global_cost=4.085383 | iter_best=4.501972
2026-02-23 23:05:53 | INFO | underwater_sensor_ga.pso | PSO iter 821/1250 | best_global_cost=4.085383 | iter_best=4.823277
2026-02-23 23:05:55 | INFO | underwater_sensor_ga.pso | PSO iter 822/1250 | best_global_cost=4.085383 | iter_best=4.831636
2026-02-23 23:05:57 | INFO | underwater_sensor_ga.pso | PSO iter 823/1250 | best_global_cost=4.085383 | iter_best=4.723742
2026-02-23 23:05:59 | INFO | underwater_sensor_ga.pso | PSO iter 824/1250 | best_global_cost=4.085383 | iter_best=4.611639
2026-02-23 23:06:01 | INFO | underwater_sensor_ga.pso | PSO iter 825/1250 | best_global_cost=4.085383 | iter_best=4.756061
2026-02-23 23:06:02 | INFO | underwater_sensor_ga.pso | PSO iter 826/1250 | best_global_cost=4.085383 | iter_best=4.608490
2026-02-23 23:06:04 | INFO | underwater_sensor_ga.pso | PSO iter 827/1250 | best_global_cost=4.085383 | iter_best=4.858545
2026-02-23 23:06:06 | INFO | underwater_sensor_ga.pso | PSO iter 828/1250 | best_global_cost=4.085383 | iter_best=4.747600
2026-02-23 23:06:08 | INFO | underwater_sensor_ga.pso | PSO iter 829/1250 | best_global_cost=4.085383 | iter_best=4.459356
2026-02-23 23:06:10 | INFO | underwater_sensor_ga.pso | PSO iter 830/1250 | best_global_cost=4.085383 | iter_best=4.781704
2026-02-23 23:06:11 | INFO | underwater_sensor_ga.pso | PSO iter 831/1250 | best_global_cost=4.085383 | iter_best=4.509511
2026-02-23 23:06:13 | INFO | underwater_sensor_ga.pso | PSO iter 832/1250 | best_global_cost=4.085383 | iter_best=4.677345
2026-02-23 23:06:15 | INFO | underwater_sensor_ga.pso | PSO iter 833/1250 | best_global_cost=4.085383 | iter_best=4.790754
2026-02-23 23:06:17 | INFO | underwater_sensor_ga.pso | PSO iter 834/1250 | best_global_cost=4.085383 | iter_best=5.019388
2026-02-23 23:06:19 | INFO | underwater_sensor_ga.pso | PSO iter 835/1250 | best_global_cost=4.085383 | iter_best=4.669983
2026-02-23 23:06:20 | INFO | underwater_sensor_ga.pso | PSO iter 836/1250 | best_global_cost=4.085383 | iter_best=4.564463
2026-02-23 23:06:22 | INFO | underwater_sensor_ga.pso | PSO iter 837/1250 | best_global_cost=4.085383 | iter_best=4.706038
2026-02-23 23:06:24 | INFO | underwater_sensor_ga.pso | PSO iter 838/1250 | best_global_cost=4.085383 | iter_best=4.441123
2026-02-23 23:06:26 | INFO | underwater_sensor_ga.pso | PSO iter 839/1250 | best_global_cost=4.085383 | iter_best=4.669213
2026-02-23 23:06:28 | INFO | underwater_sensor_ga.pso | PSO iter 840/1250 | best_global_cost=4.085383 | iter_best=4.700518
2026-02-23 23:06:30 | INFO | underwater_sensor_ga.pso | PSO iter 841/1250 | best_global_cost=4.085383 | iter_best=4.873750
2026-02-23 23:06:31 | INFO | underwater_sensor_ga.pso | PSO iter 842/1250 | best_global_cost=4.085383 | iter_best=4.784503
2026-02-23 23:06:33 | INFO | underwater_sensor_ga.pso | PSO iter 843/1250 | best_global_cost=4.085383 | iter_best=4.722342
2026-02-23 23:06:35 | INFO | underwater_sensor_ga.pso | PSO iter 844/1250 | best_global_cost=4.085383 | iter_best=4.816405
2026-02-23 23:06:37 | INFO | underwater_sensor_ga.pso | PSO iter 845/1250 | best_global_cost=4.085383 | iter_best=4.278852
2026-02-23 23:06:39 | INFO | underwater_sensor_ga.pso | PSO iter 846/1250 | best_global_cost=4.085383 | iter_best=4.758355
2026-02-23 23:06:41 | INFO | underwater_sensor_ga.pso | PSO iter 847/1250 | best_global_cost=4.085383 | iter_best=4.632781
2026-02-23 23:06:42 | INFO | underwater_sensor_ga.pso | PSO iter 848/1250 | best_global_cost=4.085383 | iter_best=4.737901
2026-02-23 23:06:44 | INFO | underwater_sensor_ga.pso | PSO iter 849/1250 | best_global_cost=4.085383 | iter_best=4.933767
2026-02-23 23:06:46 | INFO | underwater_sensor_ga.pso | PSO iter 850/1250 | best_global_cost=4.085383 | iter_best=4.664453
2026-02-23 23:06:48 | INFO | underwater_sensor_ga.pso | PSO iter 851/1250 | best_global_cost=4.085383 | iter_best=4.645414
2026-02-23 23:06:50 | INFO | underwater_sensor_ga.pso | PSO iter 852/1250 | best_global_cost=4.085383 | iter_best=4.786213
2026-02-23 23:06:52 | INFO | underwater_sensor_ga.pso | PSO iter 853/1250 | best_global_cost=4.085383 | iter_best=4.508534
2026-02-23 23:06:53 | INFO | underwater_sensor_ga.pso | PSO iter 854/1250 | best_global_cost=4.085383 | iter_best=4.762782
2026-02-23 23:06:55 | INFO | underwater_sensor_ga.pso | PSO iter 855/1250 | best_global_cost=4.085383 | iter_best=4.630429
2026-02-23 23:06:57 | INFO | underwater_sensor_ga.pso | PSO iter 856/1250 | best_global_cost=4.085383 | iter_best=4.881802
2026-02-23 23:06:59 | INFO | underwater_sensor_ga.pso | PSO iter 857/1250 | best_global_cost=4.085383 | iter_best=4.787422
2026-02-23 23:07:01 | INFO | underwater_sensor_ga.pso | PSO iter 858/1250 | best_global_cost=4.085383 | iter_best=4.520438
2026-02-23 23:07:02 | INFO | underwater_sensor_ga.pso | PSO iter 859/1250 | best_global_cost=4.085383 | iter_best=4.899289
2026-02-23 23:07:04 | INFO | underwater_sensor_ga.pso | PSO iter 860/1250 | best_global_cost=4.085383 | iter_best=4.560502
2026-02-23 23:07:06 | INFO | underwater_sensor_ga.pso | PSO iter 861/1250 | best_global_cost=4.085383 | iter_best=4.898682
2026-02-23 23:07:08 | INFO | underwater_sensor_ga.pso | PSO iter 862/1250 | best_global_cost=4.085383 | iter_best=4.432664
2026-02-23 23:07:10 | INFO | underwater_sensor_ga.pso | PSO iter 863/1250 | best_global_cost=4.085383 | iter_best=4.675902
2026-02-23 23:07:11 | INFO | underwater_sensor_ga.pso | PSO iter 864/1250 | best_global_cost=4.085383 | iter_best=4.620686
2026-02-23 23:07:13 | INFO | underwater_sensor_ga.pso | PSO iter 865/1250 | best_global_cost=4.085383 | iter_best=4.711440
2026-02-23 23:07:15 | INFO | underwater_sensor_ga.pso | PSO iter 866/1250 | best_global_cost=4.085383 | iter_best=4.820694
2026-02-23 23:07:17 | INFO | underwater_sensor_ga.pso | PSO iter 867/1250 | best_global_cost=4.085383 | iter_best=4.660402
2026-02-23 23:07:19 | INFO | underwater_sensor_ga.pso | PSO iter 868/1250 | best_global_cost=4.085383 | iter_best=4.756804
2026-02-23 23:07:21 | INFO | underwater_sensor_ga.pso | PSO iter 869/1250 | best_global_cost=4.085383 | iter_best=4.814355
2026-02-23 23:07:22 | INFO | underwater_sensor_ga.pso | PSO iter 870/1250 | best_global_cost=4.085383 | iter_best=4.720554
2026-02-23 23:07:24 | INFO | underwater_sensor_ga.pso | PSO iter 871/1250 | best_global_cost=4.085383 | iter_best=4.638260
2026-02-23 23:07:26 | INFO | underwater_sensor_ga.pso | PSO iter 872/1250 | best_global_cost=4.085383 | iter_best=4.586380
2026-02-23 23:07:28 | INFO | underwater_sensor_ga.pso | PSO iter 873/1250 | best_global_cost=4.085383 | iter_best=4.777207
2026-02-23 23:07:30 | INFO | underwater_sensor_ga.pso | PSO iter 874/1250 | best_global_cost=4.085383 | iter_best=4.717407
2026-02-23 23:07:31 | INFO | underwater_sensor_ga.pso | PSO iter 875/1250 | best_global_cost=4.085383 | iter_best=4.446360
2026-02-23 23:07:33 | INFO | underwater_sensor_ga.pso | PSO iter 876/1250 | best_global_cost=4.085383 | iter_best=4.964428
2026-02-23 23:07:35 | INFO | underwater_sensor_ga.pso | PSO iter 877/1250 | best_global_cost=4.085383 | iter_best=4.611725
2026-02-23 23:07:37 | INFO | underwater_sensor_ga.pso | PSO iter 878/1250 | best_global_cost=4.085383 | iter_best=4.806903
2026-02-23 23:07:39 | INFO | underwater_sensor_ga.pso | PSO iter 879/1250 | best_global_cost=4.085383 | iter_best=4.466629
2026-02-23 23:07:40 | INFO | underwater_sensor_ga.pso | PSO iter 880/1250 | best_global_cost=4.085383 | iter_best=4.690459
2026-02-23 23:07:42 | INFO | underwater_sensor_ga.pso | PSO iter 881/1250 | best_global_cost=4.085383 | iter_best=4.574808
2026-02-23 23:07:44 | INFO | underwater_sensor_ga.pso | PSO iter 882/1250 | best_global_cost=4.085383 | iter_best=4.834388
2026-02-23 23:07:46 | INFO | underwater_sensor_ga.pso | PSO iter 883/1250 | best_global_cost=4.085383 | iter_best=4.917481
2026-02-23 23:07:48 | INFO | underwater_sensor_ga.pso | PSO iter 884/1250 | best_global_cost=4.085383 | iter_best=4.923252
2026-02-23 23:07:49 | INFO | underwater_sensor_ga.pso | PSO iter 885/1250 | best_global_cost=4.085383 | iter_best=4.857427
2026-02-23 23:07:51 | INFO | underwater_sensor_ga.pso | PSO iter 886/1250 | best_global_cost=4.085383 | iter_best=4.903749
2026-02-23 23:07:53 | INFO | underwater_sensor_ga.pso | PSO iter 887/1250 | best_global_cost=4.085383 | iter_best=4.483191
2026-02-23 23:07:55 | INFO | underwater_sensor_ga.pso | PSO iter 888/1250 | best_global_cost=4.085383 | iter_best=4.656073
2026-02-23 23:07:57 | INFO | underwater_sensor_ga.pso | PSO iter 889/1250 | best_global_cost=4.085383 | iter_best=4.492718
2026-02-23 23:07:58 | INFO | underwater_sensor_ga.pso | PSO iter 890/1250 | best_global_cost=4.085383 | iter_best=4.552242
2026-02-23 23:08:00 | INFO | underwater_sensor_ga.pso | PSO iter 891/1250 | best_global_cost=4.085383 | iter_best=4.911112
2026-02-23 23:08:02 | INFO | underwater_sensor_ga.pso | PSO iter 892/1250 | best_global_cost=4.085383 | iter_best=4.561799
2026-02-23 23:08:04 | INFO | underwater_sensor_ga.pso | PSO iter 893/1250 | best_global_cost=4.085383 | iter_best=4.599417
2026-02-23 23:08:05 | INFO | underwater_sensor_ga.pso | PSO iter 894/1250 | best_global_cost=4.085383 | iter_best=4.658511
2026-02-23 23:08:07 | INFO | underwater_sensor_ga.pso | PSO iter 895/1250 | best_global_cost=4.085383 | iter_best=4.871245
2026-02-23 23:08:09 | INFO | underwater_sensor_ga.pso | PSO iter 896/1250 | best_global_cost=4.085383 | iter_best=4.996530
2026-02-23 23:08:11 | INFO | underwater_sensor_ga.pso | PSO iter 897/1250 | best_global_cost=4.085383 | iter_best=4.457202
2026-02-23 23:08:13 | INFO | underwater_sensor_ga.pso | PSO iter 898/1250 | best_global_cost=4.085383 | iter_best=4.722407
2026-02-23 23:08:15 | INFO | underwater_sensor_ga.pso | PSO iter 899/1250 | best_global_cost=4.085383 | iter_best=4.847754
2026-02-23 23:08:16 | INFO | underwater_sensor_ga.pso | PSO iter 900/1250 | best_global_cost=4.085383 | iter_best=4.887567
2026-02-23 23:08:18 | INFO | underwater_sensor_ga.pso | PSO iter 901/1250 | best_global_cost=4.085383 | iter_best=4.488347
2026-02-23 23:08:20 | INFO | underwater_sensor_ga.pso | PSO iter 902/1250 | best_global_cost=4.085383 | iter_best=4.747924
2026-02-23 23:08:22 | INFO | underwater_sensor_ga.pso | PSO iter 903/1250 | best_global_cost=4.085383 | iter_best=4.731261
2026-02-23 23:08:24 | INFO | underwater_sensor_ga.pso | PSO iter 904/1250 | best_global_cost=4.085383 | iter_best=4.895917
2026-02-23 23:08:25 | INFO | underwater_sensor_ga.pso | PSO iter 905/1250 | best_global_cost=4.085383 | iter_best=4.562908
2026-02-23 23:08:27 | INFO | underwater_sensor_ga.pso | PSO iter 906/1250 | best_global_cost=4.085383 | iter_best=4.588863
2026-02-23 23:08:29 | INFO | underwater_sensor_ga.pso | PSO iter 907/1250 | best_global_cost=4.085383 | iter_best=4.705076
2026-02-23 23:08:31 | INFO | underwater_sensor_ga.pso | PSO iter 908/1250 | best_global_cost=4.085383 | iter_best=4.805054
2026-02-23 23:08:33 | INFO | underwater_sensor_ga.pso | PSO iter 909/1250 | best_global_cost=4.085383 | iter_best=4.896911
2026-02-23 23:08:34 | INFO | underwater_sensor_ga.pso | PSO iter 910/1250 | best_global_cost=4.085383 | iter_best=4.908354
2026-02-23 23:08:36 | INFO | underwater_sensor_ga.pso | PSO iter 911/1250 | best_global_cost=4.085383 | iter_best=4.506399
2026-02-23 23:08:38 | INFO | underwater_sensor_ga.pso | PSO iter 912/1250 | best_global_cost=4.085383 | iter_best=5.110900
2026-02-23 23:08:40 | INFO | underwater_sensor_ga.pso | PSO iter 913/1250 | best_global_cost=4.085383 | iter_best=4.448090
2026-02-23 23:08:42 | INFO | underwater_sensor_ga.pso | PSO iter 914/1250 | best_global_cost=4.085383 | iter_best=4.998540
2026-02-23 23:08:44 | INFO | underwater_sensor_ga.pso | PSO iter 915/1250 | best_global_cost=4.085383 | iter_best=4.671805
2026-02-23 23:08:45 | INFO | underwater_sensor_ga.pso | PSO iter 916/1250 | best_global_cost=4.085383 | iter_best=4.681243
2026-02-23 23:08:47 | INFO | underwater_sensor_ga.pso | PSO iter 917/1250 | best_global_cost=4.085383 | iter_best=4.583353
2026-02-23 23:08:49 | INFO | underwater_sensor_ga.pso | PSO iter 918/1250 | best_global_cost=4.085383 | iter_best=4.864866
2026-02-23 23:08:51 | INFO | underwater_sensor_ga.pso | PSO iter 919/1250 | best_global_cost=4.085383 | iter_best=4.764058
2026-02-23 23:08:53 | INFO | underwater_sensor_ga.pso | PSO iter 920/1250 | best_global_cost=4.085383 | iter_best=4.414699
2026-02-23 23:08:54 | INFO | underwater_sensor_ga.pso | PSO iter 921/1250 | best_global_cost=4.085383 | iter_best=4.873208
2026-02-23 23:08:56 | INFO | underwater_sensor_ga.pso | PSO iter 922/1250 | best_global_cost=4.085383 | iter_best=4.488422
2026-02-23 23:08:58 | INFO | underwater_sensor_ga.pso | PSO iter 923/1250 | best_global_cost=4.085383 | iter_best=4.484128
2026-02-23 23:09:00 | INFO | underwater_sensor_ga.pso | PSO iter 924/1250 | best_global_cost=4.085383 | iter_best=4.544457
2026-02-23 23:09:02 | INFO | underwater_sensor_ga.pso | PSO iter 925/1250 | best_global_cost=4.085383 | iter_best=4.654052
2026-02-23 23:09:03 | INFO | underwater_sensor_ga.pso | PSO iter 926/1250 | best_global_cost=4.085383 | iter_best=4.687458
2026-02-23 23:09:05 | INFO | underwater_sensor_ga.pso | PSO iter 927/1250 | best_global_cost=4.085383 | iter_best=4.525564
2026-02-23 23:09:07 | INFO | underwater_sensor_ga.pso | PSO iter 928/1250 | best_global_cost=4.085383 | iter_best=4.526798
2026-02-23 23:09:09 | INFO | underwater_sensor_ga.pso | PSO iter 929/1250 | best_global_cost=4.085383 | iter_best=4.861515
2026-02-23 23:09:11 | INFO | underwater_sensor_ga.pso | PSO iter 930/1250 | best_global_cost=4.085383 | iter_best=4.572846
2026-02-23 23:09:12 | INFO | underwater_sensor_ga.pso | PSO iter 931/1250 | best_global_cost=4.085383 | iter_best=4.743796
2026-02-23 23:09:14 | INFO | underwater_sensor_ga.pso | PSO iter 932/1250 | best_global_cost=4.085383 | iter_best=4.556708
2026-02-23 23:09:16 | INFO | underwater_sensor_ga.pso | PSO iter 933/1250 | best_global_cost=4.085383 | iter_best=4.667623
2026-02-23 23:09:18 | INFO | underwater_sensor_ga.pso | PSO iter 934/1250 | best_global_cost=4.085383 | iter_best=4.757986
2026-02-23 23:09:19 | INFO | underwater_sensor_ga.pso | PSO iter 935/1250 | best_global_cost=4.085383 | iter_best=4.753597
2026-02-23 23:09:21 | INFO | underwater_sensor_ga.pso | PSO iter 936/1250 | best_global_cost=4.085383 | iter_best=4.767910
2026-02-23 23:09:23 | INFO | underwater_sensor_ga.pso | PSO iter 937/1250 | best_global_cost=4.085383 | iter_best=4.694742
2026-02-23 23:09:25 | INFO | underwater_sensor_ga.pso | PSO iter 938/1250 | best_global_cost=4.085383 | iter_best=4.748925
2026-02-23 23:09:27 | INFO | underwater_sensor_ga.pso | PSO iter 939/1250 | best_global_cost=4.085383 | iter_best=4.612446
2026-02-23 23:09:28 | INFO | underwater_sensor_ga.pso | PSO iter 940/1250 | best_global_cost=4.085383 | iter_best=4.585698
2026-02-23 23:09:30 | INFO | underwater_sensor_ga.pso | PSO iter 941/1250 | best_global_cost=4.085383 | iter_best=4.699429
2026-02-23 23:09:32 | INFO | underwater_sensor_ga.pso | PSO iter 942/1250 | best_global_cost=4.085383 | iter_best=4.654697
2026-02-23 23:09:34 | INFO | underwater_sensor_ga.pso | PSO iter 943/1250 | best_global_cost=4.085383 | iter_best=4.660081
2026-02-23 23:09:36 | INFO | underwater_sensor_ga.pso | PSO iter 944/1250 | best_global_cost=4.085383 | iter_best=4.256613
2026-02-23 23:09:38 | INFO | underwater_sensor_ga.pso | PSO iter 945/1250 | best_global_cost=4.085383 | iter_best=4.828686
2026-02-23 23:09:39 | INFO | underwater_sensor_ga.pso | PSO iter 946/1250 | best_global_cost=4.085383 | iter_best=4.960055
2026-02-23 23:09:41 | INFO | underwater_sensor_ga.pso | PSO iter 947/1250 | best_global_cost=4.085383 | iter_best=4.599977
2026-02-23 23:09:43 | INFO | underwater_sensor_ga.pso | PSO iter 948/1250 | best_global_cost=4.085383 | iter_best=4.830788
2026-02-23 23:09:45 | INFO | underwater_sensor_ga.pso | PSO iter 949/1250 | best_global_cost=4.085383 | iter_best=4.639865
2026-02-23 23:09:46 | INFO | underwater_sensor_ga.pso | PSO iter 950/1250 | best_global_cost=4.085383 | iter_best=4.425942
2026-02-23 23:09:48 | INFO | underwater_sensor_ga.pso | PSO iter 951/1250 | best_global_cost=4.085383 | iter_best=4.659557
2026-02-23 23:09:50 | INFO | underwater_sensor_ga.pso | PSO iter 952/1250 | best_global_cost=4.085383 | iter_best=4.866286
2026-02-23 23:09:52 | INFO | underwater_sensor_ga.pso | PSO iter 953/1250 | best_global_cost=4.085383 | iter_best=4.747924
2026-02-23 23:09:53 | INFO | underwater_sensor_ga.pso | PSO iter 954/1250 | best_global_cost=4.085383 | iter_best=4.628931
2026-02-23 23:09:55 | INFO | underwater_sensor_ga.pso | PSO iter 955/1250 | best_global_cost=4.085383 | iter_best=4.907201
2026-02-23 23:09:57 | INFO | underwater_sensor_ga.pso | PSO iter 956/1250 | best_global_cost=4.085383 | iter_best=4.591446
2026-02-23 23:09:58 | INFO | underwater_sensor_ga.pso | PSO iter 957/1250 | best_global_cost=4.085383 | iter_best=4.751657
2026-02-23 23:10:00 | INFO | underwater_sensor_ga.pso | PSO iter 958/1250 | best_global_cost=4.085383 | iter_best=4.692757
2026-02-23 23:10:02 | INFO | underwater_sensor_ga.pso | PSO iter 959/1250 | best_global_cost=4.085383 | iter_best=4.602885
2026-02-23 23:10:04 | INFO | underwater_sensor_ga.pso | PSO iter 960/1250 | best_global_cost=4.085383 | iter_best=4.861394
2026-02-23 23:10:05 | INFO | underwater_sensor_ga.pso | PSO iter 961/1250 | best_global_cost=4.085383 | iter_best=4.707686
2026-02-23 23:10:07 | INFO | underwater_sensor_ga.pso | PSO iter 962/1250 | best_global_cost=4.085383 | iter_best=4.843710
2026-02-23 23:10:09 | INFO | underwater_sensor_ga.pso | PSO iter 963/1250 | best_global_cost=4.085383 | iter_best=4.644860
2026-02-23 23:10:11 | INFO | underwater_sensor_ga.pso | PSO iter 964/1250 | best_global_cost=4.085383 | iter_best=4.677261
2026-02-23 23:10:12 | INFO | underwater_sensor_ga.pso | PSO iter 965/1250 | best_global_cost=4.085383 | iter_best=4.940647
2026-02-23 23:10:14 | INFO | underwater_sensor_ga.pso | PSO iter 966/1250 | best_global_cost=4.085383 | iter_best=4.627029
2026-02-23 23:10:16 | INFO | underwater_sensor_ga.pso | PSO iter 967/1250 | best_global_cost=4.085383 | iter_best=4.609674
2026-02-23 23:10:18 | INFO | underwater_sensor_ga.pso | PSO iter 968/1250 | best_global_cost=4.085383 | iter_best=4.486874
2026-02-23 23:10:19 | INFO | underwater_sensor_ga.pso | PSO iter 969/1250 | best_global_cost=4.085383 | iter_best=4.574455
2026-02-23 23:10:21 | INFO | underwater_sensor_ga.pso | PSO iter 970/1250 | best_global_cost=4.085383 | iter_best=4.510850
2026-02-23 23:10:23 | INFO | underwater_sensor_ga.pso | PSO iter 971/1250 | best_global_cost=4.085383 | iter_best=4.809747
2026-02-23 23:10:25 | INFO | underwater_sensor_ga.pso | PSO iter 972/1250 | best_global_cost=4.085383 | iter_best=4.887773
2026-02-23 23:10:26 | INFO | underwater_sensor_ga.pso | PSO iter 973/1250 | best_global_cost=4.085383 | iter_best=4.630535
2026-02-23 23:10:28 | INFO | underwater_sensor_ga.pso | PSO iter 974/1250 | best_global_cost=4.085383 | iter_best=4.683137
2026-02-23 23:10:30 | INFO | underwater_sensor_ga.pso | PSO iter 975/1250 | best_global_cost=4.085383 | iter_best=4.680833
2026-02-23 23:10:32 | INFO | underwater_sensor_ga.pso | PSO iter 976/1250 | best_global_cost=4.085383 | iter_best=4.511896
2026-02-23 23:10:33 | INFO | underwater_sensor_ga.pso | PSO iter 977/1250 | best_global_cost=4.085383 | iter_best=4.742989
2026-02-23 23:10:35 | INFO | underwater_sensor_ga.pso | PSO iter 978/1250 | best_global_cost=4.085383 | iter_best=4.654560
2026-02-23 23:10:37 | INFO | underwater_sensor_ga.pso | PSO iter 979/1250 | best_global_cost=4.085383 | iter_best=4.677361
2026-02-23 23:10:39 | INFO | underwater_sensor_ga.pso | PSO iter 980/1250 | best_global_cost=4.085383 | iter_best=4.756268
2026-02-23 23:10:40 | INFO | underwater_sensor_ga.pso | PSO iter 981/1250 | best_global_cost=4.085383 | iter_best=4.542801
2026-02-23 23:10:42 | INFO | underwater_sensor_ga.pso | PSO iter 982/1250 | best_global_cost=4.085383 | iter_best=4.548436
2026-02-23 23:10:44 | INFO | underwater_sensor_ga.pso | PSO iter 983/1250 | best_global_cost=4.085383 | iter_best=4.832257
2026-02-23 23:10:46 | INFO | underwater_sensor_ga.pso | PSO iter 984/1250 | best_global_cost=4.085383 | iter_best=4.459301
2026-02-23 23:10:47 | INFO | underwater_sensor_ga.pso | PSO iter 985/1250 | best_global_cost=4.085383 | iter_best=4.784658
2026-02-23 23:10:49 | INFO | underwater_sensor_ga.pso | PSO iter 986/1250 | best_global_cost=4.085383 | iter_best=4.756017
2026-02-23 23:10:51 | INFO | underwater_sensor_ga.pso | PSO iter 987/1250 | best_global_cost=4.085383 | iter_best=4.519406
2026-02-23 23:10:53 | INFO | underwater_sensor_ga.pso | PSO iter 988/1250 | best_global_cost=4.085383 | iter_best=4.959614
2026-02-23 23:10:54 | INFO | underwater_sensor_ga.pso | PSO iter 989/1250 | best_global_cost=4.085383 | iter_best=4.431401
2026-02-23 23:10:56 | INFO | underwater_sensor_ga.pso | PSO iter 990/1250 | best_global_cost=4.085383 | iter_best=4.555737
2026-02-23 23:10:58 | INFO | underwater_sensor_ga.pso | PSO iter 991/1250 | best_global_cost=4.085383 | iter_best=4.696888
2026-02-23 23:10:59 | INFO | underwater_sensor_ga.pso | PSO iter 992/1250 | best_global_cost=4.085383 | iter_best=4.753125
2026-02-23 23:11:01 | INFO | underwater_sensor_ga.pso | PSO iter 993/1250 | best_global_cost=4.085383 | iter_best=4.532482
2026-02-23 23:11:03 | INFO | underwater_sensor_ga.pso | PSO iter 994/1250 | best_global_cost=4.085383 | iter_best=4.754228
2026-02-23 23:11:04 | INFO | underwater_sensor_ga.pso | PSO iter 995/1250 | best_global_cost=4.085383 | iter_best=4.728667
2026-02-23 23:11:06 | INFO | underwater_sensor_ga.pso | PSO iter 996/1250 | best_global_cost=4.085383 | iter_best=4.723890
2026-02-23 23:11:08 | INFO | underwater_sensor_ga.pso | PSO iter 997/1250 | best_global_cost=4.085383 | iter_best=4.841092
2026-02-23 23:11:09 | INFO | underwater_sensor_ga.pso | PSO iter 998/1250 | best_global_cost=4.085383 | iter_best=4.749394
2026-02-23 23:11:11 | INFO | underwater_sensor_ga.pso | PSO iter 999/1250 | best_global_cost=4.085383 | iter_best=4.725902
2026-02-23 23:11:13 | INFO | underwater_sensor_ga.pso | PSO iter 1000/1250 | best_global_cost=4.085383 | iter_best=4.550508
2026-02-23 23:11:15 | INFO | underwater_sensor_ga.pso | PSO iter 1001/1250 | best_global_cost=4.085383 | iter_best=4.797794
2026-02-23 23:11:16 | INFO | underwater_sensor_ga.pso | PSO iter 1002/1250 | best_global_cost=4.085383 | iter_best=4.992647
2026-02-23 23:11:18 | INFO | underwater_sensor_ga.pso | PSO iter 1003/1250 | best_global_cost=4.085383 | iter_best=4.324276
2026-02-23 23:11:20 | INFO | underwater_sensor_ga.pso | PSO iter 1004/1250 | best_global_cost=4.085383 | iter_best=4.877055
2026-02-23 23:11:21 | INFO | underwater_sensor_ga.pso | PSO iter 1005/1250 | best_global_cost=4.085383 | iter_best=4.820333
2026-02-23 23:11:23 | INFO | underwater_sensor_ga.pso | PSO iter 1006/1250 | best_global_cost=4.085383 | iter_best=4.648861
2026-02-23 23:11:25 | INFO | underwater_sensor_ga.pso | PSO iter 1007/1250 | best_global_cost=4.085383 | iter_best=4.360396
2026-02-23 23:11:27 | INFO | underwater_sensor_ga.pso | PSO iter 1008/1250 | best_global_cost=4.085383 | iter_best=4.657005
2026-02-23 23:11:28 | INFO | underwater_sensor_ga.pso | PSO iter 1009/1250 | best_global_cost=4.085383 | iter_best=4.720769
2026-02-23 23:11:30 | INFO | underwater_sensor_ga.pso | PSO iter 1010/1250 | best_global_cost=4.085383 | iter_best=4.786398
2026-02-23 23:11:32 | INFO | underwater_sensor_ga.pso | PSO iter 1011/1250 | best_global_cost=4.085383 | iter_best=4.315459
2026-02-23 23:11:34 | INFO | underwater_sensor_ga.pso | PSO iter 1012/1250 | best_global_cost=4.085383 | iter_best=4.532117
2026-02-23 23:11:36 | INFO | underwater_sensor_ga.pso | PSO iter 1013/1250 | best_global_cost=4.085383 | iter_best=4.728728
2026-02-23 23:11:37 | INFO | underwater_sensor_ga.pso | PSO iter 1014/1250 | best_global_cost=4.085383 | iter_best=4.752316
2026-02-23 23:11:39 | INFO | underwater_sensor_ga.pso | PSO iter 1015/1250 | best_global_cost=4.085383 | iter_best=4.468974
2026-02-23 23:11:41 | INFO | underwater_sensor_ga.pso | PSO iter 1016/1250 | best_global_cost=4.085383 | iter_best=4.608762
2026-02-23 23:11:42 | INFO | underwater_sensor_ga.pso | PSO iter 1017/1250 | best_global_cost=4.085383 | iter_best=4.343595
2026-02-23 23:11:44 | INFO | underwater_sensor_ga.pso | PSO iter 1018/1250 | best_global_cost=4.085383 | iter_best=4.653568
2026-02-23 23:11:46 | INFO | underwater_sensor_ga.pso | PSO iter 1019/1250 | best_global_cost=4.085383 | iter_best=4.811764
2026-02-23 23:11:48 | INFO | underwater_sensor_ga.pso | PSO iter 1020/1250 | best_global_cost=4.085383 | iter_best=4.737805
2026-02-23 23:11:49 | INFO | underwater_sensor_ga.pso | PSO iter 1021/1250 | best_global_cost=4.085383 | iter_best=4.595506
2026-02-23 23:11:51 | INFO | underwater_sensor_ga.pso | PSO iter 1022/1250 | best_global_cost=4.085383 | iter_best=4.782270
2026-02-23 23:11:53 | INFO | underwater_sensor_ga.pso | PSO iter 1023/1250 | best_global_cost=4.085383 | iter_best=4.517474
2026-02-23 23:11:54 | INFO | underwater_sensor_ga.pso | PSO iter 1024/1250 | best_global_cost=4.085383 | iter_best=4.774563
2026-02-23 23:11:56 | INFO | underwater_sensor_ga.pso | PSO iter 1025/1250 | best_global_cost=4.085383 | iter_best=4.718282
2026-02-23 23:11:58 | INFO | underwater_sensor_ga.pso | PSO iter 1026/1250 | best_global_cost=4.085383 | iter_best=4.434907
2026-02-23 23:12:00 | INFO | underwater_sensor_ga.pso | PSO iter 1027/1250 | best_global_cost=4.085383 | iter_best=4.633787
2026-02-23 23:12:01 | INFO | underwater_sensor_ga.pso | PSO iter 1028/1250 | best_global_cost=4.085383 | iter_best=4.641595
2026-02-23 23:12:03 | INFO | underwater_sensor_ga.pso | PSO iter 1029/1250 | best_global_cost=4.085383 | iter_best=4.660094
2026-02-23 23:12:05 | INFO | underwater_sensor_ga.pso | PSO iter 1030/1250 | best_global_cost=4.085383 | iter_best=4.384303
2026-02-23 23:12:07 | INFO | underwater_sensor_ga.pso | PSO iter 1031/1250 | best_global_cost=4.085383 | iter_best=4.902453
2026-02-23 23:12:09 | INFO | underwater_sensor_ga.pso | PSO iter 1032/1250 | best_global_cost=4.085383 | iter_best=4.660399
2026-02-23 23:12:10 | INFO | underwater_sensor_ga.pso | PSO iter 1033/1250 | best_global_cost=4.085383 | iter_best=4.765128
2026-02-23 23:12:12 | INFO | underwater_sensor_ga.pso | PSO iter 1034/1250 | best_global_cost=4.085383 | iter_best=4.775815
2026-02-23 23:12:14 | INFO | underwater_sensor_ga.pso | PSO iter 1035/1250 | best_global_cost=4.085383 | iter_best=4.489526
2026-02-23 23:12:16 | INFO | underwater_sensor_ga.pso | PSO iter 1036/1250 | best_global_cost=4.085383 | iter_best=4.622733
2026-02-23 23:12:17 | INFO | underwater_sensor_ga.pso | PSO iter 1037/1250 | best_global_cost=4.085383 | iter_best=4.575237
2026-02-23 23:12:19 | INFO | underwater_sensor_ga.pso | PSO iter 1038/1250 | best_global_cost=4.085383 | iter_best=4.887388
2026-02-23 23:12:21 | INFO | underwater_sensor_ga.pso | PSO iter 1039/1250 | best_global_cost=4.085383 | iter_best=4.661936
2026-02-23 23:12:22 | INFO | underwater_sensor_ga.pso | PSO iter 1040/1250 | best_global_cost=4.085383 | iter_best=4.650132
2026-02-23 23:12:24 | INFO | underwater_sensor_ga.pso | PSO iter 1041/1250 | best_global_cost=4.085383 | iter_best=4.593040
2026-02-23 23:12:26 | INFO | underwater_sensor_ga.pso | PSO iter 1042/1250 | best_global_cost=4.085383 | iter_best=4.628293
2026-02-23 23:12:28 | INFO | underwater_sensor_ga.pso | PSO iter 1043/1250 | best_global_cost=4.085383 | iter_best=4.570537
2026-02-23 23:12:29 | INFO | underwater_sensor_ga.pso | PSO iter 1044/1250 | best_global_cost=4.085383 | iter_best=4.573886
2026-02-23 23:12:31 | INFO | underwater_sensor_ga.pso | PSO iter 1045/1250 | best_global_cost=4.085383 | iter_best=4.751384
2026-02-23 23:12:33 | INFO | underwater_sensor_ga.pso | PSO iter 1046/1250 | best_global_cost=4.085383 | iter_best=4.892591
2026-02-23 23:12:35 | INFO | underwater_sensor_ga.pso | PSO iter 1047/1250 | best_global_cost=4.085383 | iter_best=4.600748
2026-02-23 23:12:36 | INFO | underwater_sensor_ga.pso | PSO iter 1048/1250 | best_global_cost=4.085383 | iter_best=4.605558
2026-02-23 23:12:38 | INFO | underwater_sensor_ga.pso | PSO iter 1049/1250 | best_global_cost=4.085383 | iter_best=4.713491
2026-02-23 23:12:40 | INFO | underwater_sensor_ga.pso | PSO iter 1050/1250 | best_global_cost=4.085383 | iter_best=4.675913
2026-02-23 23:12:41 | INFO | underwater_sensor_ga.pso | PSO iter 1051/1250 | best_global_cost=4.085383 | iter_best=4.511896
2026-02-23 23:12:43 | INFO | underwater_sensor_ga.pso | PSO iter 1052/1250 | best_global_cost=4.085383 | iter_best=4.822071
2026-02-23 23:12:45 | INFO | underwater_sensor_ga.pso | PSO iter 1053/1250 | best_global_cost=4.085383 | iter_best=4.731517
2026-02-23 23:12:47 | INFO | underwater_sensor_ga.pso | PSO iter 1054/1250 | best_global_cost=4.085383 | iter_best=4.986680
2026-02-23 23:12:48 | INFO | underwater_sensor_ga.pso | PSO iter 1055/1250 | best_global_cost=4.085383 | iter_best=4.853639
2026-02-23 23:12:50 | INFO | underwater_sensor_ga.pso | PSO iter 1056/1250 | best_global_cost=4.085383 | iter_best=4.693167
2026-02-23 23:12:52 | INFO | underwater_sensor_ga.pso | PSO iter 1057/1250 | best_global_cost=4.085383 | iter_best=4.824370
2026-02-23 23:12:53 | INFO | underwater_sensor_ga.pso | PSO iter 1058/1250 | best_global_cost=4.085383 | iter_best=4.758899
2026-02-23 23:12:55 | INFO | underwater_sensor_ga.pso | PSO iter 1059/1250 | best_global_cost=4.085383 | iter_best=4.646438
2026-02-23 23:12:57 | INFO | underwater_sensor_ga.pso | PSO iter 1060/1250 | best_global_cost=4.085383 | iter_best=4.701873
2026-02-23 23:12:59 | INFO | underwater_sensor_ga.pso | PSO iter 1061/1250 | best_global_cost=4.085383 | iter_best=4.437621
2026-02-23 23:13:00 | INFO | underwater_sensor_ga.pso | PSO iter 1062/1250 | best_global_cost=4.085383 | iter_best=4.861973
2026-02-23 23:13:02 | INFO | underwater_sensor_ga.pso | PSO iter 1063/1250 | best_global_cost=4.085383 | iter_best=4.785934
2026-02-23 23:13:04 | INFO | underwater_sensor_ga.pso | PSO iter 1064/1250 | best_global_cost=4.085383 | iter_best=4.459068
2026-02-23 23:13:06 | INFO | underwater_sensor_ga.pso | PSO iter 1065/1250 | best_global_cost=4.085383 | iter_best=4.573789
2026-02-23 23:13:07 | INFO | underwater_sensor_ga.pso | PSO iter 1066/1250 | best_global_cost=4.085383 | iter_best=4.899719
2026-02-23 23:13:09 | INFO | underwater_sensor_ga.pso | PSO iter 1067/1250 | best_global_cost=4.085383 | iter_best=4.828759
2026-02-23 23:13:11 | INFO | underwater_sensor_ga.pso | PSO iter 1068/1250 | best_global_cost=4.085383 | iter_best=4.658439
2026-02-23 23:13:12 | INFO | underwater_sensor_ga.pso | PSO iter 1069/1250 | best_global_cost=4.085383 | iter_best=4.567969
2026-02-23 23:13:14 | INFO | underwater_sensor_ga.pso | PSO iter 1070/1250 | best_global_cost=4.085383 | iter_best=4.719744
2026-02-23 23:13:16 | INFO | underwater_sensor_ga.pso | PSO iter 1071/1250 | best_global_cost=4.085383 | iter_best=4.676330
2026-02-23 23:13:18 | INFO | underwater_sensor_ga.pso | PSO iter 1072/1250 | best_global_cost=4.085383 | iter_best=4.814960
2026-02-23 23:13:19 | INFO | underwater_sensor_ga.pso | PSO iter 1073/1250 | best_global_cost=4.085383 | iter_best=4.876647
2026-02-23 23:13:21 | INFO | underwater_sensor_ga.pso | PSO iter 1074/1250 | best_global_cost=4.085383 | iter_best=4.695276
2026-02-23 23:13:23 | INFO | underwater_sensor_ga.pso | PSO iter 1075/1250 | best_global_cost=4.085383 | iter_best=4.275791
2026-02-23 23:13:25 | INFO | underwater_sensor_ga.pso | PSO iter 1076/1250 | best_global_cost=4.085383 | iter_best=4.738177
2026-02-23 23:13:26 | INFO | underwater_sensor_ga.pso | PSO iter 1077/1250 | best_global_cost=4.085383 | iter_best=4.910056
2026-02-23 23:13:28 | INFO | underwater_sensor_ga.pso | PSO iter 1078/1250 | best_global_cost=4.085383 | iter_best=4.570599
2026-02-23 23:13:30 | INFO | underwater_sensor_ga.pso | PSO iter 1079/1250 | best_global_cost=4.085383 | iter_best=4.786263
2026-02-23 23:13:31 | INFO | underwater_sensor_ga.pso | PSO iter 1080/1250 | best_global_cost=4.085383 | iter_best=4.851367
2026-02-23 23:13:33 | INFO | underwater_sensor_ga.pso | PSO iter 1081/1250 | best_global_cost=4.085383 | iter_best=4.757005
2026-02-23 23:13:35 | INFO | underwater_sensor_ga.pso | PSO iter 1082/1250 | best_global_cost=4.085383 | iter_best=4.769592
2026-02-23 23:13:37 | INFO | underwater_sensor_ga.pso | PSO iter 1083/1250 | best_global_cost=4.085383 | iter_best=4.545841
2026-02-23 23:13:38 | INFO | underwater_sensor_ga.pso | PSO iter 1084/1250 | best_global_cost=4.085383 | iter_best=4.788990
2026-02-23 23:13:40 | INFO | underwater_sensor_ga.pso | PSO iter 1085/1250 | best_global_cost=4.085383 | iter_best=4.682692
2026-02-23 23:13:42 | INFO | underwater_sensor_ga.pso | PSO iter 1086/1250 | best_global_cost=4.085383 | iter_best=4.623995
2026-02-23 23:13:43 | INFO | underwater_sensor_ga.pso | PSO iter 1087/1250 | best_global_cost=4.085383 | iter_best=4.594497
2026-02-23 23:13:45 | INFO | underwater_sensor_ga.pso | PSO iter 1088/1250 | best_global_cost=4.085383 | iter_best=4.815811
2026-02-23 23:13:47 | INFO | underwater_sensor_ga.pso | PSO iter 1089/1250 | best_global_cost=4.085383 | iter_best=4.656680
2026-02-23 23:13:48 | INFO | underwater_sensor_ga.pso | PSO iter 1090/1250 | best_global_cost=4.085383 | iter_best=4.622180
2026-02-23 23:13:50 | INFO | underwater_sensor_ga.pso | PSO iter 1091/1250 | best_global_cost=4.085383 | iter_best=4.824332
2026-02-23 23:13:52 | INFO | underwater_sensor_ga.pso | PSO iter 1092/1250 | best_global_cost=4.085383 | iter_best=4.641545
2026-02-23 23:13:53 | INFO | underwater_sensor_ga.pso | PSO iter 1093/1250 | best_global_cost=4.085383 | iter_best=4.800541
2026-02-23 23:13:55 | INFO | underwater_sensor_ga.pso | PSO iter 1094/1250 | best_global_cost=4.085383 | iter_best=4.738412
2026-02-23 23:13:57 | INFO | underwater_sensor_ga.pso | PSO iter 1095/1250 | best_global_cost=4.085383 | iter_best=4.868335
2026-02-23 23:13:58 | INFO | underwater_sensor_ga.pso | PSO iter 1096/1250 | best_global_cost=4.085383 | iter_best=4.561593
2026-02-23 23:14:00 | INFO | underwater_sensor_ga.pso | PSO iter 1097/1250 | best_global_cost=4.085383 | iter_best=4.705401
2026-02-23 23:14:02 | INFO | underwater_sensor_ga.pso | PSO iter 1098/1250 | best_global_cost=4.085383 | iter_best=4.449831
2026-02-23 23:14:04 | INFO | underwater_sensor_ga.pso | PSO iter 1099/1250 | best_global_cost=4.085383 | iter_best=4.637671
2026-02-23 23:14:05 | INFO | underwater_sensor_ga.pso | PSO iter 1100/1250 | best_global_cost=4.085383 | iter_best=4.385744
2026-02-23 23:14:07 | INFO | underwater_sensor_ga.pso | PSO iter 1101/1250 | best_global_cost=4.085383 | iter_best=4.737180
2026-02-23 23:14:09 | INFO | underwater_sensor_ga.pso | PSO iter 1102/1250 | best_global_cost=4.085383 | iter_best=4.733567
2026-02-23 23:14:10 | INFO | underwater_sensor_ga.pso | PSO iter 1103/1250 | best_global_cost=4.085383 | iter_best=4.587826
2026-02-23 23:14:12 | INFO | underwater_sensor_ga.pso | PSO iter 1104/1250 | best_global_cost=4.085383 | iter_best=4.813403
2026-02-23 23:14:14 | INFO | underwater_sensor_ga.pso | PSO iter 1105/1250 | best_global_cost=4.085383 | iter_best=4.680833
2026-02-23 23:14:15 | INFO | underwater_sensor_ga.pso | PSO iter 1106/1250 | best_global_cost=4.085383 | iter_best=4.891337
2026-02-23 23:14:17 | INFO | underwater_sensor_ga.pso | PSO iter 1107/1250 | best_global_cost=4.085383 | iter_best=4.834596
2026-02-23 23:14:19 | INFO | underwater_sensor_ga.pso | PSO iter 1108/1250 | best_global_cost=4.085383 | iter_best=4.793505
2026-02-23 23:14:20 | INFO | underwater_sensor_ga.pso | PSO iter 1109/1250 | best_global_cost=4.085383 | iter_best=4.755662
2026-02-23 23:14:22 | INFO | underwater_sensor_ga.pso | PSO iter 1110/1250 | best_global_cost=4.085383 | iter_best=4.929085
2026-02-23 23:14:24 | INFO | underwater_sensor_ga.pso | PSO iter 1111/1250 | best_global_cost=4.085383 | iter_best=4.718409
2026-02-23 23:14:26 | INFO | underwater_sensor_ga.pso | PSO iter 1112/1250 | best_global_cost=4.085383 | iter_best=4.737389
2026-02-23 23:14:27 | INFO | underwater_sensor_ga.pso | PSO iter 1113/1250 | best_global_cost=4.085383 | iter_best=4.882271
2026-02-23 23:14:29 | INFO | underwater_sensor_ga.pso | PSO iter 1114/1250 | best_global_cost=4.085383 | iter_best=4.342822
2026-02-23 23:14:31 | INFO | underwater_sensor_ga.pso | PSO iter 1115/1250 | best_global_cost=4.085383 | iter_best=4.571094
2026-02-23 23:14:32 | INFO | underwater_sensor_ga.pso | PSO iter 1116/1250 | best_global_cost=4.085383 | iter_best=4.909519
2026-02-23 23:14:34 | INFO | underwater_sensor_ga.pso | PSO iter 1117/1250 | best_global_cost=4.085383 | iter_best=4.711308
2026-02-23 23:14:36 | INFO | underwater_sensor_ga.pso | PSO iter 1118/1250 | best_global_cost=4.085383 | iter_best=4.305392
2026-02-23 23:14:37 | INFO | underwater_sensor_ga.pso | PSO iter 1119/1250 | best_global_cost=4.085383 | iter_best=4.624765
2026-02-23 23:14:39 | INFO | underwater_sensor_ga.pso | PSO iter 1120/1250 | best_global_cost=4.085383 | iter_best=4.585798
2026-02-23 23:14:41 | INFO | underwater_sensor_ga.pso | PSO iter 1121/1250 | best_global_cost=4.085383 | iter_best=4.782301
2026-02-23 23:14:43 | INFO | underwater_sensor_ga.pso | PSO iter 1122/1250 | best_global_cost=4.085383 | iter_best=4.352025
2026-02-23 23:14:44 | INFO | underwater_sensor_ga.pso | PSO iter 1123/1250 | best_global_cost=4.085383 | iter_best=4.700200
2026-02-23 23:14:46 | INFO | underwater_sensor_ga.pso | PSO iter 1124/1250 | best_global_cost=4.085383 | iter_best=4.727331
2026-02-23 23:14:48 | INFO | underwater_sensor_ga.pso | PSO iter 1125/1250 | best_global_cost=4.085383 | iter_best=4.886163
2026-02-23 23:14:50 | INFO | underwater_sensor_ga.pso | PSO iter 1126/1250 | best_global_cost=4.085383 | iter_best=4.594182
2026-02-23 23:14:51 | INFO | underwater_sensor_ga.pso | PSO iter 1127/1250 | best_global_cost=4.085383 | iter_best=4.631883
2026-02-23 23:14:53 | INFO | underwater_sensor_ga.pso | PSO iter 1128/1250 | best_global_cost=4.085383 | iter_best=4.592785
2026-02-23 23:14:55 | INFO | underwater_sensor_ga.pso | PSO iter 1129/1250 | best_global_cost=4.085383 | iter_best=4.615966
2026-02-23 23:14:57 | INFO | underwater_sensor_ga.pso | PSO iter 1130/1250 | best_global_cost=4.085383 | iter_best=4.812809
2026-02-23 23:14:58 | INFO | underwater_sensor_ga.pso | PSO iter 1131/1250 | best_global_cost=4.085383 | iter_best=4.400120
2026-02-23 23:15:00 | INFO | underwater_sensor_ga.pso | PSO iter 1132/1250 | best_global_cost=4.085383 | iter_best=4.586902
2026-02-23 23:15:02 | INFO | underwater_sensor_ga.pso | PSO iter 1133/1250 | best_global_cost=4.085383 | iter_best=4.652034
2026-02-23 23:15:03 | INFO | underwater_sensor_ga.pso | PSO iter 1134/1250 | best_global_cost=4.085383 | iter_best=4.940629
2026-02-23 23:15:05 | INFO | underwater_sensor_ga.pso | PSO iter 1135/1250 | best_global_cost=4.085383 | iter_best=4.779805
2026-02-23 23:15:07 | INFO | underwater_sensor_ga.pso | PSO iter 1136/1250 | best_global_cost=4.085383 | iter_best=4.810367
2026-02-23 23:15:09 | INFO | underwater_sensor_ga.pso | PSO iter 1137/1250 | best_global_cost=4.085383 | iter_best=4.669363
2026-02-23 23:15:10 | INFO | underwater_sensor_ga.pso | PSO iter 1138/1250 | best_global_cost=4.085383 | iter_best=4.536182
2026-02-23 23:15:12 | INFO | underwater_sensor_ga.pso | PSO iter 1139/1250 | best_global_cost=4.085383 | iter_best=4.797488
2026-02-23 23:15:14 | INFO | underwater_sensor_ga.pso | PSO iter 1140/1250 | best_global_cost=4.085383 | iter_best=4.781578
2026-02-23 23:15:16 | INFO | underwater_sensor_ga.pso | PSO iter 1141/1250 | best_global_cost=4.085383 | iter_best=4.703151
2026-02-23 23:15:17 | INFO | underwater_sensor_ga.pso | PSO iter 1142/1250 | best_global_cost=4.085383 | iter_best=4.570778
2026-02-23 23:15:19 | INFO | underwater_sensor_ga.pso | PSO iter 1143/1250 | best_global_cost=4.085383 | iter_best=4.896437
2026-02-23 23:15:21 | INFO | underwater_sensor_ga.pso | PSO iter 1144/1250 | best_global_cost=4.085383 | iter_best=4.665313
2026-02-23 23:15:23 | INFO | underwater_sensor_ga.pso | PSO iter 1145/1250 | best_global_cost=4.085383 | iter_best=4.562849
2026-02-23 23:15:24 | INFO | underwater_sensor_ga.pso | PSO iter 1146/1250 | best_global_cost=4.085383 | iter_best=4.799488
2026-02-23 23:15:26 | INFO | underwater_sensor_ga.pso | PSO iter 1147/1250 | best_global_cost=4.085383 | iter_best=4.556981
2026-02-23 23:15:28 | INFO | underwater_sensor_ga.pso | PSO iter 1148/1250 | best_global_cost=4.085383 | iter_best=4.607298
2026-02-23 23:15:29 | INFO | underwater_sensor_ga.pso | PSO iter 1149/1250 | best_global_cost=4.085383 | iter_best=4.742158
2026-02-23 23:15:31 | INFO | underwater_sensor_ga.pso | PSO iter 1150/1250 | best_global_cost=4.085383 | iter_best=4.640670
2026-02-23 23:15:33 | INFO | underwater_sensor_ga.pso | PSO iter 1151/1250 | best_global_cost=4.085383 | iter_best=4.625647
2026-02-23 23:15:35 | INFO | underwater_sensor_ga.pso | PSO iter 1152/1250 | best_global_cost=4.085383 | iter_best=4.415201
2026-02-23 23:15:36 | INFO | underwater_sensor_ga.pso | PSO iter 1153/1250 | best_global_cost=4.085383 | iter_best=4.871264
2026-02-23 23:15:38 | INFO | underwater_sensor_ga.pso | PSO iter 1154/1250 | best_global_cost=4.085383 | iter_best=4.643017
2026-02-23 23:15:40 | INFO | underwater_sensor_ga.pso | PSO iter 1155/1250 | best_global_cost=4.085383 | iter_best=4.413793
2026-02-23 23:15:42 | INFO | underwater_sensor_ga.pso | PSO iter 1156/1250 | best_global_cost=4.085383 | iter_best=4.875176
2026-02-23 23:15:43 | INFO | underwater_sensor_ga.pso | PSO iter 1157/1250 | best_global_cost=4.085383 | iter_best=4.826984
2026-02-23 23:15:45 | INFO | underwater_sensor_ga.pso | PSO iter 1158/1250 | best_global_cost=4.085383 | iter_best=4.868471
2026-02-23 23:15:47 | INFO | underwater_sensor_ga.pso | PSO iter 1159/1250 | best_global_cost=4.085383 | iter_best=4.885464
2026-02-23 23:15:49 | INFO | underwater_sensor_ga.pso | PSO iter 1160/1250 | best_global_cost=4.085383 | iter_best=4.776449
2026-02-23 23:15:50 | INFO | underwater_sensor_ga.pso | PSO iter 1161/1250 | best_global_cost=4.085383 | iter_best=4.869184
2026-02-23 23:15:52 | INFO | underwater_sensor_ga.pso | PSO iter 1162/1250 | best_global_cost=4.085383 | iter_best=4.881785
2026-02-23 23:15:54 | INFO | underwater_sensor_ga.pso | PSO iter 1163/1250 | best_global_cost=4.085383 | iter_best=4.588863
2026-02-23 23:15:56 | INFO | underwater_sensor_ga.pso | PSO iter 1164/1250 | best_global_cost=4.085383 | iter_best=4.591639
2026-02-23 23:15:57 | INFO | underwater_sensor_ga.pso | PSO iter 1165/1250 | best_global_cost=4.085383 | iter_best=4.663726
2026-02-23 23:15:59 | INFO | underwater_sensor_ga.pso | PSO iter 1166/1250 | best_global_cost=4.085383 | iter_best=4.894977
2026-02-23 23:16:01 | INFO | underwater_sensor_ga.pso | PSO iter 1167/1250 | best_global_cost=4.085383 | iter_best=4.719675
2026-02-23 23:16:02 | INFO | underwater_sensor_ga.pso | PSO iter 1168/1250 | best_global_cost=4.085383 | iter_best=4.563302
2026-02-23 23:16:04 | INFO | underwater_sensor_ga.pso | PSO iter 1169/1250 | best_global_cost=4.085383 | iter_best=4.687937
2026-02-23 23:16:06 | INFO | underwater_sensor_ga.pso | PSO iter 1170/1250 | best_global_cost=4.085383 | iter_best=4.700561
2026-02-23 23:16:08 | INFO | underwater_sensor_ga.pso | PSO iter 1171/1250 | best_global_cost=4.085383 | iter_best=4.486438
2026-02-23 23:16:09 | INFO | underwater_sensor_ga.pso | PSO iter 1172/1250 | best_global_cost=4.085383 | iter_best=4.627283
2026-02-23 23:16:11 | INFO | underwater_sensor_ga.pso | PSO iter 1173/1250 | best_global_cost=4.085383 | iter_best=4.576195
2026-02-23 23:16:13 | INFO | underwater_sensor_ga.pso | PSO iter 1174/1250 | best_global_cost=4.085383 | iter_best=4.978436
2026-02-23 23:16:15 | INFO | underwater_sensor_ga.pso | PSO iter 1175/1250 | best_global_cost=4.085383 | iter_best=4.630798
2026-02-23 23:16:16 | INFO | underwater_sensor_ga.pso | PSO iter 1176/1250 | best_global_cost=4.085383 | iter_best=4.584863
2026-02-23 23:16:18 | INFO | underwater_sensor_ga.pso | PSO iter 1177/1250 | best_global_cost=4.085383 | iter_best=4.624825
2026-02-23 23:16:20 | INFO | underwater_sensor_ga.pso | PSO iter 1178/1250 | best_global_cost=4.085383 | iter_best=4.717993
2026-02-23 23:16:22 | INFO | underwater_sensor_ga.pso | PSO iter 1179/1250 | best_global_cost=4.085383 | iter_best=4.861598
2026-02-23 23:16:23 | INFO | underwater_sensor_ga.pso | PSO iter 1180/1250 | best_global_cost=4.085383 | iter_best=4.708661
2026-02-23 23:16:25 | INFO | underwater_sensor_ga.pso | PSO iter 1181/1250 | best_global_cost=4.085383 | iter_best=4.873663
2026-02-23 23:16:27 | INFO | underwater_sensor_ga.pso | PSO iter 1182/1250 | best_global_cost=4.085383 | iter_best=4.682509
2026-02-23 23:16:29 | INFO | underwater_sensor_ga.pso | PSO iter 1183/1250 | best_global_cost=4.085383 | iter_best=4.505832
2026-02-23 23:16:30 | INFO | underwater_sensor_ga.pso | PSO iter 1184/1250 | best_global_cost=4.085383 | iter_best=4.896847
2026-02-23 23:16:32 | INFO | underwater_sensor_ga.pso | PSO iter 1185/1250 | best_global_cost=4.085383 | iter_best=4.780450
2026-02-23 23:16:34 | INFO | underwater_sensor_ga.pso | PSO iter 1186/1250 | best_global_cost=4.085383 | iter_best=4.592507
2026-02-23 23:16:36 | INFO | underwater_sensor_ga.pso | PSO iter 1187/1250 | best_global_cost=4.085383 | iter_best=4.654891
2026-02-23 23:16:37 | INFO | underwater_sensor_ga.pso | PSO iter 1188/1250 | best_global_cost=4.085383 | iter_best=4.830596
2026-02-23 23:16:39 | INFO | underwater_sensor_ga.pso | PSO iter 1189/1250 | best_global_cost=4.085383 | iter_best=4.840987
2026-02-23 23:16:41 | INFO | underwater_sensor_ga.pso | PSO iter 1190/1250 | best_global_cost=4.085383 | iter_best=4.737926
2026-02-23 23:16:43 | INFO | underwater_sensor_ga.pso | PSO iter 1191/1250 | best_global_cost=4.085383 | iter_best=4.861066
2026-02-23 23:16:45 | INFO | underwater_sensor_ga.pso | PSO iter 1192/1250 | best_global_cost=4.085383 | iter_best=4.712635
2026-02-23 23:16:46 | INFO | underwater_sensor_ga.pso | PSO iter 1193/1250 | best_global_cost=4.085383 | iter_best=4.767329
2026-02-23 23:16:48 | INFO | underwater_sensor_ga.pso | PSO iter 1194/1250 | best_global_cost=4.085383 | iter_best=4.489325
2026-02-23 23:16:50 | INFO | underwater_sensor_ga.pso | PSO iter 1195/1250 | best_global_cost=4.085383 | iter_best=4.571594
2026-02-23 23:16:51 | INFO | underwater_sensor_ga.pso | PSO iter 1196/1250 | best_global_cost=4.085383 | iter_best=4.705459
2026-02-23 23:16:53 | INFO | underwater_sensor_ga.pso | PSO iter 1197/1250 | best_global_cost=4.085383 | iter_best=4.802365
2026-02-23 23:16:55 | INFO | underwater_sensor_ga.pso | PSO iter 1198/1250 | best_global_cost=4.085383 | iter_best=4.798598
2026-02-23 23:16:57 | INFO | underwater_sensor_ga.pso | PSO iter 1199/1250 | best_global_cost=4.085383 | iter_best=4.522663
2026-02-23 23:16:58 | INFO | underwater_sensor_ga.pso | PSO iter 1200/1250 | best_global_cost=4.085383 | iter_best=4.715091
2026-02-23 23:17:00 | INFO | underwater_sensor_ga.pso | PSO iter 1201/1250 | best_global_cost=4.085383 | iter_best=4.750342
2026-02-23 23:17:02 | INFO | underwater_sensor_ga.pso | PSO iter 1202/1250 | best_global_cost=4.085383 | iter_best=4.810583
2026-02-23 23:17:04 | INFO | underwater_sensor_ga.pso | PSO iter 1203/1250 | best_global_cost=4.085383 | iter_best=4.826962
2026-02-23 23:17:05 | INFO | underwater_sensor_ga.pso | PSO iter 1204/1250 | best_global_cost=4.085383 | iter_best=4.702762
2026-02-23 23:17:07 | INFO | underwater_sensor_ga.pso | PSO iter 1205/1250 | best_global_cost=4.085383 | iter_best=4.599612
2026-02-23 23:17:09 | INFO | underwater_sensor_ga.pso | PSO iter 1206/1250 | best_global_cost=4.085383 | iter_best=4.745034
2026-02-23 23:17:11 | INFO | underwater_sensor_ga.pso | PSO iter 1207/1250 | best_global_cost=4.085383 | iter_best=4.618302
2026-02-23 23:17:12 | INFO | underwater_sensor_ga.pso | PSO iter 1208/1250 | best_global_cost=4.085383 | iter_best=4.682253
2026-02-23 23:17:14 | INFO | underwater_sensor_ga.pso | PSO iter 1209/1250 | best_global_cost=4.085383 | iter_best=4.837673
2026-02-23 23:17:16 | INFO | underwater_sensor_ga.pso | PSO iter 1210/1250 | best_global_cost=4.085383 | iter_best=4.723300
2026-02-23 23:17:18 | INFO | underwater_sensor_ga.pso | PSO iter 1211/1250 | best_global_cost=4.085383 | iter_best=4.732479
2026-02-23 23:17:19 | INFO | underwater_sensor_ga.pso | PSO iter 1212/1250 | best_global_cost=4.085383 | iter_best=4.582371
2026-02-23 23:17:21 | INFO | underwater_sensor_ga.pso | PSO iter 1213/1250 | best_global_cost=4.085383 | iter_best=4.503288
2026-02-23 23:17:23 | INFO | underwater_sensor_ga.pso | PSO iter 1214/1250 | best_global_cost=4.085383 | iter_best=4.591574
2026-02-23 23:17:25 | INFO | underwater_sensor_ga.pso | PSO iter 1215/1250 | best_global_cost=4.085383 | iter_best=4.709577
2026-02-23 23:17:26 | INFO | underwater_sensor_ga.pso | PSO iter 1216/1250 | best_global_cost=4.085383 | iter_best=4.835448
2026-02-23 23:17:28 | INFO | underwater_sensor_ga.pso | PSO iter 1217/1250 | best_global_cost=4.085383 | iter_best=4.485916
2026-02-23 23:17:30 | INFO | underwater_sensor_ga.pso | PSO iter 1218/1250 | best_global_cost=4.085383 | iter_best=4.773951
2026-02-23 23:17:32 | INFO | underwater_sensor_ga.pso | PSO iter 1219/1250 | best_global_cost=4.085383 | iter_best=4.769067
2026-02-23 23:17:33 | INFO | underwater_sensor_ga.pso | PSO iter 1220/1250 | best_global_cost=4.085383 | iter_best=4.798142
2026-02-23 23:17:35 | INFO | underwater_sensor_ga.pso | PSO iter 1221/1250 | best_global_cost=4.085383 | iter_best=4.897010
2026-02-23 23:17:37 | INFO | underwater_sensor_ga.pso | PSO iter 1222/1250 | best_global_cost=4.085383 | iter_best=4.887993
2026-02-23 23:17:38 | INFO | underwater_sensor_ga.pso | PSO iter 1223/1250 | best_global_cost=4.085383 | iter_best=4.849717
2026-02-23 23:17:40 | INFO | underwater_sensor_ga.pso | PSO iter 1224/1250 | best_global_cost=4.085383 | iter_best=4.475858
2026-02-23 23:17:42 | INFO | underwater_sensor_ga.pso | PSO iter 1225/1250 | best_global_cost=4.085383 | iter_best=4.715025
2026-02-23 23:17:43 | INFO | underwater_sensor_ga.pso | PSO iter 1226/1250 | best_global_cost=4.085383 | iter_best=4.567662
2026-02-23 23:17:45 | INFO | underwater_sensor_ga.pso | PSO iter 1227/1250 | best_global_cost=4.085383 | iter_best=4.754873
2026-02-23 23:17:47 | INFO | underwater_sensor_ga.pso | PSO iter 1228/1250 | best_global_cost=4.085383 | iter_best=4.730002
2026-02-23 23:17:49 | INFO | underwater_sensor_ga.pso | PSO iter 1229/1250 | best_global_cost=4.085383 | iter_best=4.690636
2026-02-23 23:17:50 | INFO | underwater_sensor_ga.pso | PSO iter 1230/1250 | best_global_cost=4.085383 | iter_best=4.367218
2026-02-23 23:17:52 | INFO | underwater_sensor_ga.pso | PSO iter 1231/1250 | best_global_cost=4.085383 | iter_best=4.353262
2026-02-23 23:17:54 | INFO | underwater_sensor_ga.pso | PSO iter 1232/1250 | best_global_cost=4.085383 | iter_best=4.807004
2026-02-23 23:17:56 | INFO | underwater_sensor_ga.pso | PSO iter 1233/1250 | best_global_cost=4.085383 | iter_best=4.685442
2026-02-23 23:17:57 | INFO | underwater_sensor_ga.pso | PSO iter 1234/1250 | best_global_cost=4.085383 | iter_best=4.696375
2026-02-23 23:17:59 | INFO | underwater_sensor_ga.pso | PSO iter 1235/1250 | best_global_cost=4.085383 | iter_best=4.780811
2026-02-23 23:18:01 | INFO | underwater_sensor_ga.pso | PSO iter 1236/1250 | best_global_cost=4.085383 | iter_best=4.611927
2026-02-23 23:18:03 | INFO | underwater_sensor_ga.pso | PSO iter 1237/1250 | best_global_cost=4.085383 | iter_best=4.629734
2026-02-23 23:18:04 | INFO | underwater_sensor_ga.pso | PSO iter 1238/1250 | best_global_cost=4.085383 | iter_best=4.622391
2026-02-23 23:18:06 | INFO | underwater_sensor_ga.pso | PSO iter 1239/1250 | best_global_cost=4.085383 | iter_best=4.498566
2026-02-23 23:18:08 | INFO | underwater_sensor_ga.pso | PSO iter 1240/1250 | best_global_cost=4.085383 | iter_best=4.839194
2026-02-23 23:18:09 | INFO | underwater_sensor_ga.pso | PSO iter 1241/1250 | best_global_cost=4.085383 | iter_best=4.570931
2026-02-23 23:18:11 | INFO | underwater_sensor_ga.pso | PSO iter 1242/1250 | best_global_cost=4.085383 | iter_best=4.384224
2026-02-23 23:18:13 | INFO | underwater_sensor_ga.pso | PSO iter 1243/1250 | best_global_cost=4.085383 | iter_best=4.621367
2026-02-23 23:18:15 | INFO | underwater_sensor_ga.pso | PSO iter 1244/1250 | best_global_cost=4.085383 | iter_best=4.708446
2026-02-23 23:18:16 | INFO | underwater_sensor_ga.pso | PSO iter 1245/1250 | best_global_cost=4.085383 | iter_best=4.711836
2026-02-23 23:18:18 | INFO | underwater_sensor_ga.pso | PSO iter 1246/1250 | best_global_cost=4.085383 | iter_best=4.592883
2026-02-23 23:18:20 | INFO | underwater_sensor_ga.pso | PSO iter 1247/1250 | best_global_cost=4.085383 | iter_best=4.396114
2026-02-23 23:18:22 | INFO | underwater_sensor_ga.pso | PSO iter 1248/1250 | best_global_cost=4.085383 | iter_best=4.689094
2026-02-23 23:18:23 | INFO | underwater_sensor_ga.pso | PSO iter 1249/1250 | best_global_cost=4.085383 | iter_best=4.475858
2026-02-23 23:18:25 | INFO | underwater_sensor_ga.pso | PSO iter 1250/1250 | best_global_cost=4.085383 | iter_best=4.700909
2026-02-23 23:18:25 | INFO | underwater_sensor_ga.pso_runner | Final best cost (N=4): 4.085383
2026-02-23 23:18:25 | INFO | underwater_sensor_ga.pso_runner | ================================================================================
2026-02-23 23:18:25 | INFO | underwater_sensor_ga.pso_runner | Running Particle Swarm Optimization for number_of_sensors=5
2026-02-23 23:18:25 | INFO | underwater_sensor_ga.pso | PSO seeds | pso_seed=321 | scenario_seed=123
2026-02-23 23:18:28 | INFO | underwater_sensor_ga.pso | PSO iter 1/1250 | best_global_cost=4.600925 | iter_best=4.600925
2026-02-23 23:18:30 | INFO | underwater_sensor_ga.pso | PSO iter 2/1250 | best_global_cost=4.600925 | iter_best=4.672437
2026-02-23 23:18:32 | INFO | underwater_sensor_ga.pso | PSO iter 3/1250 | best_global_cost=4.542036 | iter_best=4.542036
2026-02-23 23:18:34 | INFO | underwater_sensor_ga.pso | PSO iter 4/1250 | best_global_cost=4.542036 | iter_best=4.962171
2026-02-23 23:18:36 | INFO | underwater_sensor_ga.pso | PSO iter 5/1250 | best_global_cost=4.542036 | iter_best=4.614297
2026-02-23 23:18:38 | INFO | underwater_sensor_ga.pso | PSO iter 6/1250 | best_global_cost=4.542036 | iter_best=4.906191
2026-02-23 23:18:41 | INFO | underwater_sensor_ga.pso | PSO iter 7/1250 | best_global_cost=4.542036 | iter_best=5.022257
2026-02-23 23:18:43 | INFO | underwater_sensor_ga.pso | PSO iter 8/1250 | best_global_cost=4.542036 | iter_best=4.908458
2026-02-23 23:18:45 | INFO | underwater_sensor_ga.pso | PSO iter 9/1250 | best_global_cost=4.542036 | iter_best=4.598130
2026-02-23 23:18:47 | INFO | underwater_sensor_ga.pso | PSO iter 10/1250 | best_global_cost=4.542036 | iter_best=5.012843
2026-02-23 23:18:50 | INFO | underwater_sensor_ga.pso | PSO iter 11/1250 | best_global_cost=4.542036 | iter_best=5.036319
2026-02-23 23:18:52 | INFO | underwater_sensor_ga.pso | PSO iter 12/1250 | best_global_cost=4.411408 | iter_best=4.411408
2026-02-23 23:18:54 | INFO | underwater_sensor_ga.pso | PSO iter 13/1250 | best_global_cost=4.411408 | iter_best=4.815803
2026-02-23 23:18:56 | INFO | underwater_sensor_ga.pso | PSO iter 14/1250 | best_global_cost=4.411408 | iter_best=4.872915
2026-02-23 23:18:59 | INFO | underwater_sensor_ga.pso | PSO iter 15/1250 | best_global_cost=4.411408 | iter_best=4.882239
2026-02-23 23:19:01 | INFO | underwater_sensor_ga.pso | PSO iter 16/1250 | best_global_cost=4.411408 | iter_best=4.758374
2026-02-23 23:19:03 | INFO | underwater_sensor_ga.pso | PSO iter 17/1250 | best_global_cost=4.411408 | iter_best=4.762781
2026-02-23 23:19:05 | INFO | underwater_sensor_ga.pso | PSO iter 18/1250 | best_global_cost=4.411408 | iter_best=4.774086
2026-02-23 23:19:07 | INFO | underwater_sensor_ga.pso | PSO iter 19/1250 | best_global_cost=4.411408 | iter_best=4.826671
2026-02-23 23:19:10 | INFO | underwater_sensor_ga.pso | PSO iter 20/1250 | best_global_cost=4.411408 | iter_best=4.626109
2026-02-23 23:19:12 | INFO | underwater_sensor_ga.pso | PSO iter 21/1250 | best_global_cost=4.411408 | iter_best=4.700097
2026-02-23 23:19:14 | INFO | underwater_sensor_ga.pso | PSO iter 22/1250 | best_global_cost=4.411408 | iter_best=4.661274
2026-02-23 23:19:16 | INFO | underwater_sensor_ga.pso | PSO iter 23/1250 | best_global_cost=4.411408 | iter_best=4.931119
2026-02-23 23:19:19 | INFO | underwater_sensor_ga.pso | PSO iter 24/1250 | best_global_cost=4.411408 | iter_best=4.499681
2026-02-23 23:19:21 | INFO | underwater_sensor_ga.pso | PSO iter 25/1250 | best_global_cost=4.411408 | iter_best=4.530795
2026-02-23 23:19:23 | INFO | underwater_sensor_ga.pso | PSO iter 26/1250 | best_global_cost=4.411408 | iter_best=4.592192
2026-02-23 23:19:25 | INFO | underwater_sensor_ga.pso | PSO iter 27/1250 | best_global_cost=4.411408 | iter_best=4.782358
2026-02-23 23:19:28 | INFO | underwater_sensor_ga.pso | PSO iter 28/1250 | best_global_cost=4.411408 | iter_best=4.739658
2026-02-23 23:19:30 | INFO | underwater_sensor_ga.pso | PSO iter 29/1250 | best_global_cost=4.411408 | iter_best=4.894822
2026-02-23 23:19:32 | INFO | underwater_sensor_ga.pso | PSO iter 30/1250 | best_global_cost=4.411408 | iter_best=4.810016
2026-02-23 23:19:34 | INFO | underwater_sensor_ga.pso | PSO iter 31/1250 | best_global_cost=4.411408 | iter_best=4.684472
2026-02-23 23:19:36 | INFO | underwater_sensor_ga.pso | PSO iter 32/1250 | best_global_cost=4.411408 | iter_best=4.796089
2026-02-23 23:19:39 | INFO | underwater_sensor_ga.pso | PSO iter 33/1250 | best_global_cost=4.411408 | iter_best=4.584417
2026-02-23 23:19:41 | INFO | underwater_sensor_ga.pso | PSO iter 34/1250 | best_global_cost=4.411408 | iter_best=4.556668
2026-02-23 23:19:43 | INFO | underwater_sensor_ga.pso | PSO iter 35/1250 | best_global_cost=4.411408 | iter_best=4.582717
2026-02-23 23:19:45 | INFO | underwater_sensor_ga.pso | PSO iter 36/1250 | best_global_cost=4.411408 | iter_best=4.744302
2026-02-23 23:19:48 | INFO | underwater_sensor_ga.pso | PSO iter 37/1250 | best_global_cost=4.411408 | iter_best=4.848631
2026-02-23 23:19:50 | INFO | underwater_sensor_ga.pso | PSO iter 38/1250 | best_global_cost=4.411408 | iter_best=4.511498
2026-02-23 23:19:52 | INFO | underwater_sensor_ga.pso | PSO iter 39/1250 | best_global_cost=4.411408 | iter_best=4.831936
2026-02-23 23:19:54 | INFO | underwater_sensor_ga.pso | PSO iter 40/1250 | best_global_cost=4.411408 | iter_best=4.775122
2026-02-23 23:19:56 | INFO | underwater_sensor_ga.pso | PSO iter 41/1250 | best_global_cost=4.411408 | iter_best=4.561898
2026-02-23 23:19:58 | INFO | underwater_sensor_ga.pso | PSO iter 42/1250 | best_global_cost=4.411408 | iter_best=4.877984
2026-02-23 23:20:00 | INFO | underwater_sensor_ga.pso | PSO iter 43/1250 | best_global_cost=4.411408 | iter_best=4.818661
2026-02-23 23:20:02 | INFO | underwater_sensor_ga.pso | PSO iter 44/1250 | best_global_cost=4.411408 | iter_best=4.827853
2026-02-23 23:20:05 | INFO | underwater_sensor_ga.pso | PSO iter 45/1250 | best_global_cost=4.405978 | iter_best=4.405978
2026-02-23 23:20:07 | INFO | underwater_sensor_ga.pso | PSO iter 46/1250 | best_global_cost=4.405978 | iter_best=4.496755
2026-02-23 23:20:09 | INFO | underwater_sensor_ga.pso | PSO iter 47/1250 | best_global_cost=4.405978 | iter_best=4.627944
2026-02-23 23:20:11 | INFO | underwater_sensor_ga.pso | PSO iter 48/1250 | best_global_cost=4.405978 | iter_best=4.626279
2026-02-23 23:20:13 | INFO | underwater_sensor_ga.pso | PSO iter 49/1250 | best_global_cost=4.405978 | iter_best=4.517578
2026-02-23 23:20:15 | INFO | underwater_sensor_ga.pso | PSO iter 50/1250 | best_global_cost=4.405978 | iter_best=4.759274
2026-02-23 23:20:18 | INFO | underwater_sensor_ga.pso | PSO iter 51/1250 | best_global_cost=4.405978 | iter_best=4.632359
2026-02-23 23:20:20 | INFO | underwater_sensor_ga.pso | PSO iter 52/1250 | best_global_cost=4.405978 | iter_best=4.520535
2026-02-23 23:20:22 | INFO | underwater_sensor_ga.pso | PSO iter 53/1250 | best_global_cost=4.405978 | iter_best=4.613249
2026-02-23 23:20:24 | INFO | underwater_sensor_ga.pso | PSO iter 54/1250 | best_global_cost=4.405978 | iter_best=4.681716
2026-02-23 23:20:27 | INFO | underwater_sensor_ga.pso | PSO iter 55/1250 | best_global_cost=4.405978 | iter_best=4.580754
2026-02-23 23:20:29 | INFO | underwater_sensor_ga.pso | PSO iter 56/1250 | best_global_cost=4.405978 | iter_best=4.540319
2026-02-23 23:20:31 | INFO | underwater_sensor_ga.pso | PSO iter 57/1250 | best_global_cost=4.405978 | iter_best=4.723504
2026-02-23 23:20:33 | INFO | underwater_sensor_ga.pso | PSO iter 58/1250 | best_global_cost=4.405978 | iter_best=4.446164
2026-02-23 23:20:35 | INFO | underwater_sensor_ga.pso | PSO iter 59/1250 | best_global_cost=4.405978 | iter_best=4.713781
2026-02-23 23:20:38 | INFO | underwater_sensor_ga.pso | PSO iter 60/1250 | best_global_cost=4.405978 | iter_best=4.508787
2026-02-23 23:20:40 | INFO | underwater_sensor_ga.pso | PSO iter 61/1250 | best_global_cost=4.405978 | iter_best=4.773189
2026-02-23 23:20:42 | INFO | underwater_sensor_ga.pso | PSO iter 62/1250 | best_global_cost=4.405978 | iter_best=4.690931
2026-02-23 23:20:44 | INFO | underwater_sensor_ga.pso | PSO iter 63/1250 | best_global_cost=4.405978 | iter_best=4.792512
2026-02-23 23:20:47 | INFO | underwater_sensor_ga.pso | PSO iter 64/1250 | best_global_cost=4.405978 | iter_best=4.590816
2026-02-23 23:20:49 | INFO | underwater_sensor_ga.pso | PSO iter 65/1250 | best_global_cost=4.405978 | iter_best=4.547582
2026-02-23 23:20:51 | INFO | underwater_sensor_ga.pso | PSO iter 66/1250 | best_global_cost=4.405978 | iter_best=4.481438
2026-02-23 23:20:53 | INFO | underwater_sensor_ga.pso | PSO iter 67/1250 | best_global_cost=4.405978 | iter_best=4.612800
2026-02-23 23:20:56 | INFO | underwater_sensor_ga.pso | PSO iter 68/1250 | best_global_cost=4.405978 | iter_best=4.490241
2026-02-23 23:20:58 | INFO | underwater_sensor_ga.pso | PSO iter 69/1250 | best_global_cost=4.405978 | iter_best=4.709003
2026-02-23 23:21:00 | INFO | underwater_sensor_ga.pso | PSO iter 70/1250 | best_global_cost=4.405978 | iter_best=4.552925
2026-02-23 23:21:02 | INFO | underwater_sensor_ga.pso | PSO iter 71/1250 | best_global_cost=4.405978 | iter_best=4.655606
2026-02-23 23:21:05 | INFO | underwater_sensor_ga.pso | PSO iter 72/1250 | best_global_cost=4.405978 | iter_best=4.743636
2026-02-23 23:21:07 | INFO | underwater_sensor_ga.pso | PSO iter 73/1250 | best_global_cost=4.405978 | iter_best=4.487205
2026-02-23 23:21:09 | INFO | underwater_sensor_ga.pso | PSO iter 74/1250 | best_global_cost=4.405978 | iter_best=4.742482
2026-02-23 23:21:12 | INFO | underwater_sensor_ga.pso | PSO iter 75/1250 | best_global_cost=4.405978 | iter_best=4.583391
2026-02-23 23:21:14 | INFO | underwater_sensor_ga.pso | PSO iter 76/1250 | best_global_cost=4.405978 | iter_best=4.747033
2026-02-23 23:21:16 | INFO | underwater_sensor_ga.pso | PSO iter 77/1250 | best_global_cost=4.405978 | iter_best=4.504009
2026-02-23 23:21:19 | INFO | underwater_sensor_ga.pso | PSO iter 78/1250 | best_global_cost=4.405978 | iter_best=4.431003
2026-02-23 23:21:21 | INFO | underwater_sensor_ga.pso | PSO iter 79/1250 | best_global_cost=4.405978 | iter_best=4.613501
2026-02-23 23:21:23 | INFO | underwater_sensor_ga.pso | PSO iter 80/1250 | best_global_cost=4.405978 | iter_best=4.663571
2026-02-23 23:21:25 | INFO | underwater_sensor_ga.pso | PSO iter 81/1250 | best_global_cost=4.405978 | iter_best=4.645834
2026-02-23 23:21:28 | INFO | underwater_sensor_ga.pso | PSO iter 82/1250 | best_global_cost=4.405978 | iter_best=4.817756
2026-02-23 23:21:30 | INFO | underwater_sensor_ga.pso | PSO iter 83/1250 | best_global_cost=4.405978 | iter_best=4.524712
2026-02-23 23:21:32 | INFO | underwater_sensor_ga.pso | PSO iter 84/1250 | best_global_cost=4.405978 | iter_best=4.590012
2026-02-23 23:21:35 | INFO | underwater_sensor_ga.pso | PSO iter 85/1250 | best_global_cost=4.405978 | iter_best=4.472053
2026-02-23 23:21:37 | INFO | underwater_sensor_ga.pso | PSO iter 86/1250 | best_global_cost=4.405978 | iter_best=4.531514
2026-02-23 23:21:39 | INFO | underwater_sensor_ga.pso | PSO iter 87/1250 | best_global_cost=4.405978 | iter_best=4.576496
2026-02-23 23:21:41 | INFO | underwater_sensor_ga.pso | PSO iter 88/1250 | best_global_cost=4.405978 | iter_best=4.596750
2026-02-23 23:21:44 | INFO | underwater_sensor_ga.pso | PSO iter 89/1250 | best_global_cost=4.405978 | iter_best=4.714900
2026-02-23 23:21:46 | INFO | underwater_sensor_ga.pso | PSO iter 90/1250 | best_global_cost=4.405978 | iter_best=4.768535
2026-02-23 23:21:48 | INFO | underwater_sensor_ga.pso | PSO iter 91/1250 | best_global_cost=4.405978 | iter_best=4.613249
2026-02-23 23:21:50 | INFO | underwater_sensor_ga.pso | PSO iter 92/1250 | best_global_cost=4.405978 | iter_best=4.683980
2026-02-23 23:21:52 | INFO | underwater_sensor_ga.pso | PSO iter 93/1250 | best_global_cost=4.405978 | iter_best=4.855326
2026-02-23 23:21:55 | INFO | underwater_sensor_ga.pso | PSO iter 94/1250 | best_global_cost=4.405978 | iter_best=4.536142
2026-02-23 23:21:57 | INFO | underwater_sensor_ga.pso | PSO iter 95/1250 | best_global_cost=4.405978 | iter_best=4.722127
2026-02-23 23:21:59 | INFO | underwater_sensor_ga.pso | PSO iter 96/1250 | best_global_cost=4.405978 | iter_best=4.490416
2026-02-23 23:22:01 | INFO | underwater_sensor_ga.pso | PSO iter 97/1250 | best_global_cost=4.405978 | iter_best=4.469395
2026-02-23 23:22:04 | INFO | underwater_sensor_ga.pso | PSO iter 98/1250 | best_global_cost=4.405978 | iter_best=4.450349
2026-02-23 23:22:06 | INFO | underwater_sensor_ga.pso | PSO iter 99/1250 | best_global_cost=4.405978 | iter_best=4.515024
2026-02-23 23:22:08 | INFO | underwater_sensor_ga.pso | PSO iter 100/1250 | best_global_cost=4.267920 | iter_best=4.267920
2026-02-23 23:22:10 | INFO | underwater_sensor_ga.pso | PSO iter 101/1250 | best_global_cost=4.267920 | iter_best=4.760801
2026-02-23 23:22:12 | INFO | underwater_sensor_ga.pso | PSO iter 102/1250 | best_global_cost=4.267920 | iter_best=4.472053
2026-02-23 23:22:15 | INFO | underwater_sensor_ga.pso | PSO iter 103/1250 | best_global_cost=4.267920 | iter_best=4.615738
2026-02-23 23:22:17 | INFO | underwater_sensor_ga.pso | PSO iter 104/1250 | best_global_cost=4.267920 | iter_best=4.631637
2026-02-23 23:22:19 | INFO | underwater_sensor_ga.pso | PSO iter 105/1250 | best_global_cost=4.267920 | iter_best=4.726500
2026-02-23 23:22:21 | INFO | underwater_sensor_ga.pso | PSO iter 106/1250 | best_global_cost=4.267920 | iter_best=4.803973
2026-02-23 23:22:24 | INFO | underwater_sensor_ga.pso | PSO iter 107/1250 | best_global_cost=4.267920 | iter_best=4.710337
2026-02-23 23:22:26 | INFO | underwater_sensor_ga.pso | PSO iter 108/1250 | best_global_cost=4.267920 | iter_best=4.593420
2026-02-23 23:22:28 | INFO | underwater_sensor_ga.pso | PSO iter 109/1250 | best_global_cost=4.267920 | iter_best=4.634027
2026-02-23 23:22:30 | INFO | underwater_sensor_ga.pso | PSO iter 110/1250 | best_global_cost=4.267920 | iter_best=4.508660
2026-02-23 23:22:33 | INFO | underwater_sensor_ga.pso | PSO iter 111/1250 | best_global_cost=4.267920 | iter_best=4.346133
2026-02-23 23:22:35 | INFO | underwater_sensor_ga.pso | PSO iter 112/1250 | best_global_cost=4.267920 | iter_best=4.472053
2026-02-23 23:22:37 | INFO | underwater_sensor_ga.pso | PSO iter 113/1250 | best_global_cost=4.267920 | iter_best=4.557860
2026-02-23 23:22:39 | INFO | underwater_sensor_ga.pso | PSO iter 114/1250 | best_global_cost=4.267920 | iter_best=4.647909
2026-02-23 23:22:41 | INFO | underwater_sensor_ga.pso | PSO iter 115/1250 | best_global_cost=4.267920 | iter_best=4.498602
2026-02-23 23:22:44 | INFO | underwater_sensor_ga.pso | PSO iter 116/1250 | best_global_cost=4.267920 | iter_best=4.550565
2026-02-23 23:22:46 | INFO | underwater_sensor_ga.pso | PSO iter 117/1250 | best_global_cost=4.267920 | iter_best=4.569251
2026-02-23 23:22:48 | INFO | underwater_sensor_ga.pso | PSO iter 118/1250 | best_global_cost=4.267920 | iter_best=4.359346
2026-02-23 23:22:51 | INFO | underwater_sensor_ga.pso | PSO iter 119/1250 | best_global_cost=4.267920 | iter_best=4.676560
2026-02-23 23:22:53 | INFO | underwater_sensor_ga.pso | PSO iter 120/1250 | best_global_cost=4.267920 | iter_best=4.662950
2026-02-23 23:22:55 | INFO | underwater_sensor_ga.pso | PSO iter 121/1250 | best_global_cost=4.267920 | iter_best=4.579028
2026-02-23 23:22:57 | INFO | underwater_sensor_ga.pso | PSO iter 122/1250 | best_global_cost=4.267920 | iter_best=4.588502
2026-02-23 23:23:00 | INFO | underwater_sensor_ga.pso | PSO iter 123/1250 | best_global_cost=4.267920 | iter_best=4.728521
2026-02-23 23:23:02 | INFO | underwater_sensor_ga.pso | PSO iter 124/1250 | best_global_cost=4.267920 | iter_best=4.544825
2026-02-23 23:23:04 | INFO | underwater_sensor_ga.pso | PSO iter 125/1250 | best_global_cost=4.267920 | iter_best=4.719871
2026-02-23 23:23:07 | INFO | underwater_sensor_ga.pso | PSO iter 126/1250 | best_global_cost=4.267920 | iter_best=4.469663
2026-02-23 23:23:09 | INFO | underwater_sensor_ga.pso | PSO iter 127/1250 | best_global_cost=4.267920 | iter_best=4.276315
2026-02-23 23:23:11 | INFO | underwater_sensor_ga.pso | PSO iter 128/1250 | best_global_cost=4.267920 | iter_best=4.433285
2026-02-23 23:23:13 | INFO | underwater_sensor_ga.pso | PSO iter 129/1250 | best_global_cost=4.267920 | iter_best=4.378945
2026-02-23 23:23:16 | INFO | underwater_sensor_ga.pso | PSO iter 130/1250 | best_global_cost=4.267920 | iter_best=4.676508
2026-02-23 23:23:18 | INFO | underwater_sensor_ga.pso | PSO iter 131/1250 | best_global_cost=4.267920 | iter_best=4.524712
2026-02-23 23:23:20 | INFO | underwater_sensor_ga.pso | PSO iter 132/1250 | best_global_cost=4.267920 | iter_best=4.561898
2026-02-23 23:23:22 | INFO | underwater_sensor_ga.pso | PSO iter 133/1250 | best_global_cost=4.267920 | iter_best=4.588502
2026-02-23 23:23:25 | INFO | underwater_sensor_ga.pso | PSO iter 134/1250 | best_global_cost=4.267920 | iter_best=4.753401
2026-02-23 23:23:27 | INFO | underwater_sensor_ga.pso | PSO iter 135/1250 | best_global_cost=4.267920 | iter_best=4.356457
2026-02-23 23:23:29 | INFO | underwater_sensor_ga.pso | PSO iter 136/1250 | best_global_cost=4.267920 | iter_best=4.598450
2026-02-23 23:23:31 | INFO | underwater_sensor_ga.pso | PSO iter 137/1250 | best_global_cost=4.267920 | iter_best=4.616452
2026-02-23 23:23:34 | INFO | underwater_sensor_ga.pso | PSO iter 138/1250 | best_global_cost=4.267920 | iter_best=4.676271
2026-02-23 23:23:36 | INFO | underwater_sensor_ga.pso | PSO iter 139/1250 | best_global_cost=4.267920 | iter_best=4.596369
2026-02-23 23:23:38 | INFO | underwater_sensor_ga.pso | PSO iter 140/1250 | best_global_cost=4.267920 | iter_best=4.363398
2026-02-23 23:23:40 | INFO | underwater_sensor_ga.pso | PSO iter 141/1250 | best_global_cost=4.267920 | iter_best=4.564209
2026-02-23 23:23:43 | INFO | underwater_sensor_ga.pso | PSO iter 142/1250 | best_global_cost=4.267920 | iter_best=4.663218
2026-02-23 23:23:45 | INFO | underwater_sensor_ga.pso | PSO iter 143/1250 | best_global_cost=4.184158 | iter_best=4.184158
2026-02-23 23:23:47 | INFO | underwater_sensor_ga.pso | PSO iter 144/1250 | best_global_cost=4.184158 | iter_best=4.476534
2026-02-23 23:23:49 | INFO | underwater_sensor_ga.pso | PSO iter 145/1250 | best_global_cost=4.184158 | iter_best=4.644352
2026-02-23 23:23:52 | INFO | underwater_sensor_ga.pso | PSO iter 146/1250 | best_global_cost=4.184158 | iter_best=4.465973
2026-02-23 23:23:54 | INFO | underwater_sensor_ga.pso | PSO iter 147/1250 | best_global_cost=4.184158 | iter_best=4.552925
2026-02-23 23:23:56 | INFO | underwater_sensor_ga.pso | PSO iter 148/1250 | best_global_cost=4.184158 | iter_best=4.685594
2026-02-23 23:23:58 | INFO | underwater_sensor_ga.pso | PSO iter 149/1250 | best_global_cost=4.184158 | iter_best=4.540040
2026-02-23 23:24:01 | INFO | underwater_sensor_ga.pso | PSO iter 150/1250 | best_global_cost=4.184158 | iter_best=4.402920
2026-02-23 23:24:03 | INFO | underwater_sensor_ga.pso | PSO iter 151/1250 | best_global_cost=4.184158 | iter_best=4.806326
2026-02-23 23:24:05 | INFO | underwater_sensor_ga.pso | PSO iter 152/1250 | best_global_cost=4.184158 | iter_best=4.625270
2026-02-23 23:24:08 | INFO | underwater_sensor_ga.pso | PSO iter 153/1250 | best_global_cost=4.184158 | iter_best=4.635883
2026-02-23 23:24:10 | INFO | underwater_sensor_ga.pso | PSO iter 154/1250 | best_global_cost=4.184158 | iter_best=4.536142
2026-02-23 23:24:12 | INFO | underwater_sensor_ga.pso | PSO iter 155/1250 | best_global_cost=4.184158 | iter_best=4.526343
2026-02-23 23:24:14 | INFO | underwater_sensor_ga.pso | PSO iter 156/1250 | best_global_cost=4.184158 | iter_best=4.539872
2026-02-23 23:24:17 | INFO | underwater_sensor_ga.pso | PSO iter 157/1250 | best_global_cost=4.184158 | iter_best=4.643472
2026-02-23 23:24:19 | INFO | underwater_sensor_ga.pso | PSO iter 158/1250 | best_global_cost=4.184158 | iter_best=4.511498
2026-02-23 23:24:21 | INFO | underwater_sensor_ga.pso | PSO iter 159/1250 | best_global_cost=4.184158 | iter_best=4.530795
2026-02-23 23:24:23 | INFO | underwater_sensor_ga.pso | PSO iter 160/1250 | best_global_cost=4.184158 | iter_best=4.609518
2026-02-23 23:24:25 | INFO | underwater_sensor_ga.pso | PSO iter 161/1250 | best_global_cost=4.184158 | iter_best=4.674310
2026-02-23 23:24:28 | INFO | underwater_sensor_ga.pso | PSO iter 162/1250 | best_global_cost=4.184158 | iter_best=4.428805
2026-02-23 23:24:30 | INFO | underwater_sensor_ga.pso | PSO iter 163/1250 | best_global_cost=4.184158 | iter_best=4.610721
2026-02-23 23:24:32 | INFO | underwater_sensor_ga.pso | PSO iter 164/1250 | best_global_cost=4.184158 | iter_best=4.571467
2026-02-23 23:24:34 | INFO | underwater_sensor_ga.pso | PSO iter 165/1250 | best_global_cost=4.184158 | iter_best=4.564994
2026-02-23 23:24:36 | INFO | underwater_sensor_ga.pso | PSO iter 166/1250 | best_global_cost=4.184158 | iter_best=4.456767
2026-02-23 23:24:39 | INFO | underwater_sensor_ga.pso | PSO iter 167/1250 | best_global_cost=4.184158 | iter_best=4.626236
2026-02-23 23:24:41 | INFO | underwater_sensor_ga.pso | PSO iter 168/1250 | best_global_cost=4.184158 | iter_best=4.610721
2026-02-23 23:24:43 | INFO | underwater_sensor_ga.pso | PSO iter 169/1250 | best_global_cost=4.184158 | iter_best=4.649866
2026-02-23 23:24:45 | INFO | underwater_sensor_ga.pso | PSO iter 170/1250 | best_global_cost=4.184158 | iter_best=4.335400
2026-02-23 23:24:47 | INFO | underwater_sensor_ga.pso | PSO iter 171/1250 | best_global_cost=4.184158 | iter_best=4.405916
2026-02-23 23:24:50 | INFO | underwater_sensor_ga.pso | PSO iter 172/1250 | best_global_cost=4.184158 | iter_best=4.609735
2026-02-23 23:24:53 | INFO | underwater_sensor_ga.pso | PSO iter 173/1250 | best_global_cost=4.184158 | iter_best=4.412743
2026-02-23 23:24:55 | INFO | underwater_sensor_ga.pso | PSO iter 174/1250 | best_global_cost=4.184158 | iter_best=4.722034
2026-02-23 23:24:57 | INFO | underwater_sensor_ga.pso | PSO iter 175/1250 | best_global_cost=4.184158 | iter_best=4.700346
2026-02-23 23:25:00 | INFO | underwater_sensor_ga.pso | PSO iter 176/1250 | best_global_cost=4.184158 | iter_best=4.560059
2026-02-23 23:25:02 | INFO | underwater_sensor_ga.pso | PSO iter 177/1250 | best_global_cost=4.184158 | iter_best=4.493409
2026-02-23 23:25:05 | INFO | underwater_sensor_ga.pso | PSO iter 178/1250 | best_global_cost=4.184158 | iter_best=4.787143
2026-02-23 23:25:07 | INFO | underwater_sensor_ga.pso | PSO iter 179/1250 | best_global_cost=4.184158 | iter_best=4.683980
2026-02-23 23:25:09 | INFO | underwater_sensor_ga.pso | PSO iter 180/1250 | best_global_cost=4.184158 | iter_best=4.500565
2026-02-23 23:25:11 | INFO | underwater_sensor_ga.pso | PSO iter 181/1250 | best_global_cost=4.184158 | iter_best=4.594171
2026-02-23 23:25:13 | INFO | underwater_sensor_ga.pso | PSO iter 182/1250 | best_global_cost=4.184158 | iter_best=4.392695
2026-02-23 23:25:16 | INFO | underwater_sensor_ga.pso | PSO iter 183/1250 | best_global_cost=4.184158 | iter_best=4.509402
2026-02-23 23:25:18 | INFO | underwater_sensor_ga.pso | PSO iter 184/1250 | best_global_cost=4.184158 | iter_best=4.472053
2026-02-23 23:25:20 | INFO | underwater_sensor_ga.pso | PSO iter 185/1250 | best_global_cost=4.184158 | iter_best=4.653325
2026-02-23 23:25:23 | INFO | underwater_sensor_ga.pso | PSO iter 186/1250 | best_global_cost=4.184158 | iter_best=4.515024
2026-02-23 23:25:25 | INFO | underwater_sensor_ga.pso | PSO iter 187/1250 | best_global_cost=4.184158 | iter_best=4.469395
2026-02-23 23:25:27 | INFO | underwater_sensor_ga.pso | PSO iter 188/1250 | best_global_cost=4.184158 | iter_best=4.552925
2026-02-23 23:25:29 | INFO | underwater_sensor_ga.pso | PSO iter 189/1250 | best_global_cost=4.184158 | iter_best=4.589235
2026-02-23 23:25:32 | INFO | underwater_sensor_ga.pso | PSO iter 190/1250 | best_global_cost=4.184158 | iter_best=4.382171
2026-02-23 23:25:34 | INFO | underwater_sensor_ga.pso | PSO iter 191/1250 | best_global_cost=4.184158 | iter_best=4.553902
2026-02-23 23:25:36 | INFO | underwater_sensor_ga.pso | PSO iter 192/1250 | best_global_cost=4.184158 | iter_best=4.552925
2026-02-23 23:25:39 | INFO | underwater_sensor_ga.pso | PSO iter 193/1250 | best_global_cost=4.184158 | iter_best=4.522513
2026-02-23 23:25:41 | INFO | underwater_sensor_ga.pso | PSO iter 194/1250 | best_global_cost=4.184158 | iter_best=4.538031
2026-02-23 23:25:43 | INFO | underwater_sensor_ga.pso | PSO iter 195/1250 | best_global_cost=4.184158 | iter_best=4.570672
2026-02-23 23:25:46 | INFO | underwater_sensor_ga.pso | PSO iter 196/1250 | best_global_cost=4.184158 | iter_best=4.691007
2026-02-23 23:25:48 | INFO | underwater_sensor_ga.pso | PSO iter 197/1250 | best_global_cost=4.184158 | iter_best=4.595436
2026-02-23 23:25:50 | INFO | underwater_sensor_ga.pso | PSO iter 198/1250 | best_global_cost=4.184158 | iter_best=4.363591
2026-02-23 23:25:53 | INFO | underwater_sensor_ga.pso | PSO iter 199/1250 | best_global_cost=4.184158 | iter_best=4.500765
2026-02-23 23:25:57 | INFO | underwater_sensor_ga.pso | PSO iter 200/1250 | best_global_cost=4.184158 | iter_best=4.472053
2026-02-23 23:25:59 | INFO | underwater_sensor_ga.pso | PSO iter 201/1250 | best_global_cost=4.184158 | iter_best=4.589982
2026-02-23 23:26:02 | INFO | underwater_sensor_ga.pso | PSO iter 202/1250 | best_global_cost=4.184158 | iter_best=4.470891
2026-02-23 23:26:04 | INFO | underwater_sensor_ga.pso | PSO iter 203/1250 | best_global_cost=4.184158 | iter_best=4.644352
2026-02-23 23:26:06 | INFO | underwater_sensor_ga.pso | PSO iter 204/1250 | best_global_cost=4.184158 | iter_best=4.552925
2026-02-23 23:26:08 | INFO | underwater_sensor_ga.pso | PSO iter 205/1250 | best_global_cost=4.184158 | iter_best=4.574211
2026-02-23 23:26:10 | INFO | underwater_sensor_ga.pso | PSO iter 206/1250 | best_global_cost=4.184158 | iter_best=4.424924
2026-02-23 23:26:13 | INFO | underwater_sensor_ga.pso | PSO iter 207/1250 | best_global_cost=4.184158 | iter_best=4.589982
2026-02-23 23:26:15 | INFO | underwater_sensor_ga.pso | PSO iter 208/1250 | best_global_cost=4.184158 | iter_best=4.519979
2026-02-23 23:26:17 | INFO | underwater_sensor_ga.pso | PSO iter 209/1250 | best_global_cost=4.184158 | iter_best=4.571802
2026-02-23 23:26:19 | INFO | underwater_sensor_ga.pso | PSO iter 210/1250 | best_global_cost=4.184158 | iter_best=4.683019
2026-02-23 23:26:22 | INFO | underwater_sensor_ga.pso | PSO iter 211/1250 | best_global_cost=4.184158 | iter_best=4.597854
2026-02-23 23:26:30 | INFO | underwater_sensor_ga.pso | PSO iter 212/1250 | best_global_cost=4.184158 | iter_best=4.406597
2026-02-23 23:26:34 | INFO | underwater_sensor_ga.pso | PSO iter 213/1250 | best_global_cost=4.184158 | iter_best=4.531370
2026-02-23 23:26:36 | INFO | underwater_sensor_ga.pso | PSO iter 214/1250 | best_global_cost=4.184158 | iter_best=4.571143
2026-02-23 23:26:39 | INFO | underwater_sensor_ga.pso | PSO iter 215/1250 | best_global_cost=4.184158 | iter_best=4.709869
2026-02-23 23:26:41 | INFO | underwater_sensor_ga.pso | PSO iter 216/1250 | best_global_cost=4.184158 | iter_best=4.536142
2026-02-23 23:26:43 | INFO | underwater_sensor_ga.pso | PSO iter 217/1250 | best_global_cost=4.184158 | iter_best=4.640961
2026-02-23 23:26:45 | INFO | underwater_sensor_ga.pso | PSO iter 218/1250 | best_global_cost=4.184158 | iter_best=4.552925
2026-02-23 23:26:48 | INFO | underwater_sensor_ga.pso | PSO iter 219/1250 | best_global_cost=4.184158 | iter_best=4.719817
2026-02-23 23:26:50 | INFO | underwater_sensor_ga.pso | PSO iter 220/1250 | best_global_cost=4.184158 | iter_best=4.504009
2026-02-23 23:26:52 | INFO | underwater_sensor_ga.pso | PSO iter 221/1250 | best_global_cost=4.184158 | iter_best=4.574481
2026-02-23 23:26:55 | INFO | underwater_sensor_ga.pso | PSO iter 222/1250 | best_global_cost=4.184158 | iter_best=4.674591
2026-02-23 23:26:57 | INFO | underwater_sensor_ga.pso | PSO iter 223/1250 | best_global_cost=4.184158 | iter_best=4.632510
2026-02-23 23:26:59 | INFO | underwater_sensor_ga.pso | PSO iter 224/1250 | best_global_cost=4.184158 | iter_best=4.497076
2026-02-23 23:27:01 | INFO | underwater_sensor_ga.pso | PSO iter 225/1250 | best_global_cost=4.184158 | iter_best=4.602925
2026-02-23 23:27:04 | INFO | underwater_sensor_ga.pso | PSO iter 226/1250 | best_global_cost=4.184158 | iter_best=4.465218
2026-02-23 23:27:06 | INFO | underwater_sensor_ga.pso | PSO iter 227/1250 | best_global_cost=4.184158 | iter_best=4.597854
2026-02-23 23:27:09 | INFO | underwater_sensor_ga.pso | PSO iter 228/1250 | best_global_cost=4.184158 | iter_best=4.595436
2026-02-23 23:27:11 | INFO | underwater_sensor_ga.pso | PSO iter 229/1250 | best_global_cost=4.184158 | iter_best=4.788550
2026-02-23 23:27:14 | INFO | underwater_sensor_ga.pso | PSO iter 230/1250 | best_global_cost=4.184158 | iter_best=4.421975
2026-02-23 23:27:17 | INFO | underwater_sensor_ga.pso | PSO iter 231/1250 | best_global_cost=4.184158 | iter_best=4.512231
2026-02-23 23:27:19 | INFO | underwater_sensor_ga.pso | PSO iter 232/1250 | best_global_cost=4.184158 | iter_best=4.567952
2026-02-23 23:27:21 | INFO | underwater_sensor_ga.pso | PSO iter 233/1250 | best_global_cost=4.184158 | iter_best=4.433285
2026-02-23 23:27:23 | INFO | underwater_sensor_ga.pso | PSO iter 234/1250 | best_global_cost=4.184158 | iter_best=4.687523
2026-02-23 23:27:26 | INFO | underwater_sensor_ga.pso | PSO iter 235/1250 | best_global_cost=4.184158 | iter_best=4.634027
2026-02-23 23:27:28 | INFO | underwater_sensor_ga.pso | PSO iter 236/1250 | best_global_cost=4.184158 | iter_best=4.628325
2026-02-23 23:27:31 | INFO | underwater_sensor_ga.pso | PSO iter 237/1250 | best_global_cost=4.184158 | iter_best=4.438700
2026-02-23 23:27:33 | INFO | underwater_sensor_ga.pso | PSO iter 238/1250 | best_global_cost=4.184158 | iter_best=4.589367
2026-02-23 23:27:36 | INFO | underwater_sensor_ga.pso | PSO iter 239/1250 | best_global_cost=4.184158 | iter_best=4.544504
2026-02-23 23:27:39 | INFO | underwater_sensor_ga.pso | PSO iter 240/1250 | best_global_cost=4.184158 | iter_best=4.560059
2026-02-23 23:27:41 | INFO | underwater_sensor_ga.pso | PSO iter 241/1250 | best_global_cost=4.184158 | iter_best=4.616881
2026-02-23 23:27:44 | INFO | underwater_sensor_ga.pso | PSO iter 242/1250 | best_global_cost=4.184158 | iter_best=4.674233
2026-02-23 23:27:47 | INFO | underwater_sensor_ga.pso | PSO iter 243/1250 | best_global_cost=4.184158 | iter_best=4.338844
2026-02-23 23:27:49 | INFO | underwater_sensor_ga.pso | PSO iter 244/1250 | best_global_cost=4.184158 | iter_best=4.574944
2026-02-23 23:27:51 | INFO | underwater_sensor_ga.pso | PSO iter 245/1250 | best_global_cost=4.184158 | iter_best=4.610059
2026-02-23 23:27:53 | INFO | underwater_sensor_ga.pso | PSO iter 246/1250 | best_global_cost=4.184158 | iter_best=4.592922
2026-02-23 23:27:56 | INFO | underwater_sensor_ga.pso | PSO iter 247/1250 | best_global_cost=4.184158 | iter_best=4.373008
2026-02-23 23:27:58 | INFO | underwater_sensor_ga.pso | PSO iter 248/1250 | best_global_cost=4.184158 | iter_best=4.547453
2026-02-23 23:28:00 | INFO | underwater_sensor_ga.pso | PSO iter 249/1250 | best_global_cost=4.184158 | iter_best=4.501993
2026-02-23 23:28:03 | INFO | underwater_sensor_ga.pso | PSO iter 250/1250 | best_global_cost=4.184158 | iter_best=4.632207
2026-02-23 23:28:05 | INFO | underwater_sensor_ga.pso | PSO iter 251/1250 | best_global_cost=4.184158 | iter_best=4.531645
2026-02-23 23:28:07 | INFO | underwater_sensor_ga.pso | PSO iter 252/1250 | best_global_cost=4.184158 | iter_best=4.623860
2026-02-23 23:28:09 | INFO | underwater_sensor_ga.pso | PSO iter 253/1250 | best_global_cost=4.184158 | iter_best=4.591991
2026-02-23 23:28:11 | INFO | underwater_sensor_ga.pso | PSO iter 254/1250 | best_global_cost=4.184158 | iter_best=4.585058
2026-02-23 23:28:13 | INFO | underwater_sensor_ga.pso | PSO iter 255/1250 | best_global_cost=4.184158 | iter_best=4.349822
2026-02-23 23:28:16 | INFO | underwater_sensor_ga.pso | PSO iter 256/1250 | best_global_cost=4.184158 | iter_best=4.215359
2026-02-23 23:28:18 | INFO | underwater_sensor_ga.pso | PSO iter 257/1250 | best_global_cost=4.184158 | iter_best=4.440950
2026-02-23 23:28:20 | INFO | underwater_sensor_ga.pso | PSO iter 258/1250 | best_global_cost=4.184158 | iter_best=4.497076
2026-02-23 23:28:22 | INFO | underwater_sensor_ga.pso | PSO iter 259/1250 | best_global_cost=4.184158 | iter_best=4.313821
2026-02-23 23:28:24 | INFO | underwater_sensor_ga.pso | PSO iter 260/1250 | best_global_cost=4.184158 | iter_best=4.709822
2026-02-23 23:28:26 | INFO | underwater_sensor_ga.pso | PSO iter 261/1250 | best_global_cost=4.184158 | iter_best=4.502292
2026-02-23 23:28:28 | INFO | underwater_sensor_ga.pso | PSO iter 262/1250 | best_global_cost=4.184158 | iter_best=4.498827
2026-02-23 23:28:31 | INFO | underwater_sensor_ga.pso | PSO iter 263/1250 | best_global_cost=4.184158 | iter_best=4.465973
2026-02-23 23:28:33 | INFO | underwater_sensor_ga.pso | PSO iter 264/1250 | best_global_cost=4.184158 | iter_best=4.603658
2026-02-23 23:28:35 | INFO | underwater_sensor_ga.pso | PSO iter 265/1250 | best_global_cost=4.184158 | iter_best=4.438499
2026-02-23 23:28:37 | INFO | underwater_sensor_ga.pso | PSO iter 266/1250 | best_global_cost=4.184158 | iter_best=4.595436
2026-02-23 23:28:39 | INFO | underwater_sensor_ga.pso | PSO iter 267/1250 | best_global_cost=4.184158 | iter_best=4.577959
2026-02-23 23:28:42 | INFO | underwater_sensor_ga.pso | PSO iter 268/1250 | best_global_cost=4.184158 | iter_best=4.690803
2026-02-23 23:28:44 | INFO | underwater_sensor_ga.pso | PSO iter 269/1250 | best_global_cost=4.184158 | iter_best=4.674292
2026-02-23 23:28:46 | INFO | underwater_sensor_ga.pso | PSO iter 270/1250 | best_global_cost=4.184158 | iter_best=4.592830
2026-02-23 23:28:48 | INFO | underwater_sensor_ga.pso | PSO iter 271/1250 | best_global_cost=4.184158 | iter_best=4.511143
2026-02-23 23:28:50 | INFO | underwater_sensor_ga.pso | PSO iter 272/1250 | best_global_cost=4.184158 | iter_best=4.651485
2026-02-23 23:28:53 | INFO | underwater_sensor_ga.pso | PSO iter 273/1250 | best_global_cost=4.184158 | iter_best=4.540047
2026-02-23 23:28:55 | INFO | underwater_sensor_ga.pso | PSO iter 274/1250 | best_global_cost=4.184158 | iter_best=4.670455
2026-02-23 23:28:57 | INFO | underwater_sensor_ga.pso | PSO iter 275/1250 | best_global_cost=4.184158 | iter_best=4.781931
2026-02-23 23:28:59 | INFO | underwater_sensor_ga.pso | PSO iter 276/1250 | best_global_cost=4.184158 | iter_best=4.387559
2026-02-23 23:29:02 | INFO | underwater_sensor_ga.pso | PSO iter 277/1250 | best_global_cost=4.184158 | iter_best=4.387760
2026-02-23 23:29:04 | INFO | underwater_sensor_ga.pso | PSO iter 278/1250 | best_global_cost=4.184158 | iter_best=4.431003
2026-02-23 23:29:06 | INFO | underwater_sensor_ga.pso | PSO iter 279/1250 | best_global_cost=4.184158 | iter_best=4.635785
2026-02-23 23:29:08 | INFO | underwater_sensor_ga.pso | PSO iter 280/1250 | best_global_cost=4.184158 | iter_best=4.626355
2026-02-23 23:29:10 | INFO | underwater_sensor_ga.pso | PSO iter 281/1250 | best_global_cost=4.184158 | iter_best=4.694865
2026-02-23 23:29:12 | INFO | underwater_sensor_ga.pso | PSO iter 282/1250 | best_global_cost=4.184158 | iter_best=4.651916
2026-02-23 23:29:15 | INFO | underwater_sensor_ga.pso | PSO iter 283/1250 | best_global_cost=4.184158 | iter_best=4.645082
2026-02-23 23:29:17 | INFO | underwater_sensor_ga.pso | PSO iter 284/1250 | best_global_cost=4.184158 | iter_best=4.631474
2026-02-23 23:29:19 | INFO | underwater_sensor_ga.pso | PSO iter 285/1250 | best_global_cost=4.184158 | iter_best=4.630583
2026-02-23 23:29:21 | INFO | underwater_sensor_ga.pso | PSO iter 286/1250 | best_global_cost=4.184158 | iter_best=4.694408
2026-02-23 23:29:23 | INFO | underwater_sensor_ga.pso | PSO iter 287/1250 | best_global_cost=4.184158 | iter_best=4.721172
2026-02-23 23:29:26 | INFO | underwater_sensor_ga.pso | PSO iter 288/1250 | best_global_cost=4.184158 | iter_best=4.623860
2026-02-23 23:29:28 | INFO | underwater_sensor_ga.pso | PSO iter 289/1250 | best_global_cost=4.184158 | iter_best=4.628325
2026-02-23 23:29:30 | INFO | underwater_sensor_ga.pso | PSO iter 290/1250 | best_global_cost=4.184158 | iter_best=4.494418
2026-02-23 23:29:33 | INFO | underwater_sensor_ga.pso | PSO iter 291/1250 | best_global_cost=4.184158 | iter_best=4.561475
2026-02-23 23:29:35 | INFO | underwater_sensor_ga.pso | PSO iter 292/1250 | best_global_cost=4.184158 | iter_best=4.554452
2026-02-23 23:29:38 | INFO | underwater_sensor_ga.pso | PSO iter 293/1250 | best_global_cost=4.184158 | iter_best=4.567348
2026-02-23 23:29:40 | INFO | underwater_sensor_ga.pso | PSO iter 294/1250 | best_global_cost=4.184158 | iter_best=4.564533
2026-02-23 23:29:43 | INFO | underwater_sensor_ga.pso | PSO iter 295/1250 | best_global_cost=4.184158 | iter_best=4.637717
2026-02-23 23:29:45 | INFO | underwater_sensor_ga.pso | PSO iter 296/1250 | best_global_cost=4.184158 | iter_best=4.470891
2026-02-23 23:29:47 | INFO | underwater_sensor_ga.pso | PSO iter 297/1250 | best_global_cost=4.184158 | iter_best=4.583747
2026-02-23 23:29:50 | INFO | underwater_sensor_ga.pso | PSO iter 298/1250 | best_global_cost=4.184158 | iter_best=4.662950
2026-02-23 23:29:52 | INFO | underwater_sensor_ga.pso | PSO iter 299/1250 | best_global_cost=4.184158 | iter_best=4.511143
2026-02-23 23:29:54 | INFO | underwater_sensor_ga.pso | PSO iter 300/1250 | best_global_cost=4.184158 | iter_best=4.512906
2026-02-23 23:29:57 | INFO | underwater_sensor_ga.pso | PSO iter 301/1250 | best_global_cost=4.184158 | iter_best=4.600571
2026-02-23 23:29:59 | INFO | underwater_sensor_ga.pso | PSO iter 302/1250 | best_global_cost=4.184158 | iter_best=4.618764
2026-02-23 23:30:01 | INFO | underwater_sensor_ga.pso | PSO iter 303/1250 | best_global_cost=4.184158 | iter_best=4.426151
2026-02-23 23:30:03 | INFO | underwater_sensor_ga.pso | PSO iter 304/1250 | best_global_cost=4.184158 | iter_best=4.674582
2026-02-23 23:30:06 | INFO | underwater_sensor_ga.pso | PSO iter 305/1250 | best_global_cost=4.184158 | iter_best=4.834629
2026-02-23 23:30:08 | INFO | underwater_sensor_ga.pso | PSO iter 306/1250 | best_global_cost=4.184158 | iter_best=4.665908
2026-02-23 23:30:10 | INFO | underwater_sensor_ga.pso | PSO iter 307/1250 | best_global_cost=4.184158 | iter_best=4.701508
2026-02-23 23:30:13 | INFO | underwater_sensor_ga.pso | PSO iter 308/1250 | best_global_cost=4.184158 | iter_best=4.494418
2026-02-23 23:30:15 | INFO | underwater_sensor_ga.pso | PSO iter 309/1250 | best_global_cost=4.184158 | iter_best=4.653492
2026-02-23 23:30:17 | INFO | underwater_sensor_ga.pso | PSO iter 310/1250 | best_global_cost=4.184158 | iter_best=4.597187
2026-02-23 23:30:19 | INFO | underwater_sensor_ga.pso | PSO iter 311/1250 | best_global_cost=4.184158 | iter_best=4.655606
2026-02-23 23:30:22 | INFO | underwater_sensor_ga.pso | PSO iter 312/1250 | best_global_cost=4.184158 | iter_best=4.670406
2026-02-23 23:30:24 | INFO | underwater_sensor_ga.pso | PSO iter 313/1250 | best_global_cost=4.184158 | iter_best=4.546199
2026-02-23 23:30:26 | INFO | underwater_sensor_ga.pso | PSO iter 314/1250 | best_global_cost=4.184158 | iter_best=4.479186
2026-02-23 23:30:28 | INFO | underwater_sensor_ga.pso | PSO iter 315/1250 | best_global_cost=4.184158 | iter_best=4.552925
2026-02-23 23:30:31 | INFO | underwater_sensor_ga.pso | PSO iter 316/1250 | best_global_cost=4.184158 | iter_best=4.628325
2026-02-23 23:30:33 | INFO | underwater_sensor_ga.pso | PSO iter 317/1250 | best_global_cost=4.184158 | iter_best=4.542601
2026-02-23 23:30:35 | INFO | underwater_sensor_ga.pso | PSO iter 318/1250 | best_global_cost=4.184158 | iter_best=4.638195
2026-02-23 23:30:37 | INFO | underwater_sensor_ga.pso | PSO iter 319/1250 | best_global_cost=4.184158 | iter_best=4.638272
2026-02-23 23:30:40 | INFO | underwater_sensor_ga.pso | PSO iter 320/1250 | best_global_cost=4.184158 | iter_best=4.600950
2026-02-23 23:30:42 | INFO | underwater_sensor_ga.pso | PSO iter 321/1250 | best_global_cost=4.184158 | iter_best=4.472053
2026-02-23 23:30:44 | INFO | underwater_sensor_ga.pso | PSO iter 322/1250 | best_global_cost=4.184158 | iter_best=4.469462
2026-02-23 23:30:47 | INFO | underwater_sensor_ga.pso | PSO iter 323/1250 | best_global_cost=4.184158 | iter_best=4.484931
2026-02-23 23:30:49 | INFO | underwater_sensor_ga.pso | PSO iter 324/1250 | best_global_cost=4.184158 | iter_best=4.426151
2026-02-23 23:30:51 | INFO | underwater_sensor_ga.pso | PSO iter 325/1250 | best_global_cost=4.184158 | iter_best=4.666638
2026-02-23 23:30:54 | INFO | underwater_sensor_ga.pso | PSO iter 326/1250 | best_global_cost=4.184158 | iter_best=4.601278
2026-02-23 23:30:56 | INFO | underwater_sensor_ga.pso | PSO iter 327/1250 | best_global_cost=4.184158 | iter_best=4.557374
2026-02-23 23:30:58 | INFO | underwater_sensor_ga.pso | PSO iter 328/1250 | best_global_cost=4.184158 | iter_best=4.491693
2026-02-23 23:31:00 | INFO | underwater_sensor_ga.pso | PSO iter 329/1250 | best_global_cost=4.184158 | iter_best=4.557400
2026-02-23 23:31:03 | INFO | underwater_sensor_ga.pso | PSO iter 330/1250 | best_global_cost=4.184158 | iter_best=4.479186
2026-02-23 23:31:05 | INFO | underwater_sensor_ga.pso | PSO iter 331/1250 | best_global_cost=4.184158 | iter_best=4.501331
2026-02-23 23:31:07 | INFO | underwater_sensor_ga.pso | PSO iter 332/1250 | best_global_cost=4.184158 | iter_best=4.561898
2026-02-23 23:31:09 | INFO | underwater_sensor_ga.pso | PSO iter 333/1250 | best_global_cost=4.184158 | iter_best=4.524712
2026-02-23 23:31:12 | INFO | underwater_sensor_ga.pso | PSO iter 334/1250 | best_global_cost=4.184158 | iter_best=4.592554
2026-02-23 23:31:14 | INFO | underwater_sensor_ga.pso | PSO iter 335/1250 | best_global_cost=4.184158 | iter_best=4.685074
2026-02-23 23:31:16 | INFO | underwater_sensor_ga.pso | PSO iter 336/1250 | best_global_cost=4.184158 | iter_best=4.641894
2026-02-23 23:31:19 | INFO | underwater_sensor_ga.pso | PSO iter 337/1250 | best_global_cost=4.184158 | iter_best=4.567830
2026-02-23 23:31:21 | INFO | underwater_sensor_ga.pso | PSO iter 338/1250 | best_global_cost=4.184158 | iter_best=4.529502
2026-02-23 23:31:23 | INFO | underwater_sensor_ga.pso | PSO iter 339/1250 | best_global_cost=4.184158 | iter_best=4.472053
2026-02-23 23:31:25 | INFO | underwater_sensor_ga.pso | PSO iter 340/1250 | best_global_cost=4.184158 | iter_best=4.465973
2026-02-23 23:31:27 | INFO | underwater_sensor_ga.pso | PSO iter 341/1250 | best_global_cost=4.184158 | iter_best=4.657803
2026-02-23 23:31:30 | INFO | underwater_sensor_ga.pso | PSO iter 342/1250 | best_global_cost=4.184158 | iter_best=4.585128
2026-02-23 23:31:32 | INFO | underwater_sensor_ga.pso | PSO iter 343/1250 | best_global_cost=4.184158 | iter_best=4.695849
2026-02-23 23:31:35 | INFO | underwater_sensor_ga.pso | PSO iter 344/1250 | best_global_cost=4.184158 | iter_best=4.616662
2026-02-23 23:31:37 | INFO | underwater_sensor_ga.pso | PSO iter 345/1250 | best_global_cost=4.184158 | iter_best=4.472907
2026-02-23 23:31:39 | INFO | underwater_sensor_ga.pso | PSO iter 346/1250 | best_global_cost=4.184158 | iter_best=4.297163
2026-02-23 23:31:41 | INFO | underwater_sensor_ga.pso | PSO iter 347/1250 | best_global_cost=4.184158 | iter_best=4.425664
2026-02-23 23:31:43 | INFO | underwater_sensor_ga.pso | PSO iter 348/1250 | best_global_cost=4.184158 | iter_best=4.572972
2026-02-23 23:31:46 | INFO | underwater_sensor_ga.pso | PSO iter 349/1250 | best_global_cost=4.184158 | iter_best=4.405916
2026-02-23 23:31:48 | INFO | underwater_sensor_ga.pso | PSO iter 350/1250 | best_global_cost=4.184158 | iter_best=4.733642
2026-02-23 23:31:50 | INFO | underwater_sensor_ga.pso | PSO iter 351/1250 | best_global_cost=4.184158 | iter_best=4.561089
2026-02-23 23:31:52 | INFO | underwater_sensor_ga.pso | PSO iter 352/1250 | best_global_cost=4.184158 | iter_best=4.622222
2026-02-23 23:31:54 | INFO | underwater_sensor_ga.pso | PSO iter 353/1250 | best_global_cost=4.184158 | iter_best=4.508054
2026-02-23 23:31:57 | INFO | underwater_sensor_ga.pso | PSO iter 354/1250 | best_global_cost=4.184158 | iter_best=4.589235
2026-02-23 23:31:59 | INFO | underwater_sensor_ga.pso | PSO iter 355/1250 | best_global_cost=4.184158 | iter_best=4.449633
2026-02-23 23:32:01 | INFO | underwater_sensor_ga.pso | PSO iter 356/1250 | best_global_cost=4.184158 | iter_best=4.399168
2026-02-23 23:32:04 | INFO | underwater_sensor_ga.pso | PSO iter 357/1250 | best_global_cost=4.184158 | iter_best=4.515206
2026-02-23 23:32:06 | INFO | underwater_sensor_ga.pso | PSO iter 358/1250 | best_global_cost=4.184158 | iter_best=4.585058
2026-02-23 23:32:08 | INFO | underwater_sensor_ga.pso | PSO iter 359/1250 | best_global_cost=4.184158 | iter_best=4.474144
2026-02-23 23:32:10 | INFO | underwater_sensor_ga.pso | PSO iter 360/1250 | best_global_cost=4.184158 | iter_best=4.602384
2026-02-23 23:32:13 | INFO | underwater_sensor_ga.pso | PSO iter 361/1250 | best_global_cost=4.184158 | iter_best=4.591450
2026-02-23 23:32:15 | INFO | underwater_sensor_ga.pso | PSO iter 362/1250 | best_global_cost=4.184158 | iter_best=4.575195
2026-02-23 23:32:17 | INFO | underwater_sensor_ga.pso | PSO iter 363/1250 | best_global_cost=4.184158 | iter_best=4.518354
2026-02-23 23:32:19 | INFO | underwater_sensor_ga.pso | PSO iter 364/1250 | best_global_cost=4.184158 | iter_best=4.582400
2026-02-23 23:32:22 | INFO | underwater_sensor_ga.pso | PSO iter 365/1250 | best_global_cost=4.184158 | iter_best=4.719835
2026-02-23 23:32:24 | INFO | underwater_sensor_ga.pso | PSO iter 366/1250 | best_global_cost=4.184158 | iter_best=4.566816
2026-02-23 23:32:26 | INFO | underwater_sensor_ga.pso | PSO iter 367/1250 | best_global_cost=4.184158 | iter_best=4.691819
2026-02-23 23:32:29 | INFO | underwater_sensor_ga.pso | PSO iter 368/1250 | best_global_cost=4.184158 | iter_best=4.670239
2026-02-23 23:32:31 | INFO | underwater_sensor_ga.pso | PSO iter 369/1250 | best_global_cost=4.184158 | iter_best=4.392695
2026-02-23 23:32:34 | INFO | underwater_sensor_ga.pso | PSO iter 370/1250 | best_global_cost=4.184158 | iter_best=4.596523
2026-02-23 23:32:36 | INFO | underwater_sensor_ga.pso | PSO iter 371/1250 | best_global_cost=4.184158 | iter_best=4.443695
2026-02-23 23:32:38 | INFO | underwater_sensor_ga.pso | PSO iter 372/1250 | best_global_cost=4.184158 | iter_best=4.543276
2026-02-23 23:32:41 | INFO | underwater_sensor_ga.pso | PSO iter 373/1250 | best_global_cost=4.184158 | iter_best=4.660458
2026-02-23 23:32:43 | INFO | underwater_sensor_ga.pso | PSO iter 374/1250 | best_global_cost=4.184158 | iter_best=4.659746
2026-02-23 23:32:46 | INFO | underwater_sensor_ga.pso | PSO iter 375/1250 | best_global_cost=4.184158 | iter_best=4.602384
2026-02-23 23:32:48 | INFO | underwater_sensor_ga.pso | PSO iter 376/1250 | best_global_cost=4.184158 | iter_best=4.440219
2026-02-23 23:32:50 | INFO | underwater_sensor_ga.pso | PSO iter 377/1250 | best_global_cost=4.184158 | iter_best=4.542601
2026-02-23 23:32:53 | INFO | underwater_sensor_ga.pso | PSO iter 378/1250 | best_global_cost=4.184158 | iter_best=4.423137
2026-02-23 23:32:55 | INFO | underwater_sensor_ga.pso | PSO iter 379/1250 | best_global_cost=4.184158 | iter_best=4.583896
2026-02-23 23:32:58 | INFO | underwater_sensor_ga.pso | PSO iter 380/1250 | best_global_cost=4.184158 | iter_best=4.594274
2026-02-23 23:33:00 | INFO | underwater_sensor_ga.pso | PSO iter 381/1250 | best_global_cost=4.184158 | iter_best=4.399168
2026-02-23 23:33:03 | INFO | underwater_sensor_ga.pso | PSO iter 382/1250 | best_global_cost=4.184158 | iter_best=4.449611
2026-02-23 23:33:05 | INFO | underwater_sensor_ga.pso | PSO iter 383/1250 | best_global_cost=4.184158 | iter_best=4.665376
2026-02-23 23:33:08 | INFO | underwater_sensor_ga.pso | PSO iter 384/1250 | best_global_cost=4.184158 | iter_best=4.497808
2026-02-23 23:33:10 | INFO | underwater_sensor_ga.pso | PSO iter 385/1250 | best_global_cost=4.184158 | iter_best=4.588502
2026-02-23 23:33:12 | INFO | underwater_sensor_ga.pso | PSO iter 386/1250 | best_global_cost=4.184158 | iter_best=4.659783
2026-02-23 23:33:15 | INFO | underwater_sensor_ga.pso | PSO iter 387/1250 | best_global_cost=4.184158 | iter_best=4.626055
2026-02-23 23:33:17 | INFO | underwater_sensor_ga.pso | PSO iter 388/1250 | best_global_cost=4.184158 | iter_best=4.454735
2026-02-23 23:33:19 | INFO | underwater_sensor_ga.pso | PSO iter 389/1250 | best_global_cost=4.184158 | iter_best=4.423137
2026-02-23 23:33:22 | INFO | underwater_sensor_ga.pso | PSO iter 390/1250 | best_global_cost=4.184158 | iter_best=4.501405
2026-02-23 23:33:24 | INFO | underwater_sensor_ga.pso | PSO iter 391/1250 | best_global_cost=4.184158 | iter_best=4.529043
2026-02-23 23:33:26 | INFO | underwater_sensor_ga.pso | PSO iter 392/1250 | best_global_cost=4.184158 | iter_best=4.530784
2026-02-23 23:33:29 | INFO | underwater_sensor_ga.pso | PSO iter 393/1250 | best_global_cost=4.184158 | iter_best=4.423137
2026-02-23 23:33:31 | INFO | underwater_sensor_ga.pso | PSO iter 394/1250 | best_global_cost=4.184158 | iter_best=4.592978
2026-02-23 23:33:33 | INFO | underwater_sensor_ga.pso | PSO iter 395/1250 | best_global_cost=4.184158 | iter_best=4.687731
2026-02-23 23:33:36 | INFO | underwater_sensor_ga.pso | PSO iter 396/1250 | best_global_cost=4.184158 | iter_best=4.727263
2026-02-23 23:33:38 | INFO | underwater_sensor_ga.pso | PSO iter 397/1250 | best_global_cost=4.184158 | iter_best=4.744957
2026-02-23 23:33:40 | INFO | underwater_sensor_ga.pso | PSO iter 398/1250 | best_global_cost=4.184158 | iter_best=4.569640
2026-02-23 23:33:43 | INFO | underwater_sensor_ga.pso | PSO iter 399/1250 | best_global_cost=4.184158 | iter_best=4.596169
2026-02-23 23:33:45 | INFO | underwater_sensor_ga.pso | PSO iter 400/1250 | best_global_cost=4.184158 | iter_best=4.330987
2026-02-23 23:33:47 | INFO | underwater_sensor_ga.pso | PSO iter 401/1250 | best_global_cost=4.184158 | iter_best=4.696840
2026-02-23 23:33:49 | INFO | underwater_sensor_ga.pso | PSO iter 402/1250 | best_global_cost=4.184158 | iter_best=4.627324
2026-02-23 23:33:52 | INFO | underwater_sensor_ga.pso | PSO iter 403/1250 | best_global_cost=4.184158 | iter_best=4.336628
2026-02-23 23:33:54 | INFO | underwater_sensor_ga.pso | PSO iter 404/1250 | best_global_cost=4.184158 | iter_best=4.491887
2026-02-23 23:33:56 | INFO | underwater_sensor_ga.pso | PSO iter 405/1250 | best_global_cost=4.184158 | iter_best=4.815800
2026-02-23 23:33:58 | INFO | underwater_sensor_ga.pso | PSO iter 406/1250 | best_global_cost=4.184158 | iter_best=4.761534
2026-02-23 23:34:00 | INFO | underwater_sensor_ga.pso | PSO iter 407/1250 | best_global_cost=4.184158 | iter_best=4.620551
2026-02-23 23:34:03 | INFO | underwater_sensor_ga.pso | PSO iter 408/1250 | best_global_cost=4.184158 | iter_best=4.610081
2026-02-23 23:34:05 | INFO | underwater_sensor_ga.pso | PSO iter 409/1250 | best_global_cost=4.184158 | iter_best=4.313821
2026-02-23 23:34:07 | INFO | underwater_sensor_ga.pso | PSO iter 410/1250 | best_global_cost=4.184158 | iter_best=4.352212
2026-02-23 23:34:09 | INFO | underwater_sensor_ga.pso | PSO iter 411/1250 | best_global_cost=4.184158 | iter_best=4.349523
2026-02-23 23:34:12 | INFO | underwater_sensor_ga.pso | PSO iter 412/1250 | best_global_cost=4.184158 | iter_best=4.647909
2026-02-23 23:34:14 | INFO | underwater_sensor_ga.pso | PSO iter 413/1250 | best_global_cost=4.184158 | iter_best=4.595636
2026-02-23 23:34:17 | INFO | underwater_sensor_ga.pso | PSO iter 414/1250 | best_global_cost=4.184158 | iter_best=4.570399
2026-02-23 23:34:19 | INFO | underwater_sensor_ga.pso | PSO iter 415/1250 | best_global_cost=4.184158 | iter_best=4.501993
2026-02-23 23:34:22 | INFO | underwater_sensor_ga.pso | PSO iter 416/1250 | best_global_cost=4.184158 | iter_best=4.677785
2026-02-23 23:34:24 | INFO | underwater_sensor_ga.pso | PSO iter 417/1250 | best_global_cost=4.184158 | iter_best=4.717491
2026-02-23 23:34:26 | INFO | underwater_sensor_ga.pso | PSO iter 418/1250 | best_global_cost=4.184158 | iter_best=4.638945
2026-02-23 23:34:29 | INFO | underwater_sensor_ga.pso | PSO iter 419/1250 | best_global_cost=4.184158 | iter_best=4.549534
2026-02-23 23:34:31 | INFO | underwater_sensor_ga.pso | PSO iter 420/1250 | best_global_cost=4.184158 | iter_best=4.524712
2026-02-23 23:34:33 | INFO | underwater_sensor_ga.pso | PSO iter 421/1250 | best_global_cost=4.184158 | iter_best=4.388590
2026-02-23 23:34:36 | INFO | underwater_sensor_ga.pso | PSO iter 422/1250 | best_global_cost=4.184158 | iter_best=4.589235
2026-02-23 23:34:38 | INFO | underwater_sensor_ga.pso | PSO iter 423/1250 | best_global_cost=4.184158 | iter_best=4.610721
2026-02-23 23:34:40 | INFO | underwater_sensor_ga.pso | PSO iter 424/1250 | best_global_cost=4.184158 | iter_best=4.643733
2026-02-23 23:34:42 | INFO | underwater_sensor_ga.pso | PSO iter 425/1250 | best_global_cost=4.184158 | iter_best=4.540172
2026-02-23 23:34:45 | INFO | underwater_sensor_ga.pso | PSO iter 426/1250 | best_global_cost=4.184158 | iter_best=4.440950
2026-02-23 23:34:47 | INFO | underwater_sensor_ga.pso | PSO iter 427/1250 | best_global_cost=4.184158 | iter_best=4.778426
2026-02-23 23:34:49 | INFO | underwater_sensor_ga.pso | PSO iter 428/1250 | best_global_cost=4.184158 | iter_best=4.721230
2026-02-23 23:34:51 | INFO | underwater_sensor_ga.pso | PSO iter 429/1250 | best_global_cost=4.184158 | iter_best=4.625179
2026-02-23 23:34:54 | INFO | underwater_sensor_ga.pso | PSO iter 430/1250 | best_global_cost=4.184158 | iter_best=4.741723
2026-02-23 23:34:56 | INFO | underwater_sensor_ga.pso | PSO iter 431/1250 | best_global_cost=4.184158 | iter_best=4.501327
2026-02-23 23:34:58 | INFO | underwater_sensor_ga.pso | PSO iter 432/1250 | best_global_cost=4.184158 | iter_best=4.508091
2026-02-23 23:35:00 | INFO | underwater_sensor_ga.pso | PSO iter 433/1250 | best_global_cost=4.184158 | iter_best=4.504009
2026-02-23 23:35:03 | INFO | underwater_sensor_ga.pso | PSO iter 434/1250 | best_global_cost=4.184158 | iter_best=4.701508
2026-02-23 23:35:05 | INFO | underwater_sensor_ga.pso | PSO iter 435/1250 | best_global_cost=4.184158 | iter_best=4.603302
2026-02-23 23:35:07 | INFO | underwater_sensor_ga.pso | PSO iter 436/1250 | best_global_cost=4.184158 | iter_best=4.505040
2026-02-23 23:35:09 | INFO | underwater_sensor_ga.pso | PSO iter 437/1250 | best_global_cost=4.184158 | iter_best=4.542601
2026-02-23 23:35:12 | INFO | underwater_sensor_ga.pso | PSO iter 438/1250 | best_global_cost=4.184158 | iter_best=4.453856
2026-02-23 23:35:14 | INFO | underwater_sensor_ga.pso | PSO iter 439/1250 | best_global_cost=4.184158 | iter_best=4.576004
2026-02-23 23:35:16 | INFO | underwater_sensor_ga.pso | PSO iter 440/1250 | best_global_cost=4.184158 | iter_best=4.605584
2026-02-23 23:35:18 | INFO | underwater_sensor_ga.pso | PSO iter 441/1250 | best_global_cost=4.184158 | iter_best=4.666771
2026-02-23 23:35:20 | INFO | underwater_sensor_ga.pso | PSO iter 442/1250 | best_global_cost=4.184158 | iter_best=4.392767
2026-02-23 23:35:23 | INFO | underwater_sensor_ga.pso | PSO iter 443/1250 | best_global_cost=4.184158 | iter_best=4.291772
2026-02-23 23:35:25 | INFO | underwater_sensor_ga.pso | PSO iter 444/1250 | best_global_cost=4.184158 | iter_best=4.574944
2026-02-23 23:35:27 | INFO | underwater_sensor_ga.pso | PSO iter 445/1250 | best_global_cost=4.184158 | iter_best=4.654692
2026-02-23 23:35:30 | INFO | underwater_sensor_ga.pso | PSO iter 446/1250 | best_global_cost=4.184158 | iter_best=4.338844
2026-02-23 23:35:32 | INFO | underwater_sensor_ga.pso | PSO iter 447/1250 | best_global_cost=4.184158 | iter_best=4.332443
2026-02-23 23:35:34 | INFO | underwater_sensor_ga.pso | PSO iter 448/1250 | best_global_cost=4.184158 | iter_best=4.591780
2026-02-23 23:35:37 | INFO | underwater_sensor_ga.pso | PSO iter 449/1250 | best_global_cost=4.184158 | iter_best=4.433085
2026-02-23 23:35:39 | INFO | underwater_sensor_ga.pso | PSO iter 450/1250 | best_global_cost=4.184158 | iter_best=4.313821
2026-02-23 23:35:41 | INFO | underwater_sensor_ga.pso | PSO iter 451/1250 | best_global_cost=4.184158 | iter_best=4.680389
2026-02-23 23:35:44 | INFO | underwater_sensor_ga.pso | PSO iter 452/1250 | best_global_cost=4.184158 | iter_best=4.627142
2026-02-23 23:35:46 | INFO | underwater_sensor_ga.pso | PSO iter 453/1250 | best_global_cost=4.184158 | iter_best=4.503231
2026-02-23 23:35:48 | INFO | underwater_sensor_ga.pso | PSO iter 454/1250 | best_global_cost=4.184158 | iter_best=4.609518
2026-02-23 23:35:50 | INFO | underwater_sensor_ga.pso | PSO iter 455/1250 | best_global_cost=4.184158 | iter_best=4.551175
2026-02-23 23:35:53 | INFO | underwater_sensor_ga.pso | PSO iter 456/1250 | best_global_cost=4.184158 | iter_best=4.499353
2026-02-23 23:35:55 | INFO | underwater_sensor_ga.pso | PSO iter 457/1250 | best_global_cost=4.184158 | iter_best=4.731615
2026-02-23 23:35:57 | INFO | underwater_sensor_ga.pso | PSO iter 458/1250 | best_global_cost=4.184158 | iter_best=4.729699
2026-02-23 23:35:59 | INFO | underwater_sensor_ga.pso | PSO iter 459/1250 | best_global_cost=4.184158 | iter_best=4.511498
2026-02-23 23:36:02 | INFO | underwater_sensor_ga.pso | PSO iter 460/1250 | best_global_cost=4.184158 | iter_best=4.367741
2026-02-23 23:36:04 | INFO | underwater_sensor_ga.pso | PSO iter 461/1250 | best_global_cost=4.184158 | iter_best=4.504209
2026-02-23 23:36:06 | INFO | underwater_sensor_ga.pso | PSO iter 462/1250 | best_global_cost=4.184158 | iter_best=4.606825
2026-02-23 23:36:09 | INFO | underwater_sensor_ga.pso | PSO iter 463/1250 | best_global_cost=4.184158 | iter_best=4.634760
2026-02-23 23:36:11 | INFO | underwater_sensor_ga.pso | PSO iter 464/1250 | best_global_cost=4.184158 | iter_best=4.555424
2026-02-23 23:36:13 | INFO | underwater_sensor_ga.pso | PSO iter 465/1250 | best_global_cost=4.184158 | iter_best=4.380626
2026-02-23 23:36:15 | INFO | underwater_sensor_ga.pso | PSO iter 466/1250 | best_global_cost=4.184158 | iter_best=4.617948
2026-02-23 23:36:18 | INFO | underwater_sensor_ga.pso | PSO iter 467/1250 | best_global_cost=4.184158 | iter_best=4.569640
2026-02-23 23:36:20 | INFO | underwater_sensor_ga.pso | PSO iter 468/1250 | best_global_cost=4.184158 | iter_best=4.723310
2026-02-23 23:36:23 | INFO | underwater_sensor_ga.pso | PSO iter 469/1250 | best_global_cost=4.184158 | iter_best=4.472907
2026-02-23 23:36:26 | INFO | underwater_sensor_ga.pso | PSO iter 470/1250 | best_global_cost=4.184158 | iter_best=4.448893
2026-02-23 23:36:28 | INFO | underwater_sensor_ga.pso | PSO iter 471/1250 | best_global_cost=4.184158 | iter_best=4.552925
2026-02-23 23:36:30 | INFO | underwater_sensor_ga.pso | PSO iter 472/1250 | best_global_cost=4.184158 | iter_best=4.504209
2026-02-23 23:36:33 | INFO | underwater_sensor_ga.pso | PSO iter 473/1250 | best_global_cost=4.184158 | iter_best=4.552925
2026-02-23 23:36:35 | INFO | underwater_sensor_ga.pso | PSO iter 474/1250 | best_global_cost=4.184158 | iter_best=4.671932
2026-02-23 23:36:38 | INFO | underwater_sensor_ga.pso | PSO iter 475/1250 | best_global_cost=4.184158 | iter_best=4.617014
2026-02-23 23:36:42 | INFO | underwater_sensor_ga.pso | PSO iter 476/1250 | best_global_cost=4.184158 | iter_best=4.560889
2026-02-23 23:36:44 | INFO | underwater_sensor_ga.pso | PSO iter 477/1250 | best_global_cost=4.184158 | iter_best=4.442777
2026-02-23 23:36:47 | INFO | underwater_sensor_ga.pso | PSO iter 478/1250 | best_global_cost=4.184158 | iter_best=4.754872
2026-02-23 23:36:49 | INFO | underwater_sensor_ga.pso | PSO iter 479/1250 | best_global_cost=4.184158 | iter_best=4.300608
2026-02-23 23:36:52 | INFO | underwater_sensor_ga.pso | PSO iter 480/1250 | best_global_cost=4.184158 | iter_best=4.610792
2026-02-23 23:36:55 | INFO | underwater_sensor_ga.pso | PSO iter 481/1250 | best_global_cost=4.184158 | iter_best=4.729699
2026-02-23 23:36:57 | INFO | underwater_sensor_ga.pso | PSO iter 482/1250 | best_global_cost=4.184158 | iter_best=4.514134
2026-02-23 23:37:00 | INFO | underwater_sensor_ga.pso | PSO iter 483/1250 | best_global_cost=4.184158 | iter_best=4.729699
2026-02-23 23:37:02 | INFO | underwater_sensor_ga.pso | PSO iter 484/1250 | best_global_cost=4.184158 | iter_best=4.291979
2026-02-23 23:37:04 | INFO | underwater_sensor_ga.pso | PSO iter 485/1250 | best_global_cost=4.184158 | iter_best=4.603775
2026-02-23 23:37:07 | INFO | underwater_sensor_ga.pso | PSO iter 486/1250 | best_global_cost=4.184158 | iter_best=4.625179
2026-02-23 23:37:10 | INFO | underwater_sensor_ga.pso | PSO iter 487/1250 | best_global_cost=4.184158 | iter_best=4.642748
2026-02-23 23:37:12 | INFO | underwater_sensor_ga.pso | PSO iter 488/1250 | best_global_cost=4.184158 | iter_best=4.549534
2026-02-23 23:37:14 | INFO | underwater_sensor_ga.pso | PSO iter 489/1250 | best_global_cost=4.184158 | iter_best=4.620383
2026-02-23 23:37:17 | INFO | underwater_sensor_ga.pso | PSO iter 490/1250 | best_global_cost=4.184158 | iter_best=4.539157
2026-02-23 23:37:19 | INFO | underwater_sensor_ga.pso | PSO iter 491/1250 | best_global_cost=4.184158 | iter_best=4.344180
2026-02-23 23:37:22 | INFO | underwater_sensor_ga.pso | PSO iter 492/1250 | best_global_cost=4.184158 | iter_best=4.466706
2026-02-23 23:37:24 | INFO | underwater_sensor_ga.pso | PSO iter 493/1250 | best_global_cost=4.184158 | iter_best=4.705412
2026-02-23 23:37:28 | INFO | underwater_sensor_ga.pso | PSO iter 494/1250 | best_global_cost=4.184158 | iter_best=4.504009
2026-02-23 23:37:32 | INFO | underwater_sensor_ga.pso | PSO iter 495/1250 | best_global_cost=4.184158 | iter_best=4.531645
2026-02-23 23:37:36 | INFO | underwater_sensor_ga.pso | PSO iter 496/1250 | best_global_cost=4.184158 | iter_best=4.684257
2026-02-23 23:37:40 | INFO | underwater_sensor_ga.pso | PSO iter 497/1250 | best_global_cost=4.184158 | iter_best=4.634760
2026-02-23 23:37:43 | INFO | underwater_sensor_ga.pso | PSO iter 498/1250 | best_global_cost=4.184158 | iter_best=4.551205
2026-02-23 23:37:45 | INFO | underwater_sensor_ga.pso | PSO iter 499/1250 | best_global_cost=4.184158 | iter_best=4.423137
2026-02-23 23:37:47 | INFO | underwater_sensor_ga.pso | PSO iter 500/1250 | best_global_cost=4.184158 | iter_best=4.639005
2026-02-23 23:37:50 | INFO | underwater_sensor_ga.pso | PSO iter 501/1250 | best_global_cost=4.184158 | iter_best=4.697698
2026-02-23 23:37:52 | INFO | underwater_sensor_ga.pso | PSO iter 502/1250 | best_global_cost=4.184158 | iter_best=4.668000
2026-02-23 23:37:55 | INFO | underwater_sensor_ga.pso | PSO iter 503/1250 | best_global_cost=4.184158 | iter_best=4.581667
2026-02-23 23:37:57 | INFO | underwater_sensor_ga.pso | PSO iter 504/1250 | best_global_cost=4.184158 | iter_best=4.602570
2026-02-23 23:38:00 | INFO | underwater_sensor_ga.pso | PSO iter 505/1250 | best_global_cost=4.184158 | iter_best=4.617747
2026-02-23 23:38:03 | INFO | underwater_sensor_ga.pso | PSO iter 506/1250 | best_global_cost=4.184158 | iter_best=4.398844
2026-02-23 23:38:06 | INFO | underwater_sensor_ga.pso | PSO iter 507/1250 | best_global_cost=4.184158 | iter_best=4.501993
2026-02-23 23:38:10 | INFO | underwater_sensor_ga.pso | PSO iter 508/1250 | best_global_cost=4.184158 | iter_best=4.538634
2026-02-23 23:38:14 | INFO | underwater_sensor_ga.pso | PSO iter 509/1250 | best_global_cost=4.184158 | iter_best=4.613548
2026-02-23 23:38:17 | INFO | underwater_sensor_ga.pso | PSO iter 510/1250 | best_global_cost=4.184158 | iter_best=4.625270
2026-02-23 23:38:20 | INFO | underwater_sensor_ga.pso | PSO iter 511/1250 | best_global_cost=4.184158 | iter_best=4.616807
2026-02-23 23:38:23 | INFO | underwater_sensor_ga.pso | PSO iter 512/1250 | best_global_cost=4.184158 | iter_best=4.651485
2026-02-23 23:38:25 | INFO | underwater_sensor_ga.pso | PSO iter 513/1250 | best_global_cost=4.184158 | iter_best=4.669375
2026-02-23 23:38:29 | INFO | underwater_sensor_ga.pso | PSO iter 514/1250 | best_global_cost=4.184158 | iter_best=4.560059
2026-02-23 23:38:32 | INFO | underwater_sensor_ga.pso | PSO iter 515/1250 | best_global_cost=4.184158 | iter_best=4.479262
2026-02-23 23:38:35 | INFO | underwater_sensor_ga.pso | PSO iter 516/1250 | best_global_cost=4.184158 | iter_best=4.511143
2026-02-23 23:38:37 | INFO | underwater_sensor_ga.pso | PSO iter 517/1250 | best_global_cost=4.184158 | iter_best=4.542601
2026-02-23 23:38:40 | INFO | underwater_sensor_ga.pso | PSO iter 518/1250 | best_global_cost=4.184158 | iter_best=4.475796
2026-02-23 23:38:42 | INFO | underwater_sensor_ga.pso | PSO iter 519/1250 | best_global_cost=4.184158 | iter_best=4.615954
2026-02-23 23:38:45 | INFO | underwater_sensor_ga.pso | PSO iter 520/1250 | best_global_cost=4.184158 | iter_best=4.671138
2026-02-23 23:38:48 | INFO | underwater_sensor_ga.pso | PSO iter 521/1250 | best_global_cost=4.184158 | iter_best=4.696414
2026-02-23 23:38:51 | INFO | underwater_sensor_ga.pso | PSO iter 522/1250 | best_global_cost=4.184158 | iter_best=4.479186
2026-02-23 23:38:54 | INFO | underwater_sensor_ga.pso | PSO iter 523/1250 | best_global_cost=4.184158 | iter_best=4.589566
2026-02-23 23:38:57 | INFO | underwater_sensor_ga.pso | PSO iter 524/1250 | best_global_cost=4.184158 | iter_best=4.747033
2026-02-23 23:38:59 | INFO | underwater_sensor_ga.pso | PSO iter 525/1250 | best_global_cost=4.184158 | iter_best=4.647909
2026-02-23 23:39:02 | INFO | underwater_sensor_ga.pso | PSO iter 526/1250 | best_global_cost=4.184158 | iter_best=4.421975
2026-02-23 23:39:04 | INFO | underwater_sensor_ga.pso | PSO iter 527/1250 | best_global_cost=4.184158 | iter_best=4.653253
2026-02-23 23:39:08 | INFO | underwater_sensor_ga.pso | PSO iter 528/1250 | best_global_cost=4.184158 | iter_best=4.300608
2026-02-23 23:39:10 | INFO | underwater_sensor_ga.pso | PSO iter 529/1250 | best_global_cost=4.184158 | iter_best=4.462647
2026-02-23 23:39:14 | INFO | underwater_sensor_ga.pso | PSO iter 530/1250 | best_global_cost=4.184158 | iter_best=4.578415
2026-02-23 23:39:18 | INFO | underwater_sensor_ga.pso | PSO iter 531/1250 | best_global_cost=4.184158 | iter_best=4.677241
2026-02-23 23:39:21 | INFO | underwater_sensor_ga.pso | PSO iter 532/1250 | best_global_cost=4.184158 | iter_best=4.546090
2026-02-23 23:39:24 | INFO | underwater_sensor_ga.pso | PSO iter 533/1250 | best_global_cost=4.184158 | iter_best=4.486120
2026-02-23 23:39:26 | INFO | underwater_sensor_ga.pso | PSO iter 534/1250 | best_global_cost=4.184158 | iter_best=4.504009
2026-02-23 23:39:29 | INFO | underwater_sensor_ga.pso | PSO iter 535/1250 | best_global_cost=4.184158 | iter_best=4.599125
2026-02-23 23:39:31 | INFO | underwater_sensor_ga.pso | PSO iter 536/1250 | best_global_cost=4.184158 | iter_best=4.705685
2026-02-23 23:39:33 | INFO | underwater_sensor_ga.pso | PSO iter 537/1250 | best_global_cost=4.184158 | iter_best=4.602384
2026-02-23 23:39:36 | INFO | underwater_sensor_ga.pso | PSO iter 538/1250 | best_global_cost=4.184158 | iter_best=4.564533
2026-02-23 23:39:38 | INFO | underwater_sensor_ga.pso | PSO iter 539/1250 | best_global_cost=4.184158 | iter_best=4.605584
2026-02-23 23:39:41 | INFO | underwater_sensor_ga.pso | PSO iter 540/1250 | best_global_cost=4.184158 | iter_best=4.610081
2026-02-23 23:39:43 | INFO | underwater_sensor_ga.pso | PSO iter 541/1250 | best_global_cost=4.184158 | iter_best=4.627944
2026-02-23 23:39:46 | INFO | underwater_sensor_ga.pso | PSO iter 542/1250 | best_global_cost=4.184158 | iter_best=4.598450
2026-02-23 23:39:48 | INFO | underwater_sensor_ga.pso | PSO iter 543/1250 | best_global_cost=4.184158 | iter_best=4.663218
2026-02-23 23:39:51 | INFO | underwater_sensor_ga.pso | PSO iter 544/1250 | best_global_cost=4.184158 | iter_best=4.628029
2026-02-23 23:39:54 | INFO | underwater_sensor_ga.pso | PSO iter 545/1250 | best_global_cost=4.184158 | iter_best=4.387760
2026-02-23 23:39:57 | INFO | underwater_sensor_ga.pso | PSO iter 546/1250 | best_global_cost=4.184158 | iter_best=4.402182
2026-02-23 23:39:59 | INFO | underwater_sensor_ga.pso | PSO iter 547/1250 | best_global_cost=4.184158 | iter_best=4.576207
2026-02-23 23:40:02 | INFO | underwater_sensor_ga.pso | PSO iter 548/1250 | best_global_cost=4.184158 | iter_best=4.504209
2026-02-23 23:40:04 | INFO | underwater_sensor_ga.pso | PSO iter 549/1250 | best_global_cost=4.184158 | iter_best=4.736832
2026-02-23 23:40:07 | INFO | underwater_sensor_ga.pso | PSO iter 550/1250 | best_global_cost=4.184158 | iter_best=4.747033
2026-02-23 23:40:09 | INFO | underwater_sensor_ga.pso | PSO iter 551/1250 | best_global_cost=4.184158 | iter_best=4.520724
2026-02-23 23:40:11 | INFO | underwater_sensor_ga.pso | PSO iter 552/1250 | best_global_cost=4.184158 | iter_best=4.300608
2026-02-23 23:40:14 | INFO | underwater_sensor_ga.pso | PSO iter 553/1250 | best_global_cost=4.184158 | iter_best=4.664113
2026-02-23 23:40:18 | INFO | underwater_sensor_ga.pso | PSO iter 554/1250 | best_global_cost=4.184158 | iter_best=4.600353
2026-02-23 23:40:20 | INFO | underwater_sensor_ga.pso | PSO iter 555/1250 | best_global_cost=4.184158 | iter_best=4.472053
2026-02-23 23:40:23 | INFO | underwater_sensor_ga.pso | PSO iter 556/1250 | best_global_cost=4.184158 | iter_best=4.539157
2026-02-23 23:40:27 | INFO | underwater_sensor_ga.pso | PSO iter 557/1250 | best_global_cost=4.184158 | iter_best=4.505701
2026-02-23 23:40:30 | INFO | underwater_sensor_ga.pso | PSO iter 558/1250 | best_global_cost=4.184158 | iter_best=4.448084
2026-02-23 23:40:32 | INFO | underwater_sensor_ga.pso | PSO iter 559/1250 | best_global_cost=4.184158 | iter_best=4.651751
2026-02-23 23:40:35 | INFO | underwater_sensor_ga.pso | PSO iter 560/1250 | best_global_cost=4.184158 | iter_best=4.564533
2026-02-23 23:40:38 | INFO | underwater_sensor_ga.pso | PSO iter 561/1250 | best_global_cost=4.184158 | iter_best=4.577191
2026-02-23 23:40:40 | INFO | underwater_sensor_ga.pso | PSO iter 562/1250 | best_global_cost=4.184158 | iter_best=4.600353
2026-02-23 23:40:43 | INFO | underwater_sensor_ga.pso | PSO iter 563/1250 | best_global_cost=4.184158 | iter_best=4.717003
2026-02-23 23:40:45 | INFO | underwater_sensor_ga.pso | PSO iter 564/1250 | best_global_cost=4.184158 | iter_best=4.313821
2026-02-23 23:40:48 | INFO | underwater_sensor_ga.pso | PSO iter 565/1250 | best_global_cost=4.184158 | iter_best=4.504009
2026-02-23 23:40:50 | INFO | underwater_sensor_ga.pso | PSO iter 566/1250 | best_global_cost=4.184158 | iter_best=4.589235
2026-02-23 23:40:53 | INFO | underwater_sensor_ga.pso | PSO iter 567/1250 | best_global_cost=4.184158 | iter_best=4.714900
2026-02-23 23:40:55 | INFO | underwater_sensor_ga.pso | PSO iter 568/1250 | best_global_cost=4.184158 | iter_best=4.711999
2026-02-23 23:40:58 | INFO | underwater_sensor_ga.pso | PSO iter 569/1250 | best_global_cost=4.184158 | iter_best=4.673064
2026-02-23 23:41:00 | INFO | underwater_sensor_ga.pso | PSO iter 570/1250 | best_global_cost=4.184158 | iter_best=4.512231
2026-02-23 23:41:03 | INFO | underwater_sensor_ga.pso | PSO iter 571/1250 | best_global_cost=4.184158 | iter_best=4.710916
2026-02-23 23:41:05 | INFO | underwater_sensor_ga.pso | PSO iter 572/1250 | best_global_cost=4.184158 | iter_best=4.617014
2026-02-23 23:41:08 | INFO | underwater_sensor_ga.pso | PSO iter 573/1250 | best_global_cost=4.184158 | iter_best=4.433285
2026-02-23 23:41:10 | INFO | underwater_sensor_ga.pso | PSO iter 574/1250 | best_global_cost=4.184158 | iter_best=4.421830
2026-02-23 23:41:13 | INFO | underwater_sensor_ga.pso | PSO iter 575/1250 | best_global_cost=4.184158 | iter_best=4.560059
2026-02-23 23:41:16 | INFO | underwater_sensor_ga.pso | PSO iter 576/1250 | best_global_cost=4.184158 | iter_best=4.549735
2026-02-23 23:41:19 | INFO | underwater_sensor_ga.pso | PSO iter 577/1250 | best_global_cost=4.184158 | iter_best=4.465973
2026-02-23 23:41:21 | INFO | underwater_sensor_ga.pso | PSO iter 578/1250 | best_global_cost=4.184158 | iter_best=4.478986
2026-02-23 23:41:23 | INFO | underwater_sensor_ga.pso | PSO iter 579/1250 | best_global_cost=4.184158 | iter_best=4.540505
2026-02-23 23:41:26 | INFO | underwater_sensor_ga.pso | PSO iter 580/1250 | best_global_cost=4.184158 | iter_best=4.630312
2026-02-23 23:41:29 | INFO | underwater_sensor_ga.pso | PSO iter 581/1250 | best_global_cost=4.184158 | iter_best=4.533747
2026-02-23 23:41:32 | INFO | underwater_sensor_ga.pso | PSO iter 582/1250 | best_global_cost=4.184158 | iter_best=4.371742
2026-02-23 23:41:34 | INFO | underwater_sensor_ga.pso | PSO iter 583/1250 | best_global_cost=4.184158 | iter_best=4.629066
2026-02-23 23:41:37 | INFO | underwater_sensor_ga.pso | PSO iter 584/1250 | best_global_cost=4.184158 | iter_best=4.588502
2026-02-23 23:41:40 | INFO | underwater_sensor_ga.pso | PSO iter 585/1250 | best_global_cost=4.184158 | iter_best=4.570399
2026-02-23 23:41:43 | INFO | underwater_sensor_ga.pso | PSO iter 586/1250 | best_global_cost=4.184158 | iter_best=4.705412
2026-02-23 23:41:45 | INFO | underwater_sensor_ga.pso | PSO iter 587/1250 | best_global_cost=4.184158 | iter_best=4.588963
2026-02-23 23:41:48 | INFO | underwater_sensor_ga.pso | PSO iter 588/1250 | best_global_cost=4.184158 | iter_best=4.589235
2026-02-23 23:41:51 | INFO | underwater_sensor_ga.pso | PSO iter 589/1250 | best_global_cost=4.184158 | iter_best=4.554005
2026-02-23 23:41:54 | INFO | underwater_sensor_ga.pso | PSO iter 590/1250 | best_global_cost=4.184158 | iter_best=4.307741
2026-02-23 23:41:57 | INFO | underwater_sensor_ga.pso | PSO iter 591/1250 | best_global_cost=4.184158 | iter_best=4.817217
2026-02-23 23:41:59 | INFO | underwater_sensor_ga.pso | PSO iter 592/1250 | best_global_cost=4.184158 | iter_best=4.501552
2026-02-23 23:42:02 | INFO | underwater_sensor_ga.pso | PSO iter 593/1250 | best_global_cost=4.184158 | iter_best=4.571282
2026-02-23 23:42:04 | INFO | underwater_sensor_ga.pso | PSO iter 594/1250 | best_global_cost=4.184158 | iter_best=4.617850
2026-02-23 23:42:07 | INFO | underwater_sensor_ga.pso | PSO iter 595/1250 | best_global_cost=4.184158 | iter_best=4.539157
2026-02-23 23:42:10 | INFO | underwater_sensor_ga.pso | PSO iter 596/1250 | best_global_cost=4.184158 | iter_best=4.472783
2026-02-23 23:42:12 | INFO | underwater_sensor_ga.pso | PSO iter 597/1250 | best_global_cost=4.184158 | iter_best=4.702987
2026-02-23 23:42:14 | INFO | underwater_sensor_ga.pso | PSO iter 598/1250 | best_global_cost=4.184158 | iter_best=4.486475
2026-02-23 23:42:17 | INFO | underwater_sensor_ga.pso | PSO iter 599/1250 | best_global_cost=4.184158 | iter_best=4.495701
2026-02-23 23:42:20 | INFO | underwater_sensor_ga.pso | PSO iter 600/1250 | best_global_cost=4.184158 | iter_best=4.484931
2026-02-23 23:42:23 | INFO | underwater_sensor_ga.pso | PSO iter 601/1250 | best_global_cost=4.184158 | iter_best=4.674310
2026-02-23 23:42:26 | INFO | underwater_sensor_ga.pso | PSO iter 602/1250 | best_global_cost=4.184158 | iter_best=4.307741
2026-02-23 23:42:28 | INFO | underwater_sensor_ga.pso | PSO iter 603/1250 | best_global_cost=4.184158 | iter_best=4.395724
2026-02-23 23:42:31 | INFO | underwater_sensor_ga.pso | PSO iter 604/1250 | best_global_cost=4.184158 | iter_best=4.423137
2026-02-23 23:42:34 | INFO | underwater_sensor_ga.pso | PSO iter 605/1250 | best_global_cost=4.184158 | iter_best=4.589420
2026-02-23 23:42:36 | INFO | underwater_sensor_ga.pso | PSO iter 606/1250 | best_global_cost=4.184158 | iter_best=4.349523
2026-02-23 23:42:39 | INFO | underwater_sensor_ga.pso | PSO iter 607/1250 | best_global_cost=4.184158 | iter_best=4.705412
2026-02-23 23:42:42 | INFO | underwater_sensor_ga.pso | PSO iter 608/1250 | best_global_cost=4.184158 | iter_best=4.571343
2026-02-23 23:42:45 | INFO | underwater_sensor_ga.pso | PSO iter 609/1250 | best_global_cost=4.184158 | iter_best=4.440950
2026-02-23 23:42:48 | INFO | underwater_sensor_ga.pso | PSO iter 610/1250 | best_global_cost=4.184158 | iter_best=4.479186
2026-02-23 23:42:50 | INFO | underwater_sensor_ga.pso | PSO iter 611/1250 | best_global_cost=4.184158 | iter_best=4.382153
2026-02-23 23:42:53 | INFO | underwater_sensor_ga.pso | PSO iter 612/1250 | best_global_cost=4.184158 | iter_best=4.525373
2026-02-23 23:42:56 | INFO | underwater_sensor_ga.pso | PSO iter 613/1250 | best_global_cost=4.184158 | iter_best=4.497808
2026-02-23 23:42:59 | INFO | underwater_sensor_ga.pso | PSO iter 614/1250 | best_global_cost=4.184158 | iter_best=4.625376
2026-02-23 23:43:02 | INFO | underwater_sensor_ga.pso | PSO iter 615/1250 | best_global_cost=4.184158 | iter_best=4.719370
2026-02-23 23:43:05 | INFO | underwater_sensor_ga.pso | PSO iter 616/1250 | best_global_cost=4.184158 | iter_best=4.504209
2026-02-23 23:43:07 | INFO | underwater_sensor_ga.pso | PSO iter 617/1250 | best_global_cost=4.184158 | iter_best=4.456989
2026-02-23 23:43:10 | INFO | underwater_sensor_ga.pso | PSO iter 618/1250 | best_global_cost=4.184158 | iter_best=4.725240
2026-02-23 23:43:13 | INFO | underwater_sensor_ga.pso | PSO iter 619/1250 | best_global_cost=4.184158 | iter_best=4.421975
2026-02-23 23:43:16 | INFO | underwater_sensor_ga.pso | PSO iter 620/1250 | best_global_cost=4.184158 | iter_best=4.551295
2026-02-23 23:43:19 | INFO | underwater_sensor_ga.pso | PSO iter 621/1250 | best_global_cost=4.184158 | iter_best=4.755028
2026-02-23 23:43:21 | INFO | underwater_sensor_ga.pso | PSO iter 622/1250 | best_global_cost=4.184158 | iter_best=4.331710
2026-02-23 23:43:24 | INFO | underwater_sensor_ga.pso | PSO iter 623/1250 | best_global_cost=4.184158 | iter_best=4.423137
2026-02-23 23:43:27 | INFO | underwater_sensor_ga.pso | PSO iter 624/1250 | best_global_cost=4.184158 | iter_best=4.624864
2026-02-23 23:43:29 | INFO | underwater_sensor_ga.pso | PSO iter 625/1250 | best_global_cost=4.184158 | iter_best=4.644352
2026-02-23 23:43:31 | INFO | underwater_sensor_ga.pso | PSO iter 626/1250 | best_global_cost=4.184158 | iter_best=4.688526
2026-02-23 23:43:34 | INFO | underwater_sensor_ga.pso | PSO iter 627/1250 | best_global_cost=4.184158 | iter_best=4.336115
2026-02-23 23:43:36 | INFO | underwater_sensor_ga.pso | PSO iter 628/1250 | best_global_cost=4.184158 | iter_best=4.620383
2026-02-23 23:43:38 | INFO | underwater_sensor_ga.pso | PSO iter 629/1250 | best_global_cost=4.184158 | iter_best=4.634027
2026-02-23 23:43:41 | INFO | underwater_sensor_ga.pso | PSO iter 630/1250 | best_global_cost=4.184158 | iter_best=4.605584
2026-02-23 23:43:43 | INFO | underwater_sensor_ga.pso | PSO iter 631/1250 | best_global_cost=4.184158 | iter_best=4.306687
2026-02-23 23:43:46 | INFO | underwater_sensor_ga.pso | PSO iter 632/1250 | best_global_cost=4.184158 | iter_best=4.665911
2026-02-23 23:43:48 | INFO | underwater_sensor_ga.pso | PSO iter 633/1250 | best_global_cost=4.184158 | iter_best=4.380626
2026-02-23 23:43:50 | INFO | underwater_sensor_ga.pso | PSO iter 634/1250 | best_global_cost=4.184158 | iter_best=4.562317
2026-02-23 23:43:53 | INFO | underwater_sensor_ga.pso | PSO iter 635/1250 | best_global_cost=4.184158 | iter_best=4.517578
2026-02-23 23:43:56 | INFO | underwater_sensor_ga.pso | PSO iter 636/1250 | best_global_cost=4.184158 | iter_best=4.377235
2026-02-23 23:44:00 | INFO | underwater_sensor_ga.pso | PSO iter 637/1250 | best_global_cost=4.184158 | iter_best=4.641440
2026-02-23 23:44:02 | INFO | underwater_sensor_ga.pso | PSO iter 638/1250 | best_global_cost=4.184158 | iter_best=4.497076
2026-02-23 23:44:05 | INFO | underwater_sensor_ga.pso | PSO iter 639/1250 | best_global_cost=4.184158 | iter_best=4.493631
2026-02-23 23:44:08 | INFO | underwater_sensor_ga.pso | PSO iter 640/1250 | best_global_cost=4.184158 | iter_best=4.679500
2026-02-23 23:44:11 | INFO | underwater_sensor_ga.pso | PSO iter 641/1250 | best_global_cost=4.184158 | iter_best=4.387760
2026-02-23 23:44:14 | INFO | underwater_sensor_ga.pso | PSO iter 642/1250 | best_global_cost=4.184158 | iter_best=4.380626
2026-02-23 23:44:17 | INFO | underwater_sensor_ga.pso | PSO iter 643/1250 | best_global_cost=4.184158 | iter_best=4.772870
2026-02-23 23:44:19 | INFO | underwater_sensor_ga.pso | PSO iter 644/1250 | best_global_cost=4.184158 | iter_best=4.437019
2026-02-23 23:44:22 | INFO | underwater_sensor_ga.pso | PSO iter 645/1250 | best_global_cost=4.184158 | iter_best=4.331710
2026-02-23 23:44:25 | INFO | underwater_sensor_ga.pso | PSO iter 646/1250 | best_global_cost=4.184158 | iter_best=4.634027
2026-02-23 23:44:27 | INFO | underwater_sensor_ga.pso | PSO iter 647/1250 | best_global_cost=4.184158 | iter_best=4.711456
2026-02-23 23:44:30 | INFO | underwater_sensor_ga.pso | PSO iter 648/1250 | best_global_cost=4.184158 | iter_best=4.466993
2026-02-23 23:44:32 | INFO | underwater_sensor_ga.pso | PSO iter 649/1250 | best_global_cost=4.184158 | iter_best=4.746511
2026-02-23 23:44:35 | INFO | underwater_sensor_ga.pso | PSO iter 650/1250 | best_global_cost=4.184158 | iter_best=4.589262
2026-02-23 23:44:37 | INFO | underwater_sensor_ga.pso | PSO iter 651/1250 | best_global_cost=4.184158 | iter_best=4.332443
2026-02-23 23:44:40 | INFO | underwater_sensor_ga.pso | PSO iter 652/1250 | best_global_cost=4.184158 | iter_best=4.426151
2026-02-23 23:44:43 | INFO | underwater_sensor_ga.pso | PSO iter 653/1250 | best_global_cost=4.184158 | iter_best=4.685700
2026-02-23 23:44:45 | INFO | underwater_sensor_ga.pso | PSO iter 654/1250 | best_global_cost=4.184158 | iter_best=4.479186
2026-02-23 23:44:47 | INFO | underwater_sensor_ga.pso | PSO iter 655/1250 | best_global_cost=4.184158 | iter_best=4.564533
2026-02-23 23:44:50 | INFO | underwater_sensor_ga.pso | PSO iter 656/1250 | best_global_cost=4.184158 | iter_best=4.620413
2026-02-23 23:44:53 | INFO | underwater_sensor_ga.pso | PSO iter 657/1250 | best_global_cost=4.184158 | iter_best=4.585058
2026-02-23 23:44:55 | INFO | underwater_sensor_ga.pso | PSO iter 658/1250 | best_global_cost=4.184158 | iter_best=4.495001
2026-02-23 23:44:58 | INFO | underwater_sensor_ga.pso | PSO iter 659/1250 | best_global_cost=4.184158 | iter_best=4.661066
2026-02-23 23:45:01 | INFO | underwater_sensor_ga.pso | PSO iter 660/1250 | best_global_cost=4.184158 | iter_best=4.392034
2026-02-23 23:45:04 | INFO | underwater_sensor_ga.pso | PSO iter 661/1250 | best_global_cost=4.184158 | iter_best=4.702032
2026-02-23 23:45:07 | INFO | underwater_sensor_ga.pso | PSO iter 662/1250 | best_global_cost=4.184158 | iter_best=4.883406
2026-02-23 23:45:10 | INFO | underwater_sensor_ga.pso | PSO iter 663/1250 | best_global_cost=4.184158 | iter_best=4.670405
2026-02-23 23:45:12 | INFO | underwater_sensor_ga.pso | PSO iter 664/1250 | best_global_cost=4.184158 | iter_best=4.451849
2026-02-23 23:45:15 | INFO | underwater_sensor_ga.pso | PSO iter 665/1250 | best_global_cost=4.184158 | iter_best=4.599155
2026-02-23 23:45:18 | INFO | underwater_sensor_ga.pso | PSO iter 666/1250 | best_global_cost=4.184158 | iter_best=4.515850
2026-02-23 23:45:20 | INFO | underwater_sensor_ga.pso | PSO iter 667/1250 | best_global_cost=4.184158 | iter_best=4.546090
2026-02-23 23:45:23 | INFO | underwater_sensor_ga.pso | PSO iter 668/1250 | best_global_cost=4.184158 | iter_best=4.729029
2026-02-23 23:45:28 | INFO | underwater_sensor_ga.pso | PSO iter 669/1250 | best_global_cost=4.184158 | iter_best=4.595636
2026-02-23 23:45:31 | INFO | underwater_sensor_ga.pso | PSO iter 670/1250 | best_global_cost=4.184158 | iter_best=4.675857
2026-02-23 23:45:34 | INFO | underwater_sensor_ga.pso | PSO iter 671/1250 | best_global_cost=4.184158 | iter_best=4.620383
2026-02-23 23:45:36 | INFO | underwater_sensor_ga.pso | PSO iter 672/1250 | best_global_cost=4.184158 | iter_best=4.497076
2026-02-23 23:45:39 | INFO | underwater_sensor_ga.pso | PSO iter 673/1250 | best_global_cost=4.184158 | iter_best=4.644352
2026-02-23 23:45:41 | INFO | underwater_sensor_ga.pso | PSO iter 674/1250 | best_global_cost=4.184158 | iter_best=4.620383
2026-02-23 23:45:43 | INFO | underwater_sensor_ga.pso | PSO iter 675/1250 | best_global_cost=4.184158 | iter_best=4.511143
2026-02-23 23:45:46 | INFO | underwater_sensor_ga.pso | PSO iter 676/1250 | best_global_cost=4.184158 | iter_best=4.715753
2026-02-23 23:45:49 | INFO | underwater_sensor_ga.pso | PSO iter 677/1250 | best_global_cost=4.184158 | iter_best=4.751613
2026-02-23 23:45:51 | INFO | underwater_sensor_ga.pso | PSO iter 678/1250 | best_global_cost=4.184158 | iter_best=4.501993
2026-02-23 23:45:53 | INFO | underwater_sensor_ga.pso | PSO iter 679/1250 | best_global_cost=4.184158 | iter_best=4.321110
2026-02-23 23:45:56 | INFO | underwater_sensor_ga.pso | PSO iter 680/1250 | best_global_cost=4.184158 | iter_best=4.325553
2026-02-23 23:45:58 | INFO | underwater_sensor_ga.pso | PSO iter 681/1250 | best_global_cost=4.184158 | iter_best=4.598355
2026-02-23 23:46:01 | INFO | underwater_sensor_ga.pso | PSO iter 682/1250 | best_global_cost=4.184158 | iter_best=4.431003
2026-02-23 23:46:03 | INFO | underwater_sensor_ga.pso | PSO iter 683/1250 | best_global_cost=4.184158 | iter_best=4.380626
2026-02-23 23:46:05 | INFO | underwater_sensor_ga.pso | PSO iter 684/1250 | best_global_cost=4.184158 | iter_best=4.564533
2026-02-23 23:46:08 | INFO | underwater_sensor_ga.pso | PSO iter 685/1250 | best_global_cost=4.184158 | iter_best=4.613249
2026-02-23 23:46:10 | INFO | underwater_sensor_ga.pso | PSO iter 686/1250 | best_global_cost=4.184158 | iter_best=4.260786
2026-02-23 23:46:12 | INFO | underwater_sensor_ga.pso | PSO iter 687/1250 | best_global_cost=4.184158 | iter_best=4.741939
2026-02-23 23:46:15 | INFO | underwater_sensor_ga.pso | PSO iter 688/1250 | best_global_cost=4.184158 | iter_best=4.652215
2026-02-23 23:46:17 | INFO | underwater_sensor_ga.pso | PSO iter 689/1250 | best_global_cost=4.184158 | iter_best=4.536142
2026-02-23 23:46:20 | INFO | underwater_sensor_ga.pso | PSO iter 690/1250 | best_global_cost=4.184158 | iter_best=4.300608
2026-02-23 23:46:22 | INFO | underwater_sensor_ga.pso | PSO iter 691/1250 | best_global_cost=4.184158 | iter_best=4.617014
2026-02-23 23:46:25 | INFO | underwater_sensor_ga.pso | PSO iter 692/1250 | best_global_cost=4.184158 | iter_best=4.402845
2026-02-23 23:46:28 | INFO | underwater_sensor_ga.pso | PSO iter 693/1250 | best_global_cost=4.184158 | iter_best=4.723064
2026-02-23 23:46:31 | INFO | underwater_sensor_ga.pso | PSO iter 694/1250 | best_global_cost=4.184158 | iter_best=4.726184
2026-02-23 23:46:34 | INFO | underwater_sensor_ga.pso | PSO iter 695/1250 | best_global_cost=4.184158 | iter_best=4.634760
2026-02-23 23:46:36 | INFO | underwater_sensor_ga.pso | PSO iter 696/1250 | best_global_cost=4.184158 | iter_best=4.611382
2026-02-23 23:46:38 | INFO | underwater_sensor_ga.pso | PSO iter 697/1250 | best_global_cost=4.184158 | iter_best=4.497076
2026-02-23 23:46:41 | INFO | underwater_sensor_ga.pso | PSO iter 698/1250 | best_global_cost=4.184158 | iter_best=4.417790
2026-02-23 23:46:44 | INFO | underwater_sensor_ga.pso | PSO iter 699/1250 | best_global_cost=4.184158 | iter_best=4.621392
2026-02-23 23:46:46 | INFO | underwater_sensor_ga.pso | PSO iter 700/1250 | best_global_cost=4.184158 | iter_best=4.377235
2026-02-23 23:46:48 | INFO | underwater_sensor_ga.pso | PSO iter 701/1250 | best_global_cost=4.184158 | iter_best=4.635815
2026-02-23 23:46:51 | INFO | underwater_sensor_ga.pso | PSO iter 702/1250 | best_global_cost=4.184158 | iter_best=4.712626
2026-02-23 23:46:53 | INFO | underwater_sensor_ga.pso | PSO iter 703/1250 | best_global_cost=4.184158 | iter_best=4.741275
2026-02-23 23:46:56 | INFO | underwater_sensor_ga.pso | PSO iter 704/1250 | best_global_cost=4.184158 | iter_best=4.586645
2026-02-23 23:46:58 | INFO | underwater_sensor_ga.pso | PSO iter 705/1250 | best_global_cost=4.184158 | iter_best=4.475796
2026-02-23 23:47:01 | INFO | underwater_sensor_ga.pso | PSO iter 706/1250 | best_global_cost=4.184158 | iter_best=4.229683
2026-02-23 23:47:03 | INFO | underwater_sensor_ga.pso | PSO iter 707/1250 | best_global_cost=4.184158 | iter_best=4.599481
2026-02-23 23:47:05 | INFO | underwater_sensor_ga.pso | PSO iter 708/1250 | best_global_cost=4.184158 | iter_best=4.723895
2026-02-23 23:47:08 | INFO | underwater_sensor_ga.pso | PSO iter 709/1250 | best_global_cost=4.184158 | iter_best=4.705685
2026-02-23 23:47:11 | INFO | underwater_sensor_ga.pso | PSO iter 710/1250 | best_global_cost=4.184158 | iter_best=4.600353
2026-02-23 23:47:13 | INFO | underwater_sensor_ga.pso | PSO iter 711/1250 | best_global_cost=4.184158 | iter_best=4.569981
2026-02-23 23:47:15 | INFO | underwater_sensor_ga.pso | PSO iter 712/1250 | best_global_cost=4.184158 | iter_best=4.511876
2026-02-23 23:47:18 | INFO | underwater_sensor_ga.pso | PSO iter 713/1250 | best_global_cost=4.184158 | iter_best=4.595636
2026-02-23 23:47:20 | INFO | underwater_sensor_ga.pso | PSO iter 714/1250 | best_global_cost=4.184158 | iter_best=4.578978
2026-02-23 23:47:23 | INFO | underwater_sensor_ga.pso | PSO iter 715/1250 | best_global_cost=4.184158 | iter_best=4.430271
2026-02-23 23:47:25 | INFO | underwater_sensor_ga.pso | PSO iter 716/1250 | best_global_cost=4.184158 | iter_best=4.423798
2026-02-23 23:47:28 | INFO | underwater_sensor_ga.pso | PSO iter 717/1250 | best_global_cost=4.184158 | iter_best=4.610721
2026-02-23 23:47:30 | INFO | underwater_sensor_ga.pso | PSO iter 718/1250 | best_global_cost=4.184158 | iter_best=4.748820
2026-02-23 23:47:32 | INFO | underwater_sensor_ga.pso | PSO iter 719/1250 | best_global_cost=4.184158 | iter_best=4.621247
2026-02-23 23:47:35 | INFO | underwater_sensor_ga.pso | PSO iter 720/1250 | best_global_cost=4.184158 | iter_best=4.423798
2026-02-23 23:47:37 | INFO | underwater_sensor_ga.pso | PSO iter 721/1250 | best_global_cost=4.184158 | iter_best=4.604781
2026-02-23 23:47:40 | INFO | underwater_sensor_ga.pso | PSO iter 722/1250 | best_global_cost=4.184158 | iter_best=4.505773
2026-02-23 23:47:42 | INFO | underwater_sensor_ga.pso | PSO iter 723/1250 | best_global_cost=4.184158 | iter_best=4.725968
2026-02-23 23:47:45 | INFO | underwater_sensor_ga.pso | PSO iter 724/1250 | best_global_cost=4.184158 | iter_best=4.519365
2026-02-23 23:47:47 | INFO | underwater_sensor_ga.pso | PSO iter 725/1250 | best_global_cost=4.184158 | iter_best=4.594274
2026-02-23 23:47:50 | INFO | underwater_sensor_ga.pso | PSO iter 726/1250 | best_global_cost=4.184158 | iter_best=4.814708
2026-02-23 23:47:52 | INFO | underwater_sensor_ga.pso | PSO iter 727/1250 | best_global_cost=4.184158 | iter_best=4.630583
2026-02-23 23:47:54 | INFO | underwater_sensor_ga.pso | PSO iter 728/1250 | best_global_cost=4.184158 | iter_best=4.437019
2026-02-23 23:47:57 | INFO | underwater_sensor_ga.pso | PSO iter 729/1250 | best_global_cost=4.184158 | iter_best=4.440950
2026-02-23 23:47:59 | INFO | underwater_sensor_ga.pso | PSO iter 730/1250 | best_global_cost=4.184158 | iter_best=4.595436
2026-02-23 23:48:01 | INFO | underwater_sensor_ga.pso | PSO iter 731/1250 | best_global_cost=4.184158 | iter_best=4.614998
2026-02-23 23:48:04 | INFO | underwater_sensor_ga.pso | PSO iter 732/1250 | best_global_cost=4.184158 | iter_best=4.658726
2026-02-23 23:48:06 | INFO | underwater_sensor_ga.pso | PSO iter 733/1250 | best_global_cost=4.184158 | iter_best=4.433285
2026-02-23 23:48:08 | INFO | underwater_sensor_ga.pso | PSO iter 734/1250 | best_global_cost=4.184158 | iter_best=4.656339
2026-02-23 23:48:11 | INFO | underwater_sensor_ga.pso | PSO iter 735/1250 | best_global_cost=4.184158 | iter_best=4.469392
2026-02-23 23:48:13 | INFO | underwater_sensor_ga.pso | PSO iter 736/1250 | best_global_cost=4.184158 | iter_best=4.551615
2026-02-23 23:48:15 | INFO | underwater_sensor_ga.pso | PSO iter 737/1250 | best_global_cost=4.184158 | iter_best=4.650410
2026-02-23 23:48:18 | INFO | underwater_sensor_ga.pso | PSO iter 738/1250 | best_global_cost=4.184158 | iter_best=4.481451
2026-02-23 23:48:20 | INFO | underwater_sensor_ga.pso | PSO iter 739/1250 | best_global_cost=4.184158 | iter_best=4.619681
2026-02-23 23:48:22 | INFO | underwater_sensor_ga.pso | PSO iter 740/1250 | best_global_cost=4.184158 | iter_best=4.709869
2026-02-23 23:48:25 | INFO | underwater_sensor_ga.pso | PSO iter 741/1250 | best_global_cost=4.184158 | iter_best=4.417121
2026-02-23 23:48:27 | INFO | underwater_sensor_ga.pso | PSO iter 742/1250 | best_global_cost=4.184158 | iter_best=4.521822
2026-02-23 23:48:30 | INFO | underwater_sensor_ga.pso | PSO iter 743/1250 | best_global_cost=4.184158 | iter_best=4.531645
2026-02-23 23:48:32 | INFO | underwater_sensor_ga.pso | PSO iter 744/1250 | best_global_cost=4.184158 | iter_best=4.423870
2026-02-23 23:48:34 | INFO | underwater_sensor_ga.pso | PSO iter 745/1250 | best_global_cost=4.184158 | iter_best=4.533107
2026-02-23 23:48:37 | INFO | underwater_sensor_ga.pso | PSO iter 746/1250 | best_global_cost=4.184158 | iter_best=4.552984
2026-02-23 23:48:39 | INFO | underwater_sensor_ga.pso | PSO iter 747/1250 | best_global_cost=4.184158 | iter_best=4.523723
2026-02-23 23:48:42 | INFO | underwater_sensor_ga.pso | PSO iter 748/1250 | best_global_cost=4.184158 | iter_best=4.667624
2026-02-23 23:48:44 | INFO | underwater_sensor_ga.pso | PSO iter 749/1250 | best_global_cost=4.184158 | iter_best=4.423137
2026-02-23 23:48:46 | INFO | underwater_sensor_ga.pso | PSO iter 750/1250 | best_global_cost=4.184158 | iter_best=4.564533
2026-02-23 23:48:49 | INFO | underwater_sensor_ga.pso | PSO iter 751/1250 | best_global_cost=4.184158 | iter_best=4.638272
2026-02-23 23:48:51 | INFO | underwater_sensor_ga.pso | PSO iter 752/1250 | best_global_cost=4.184158 | iter_best=4.596841
2026-02-23 23:48:54 | INFO | underwater_sensor_ga.pso | PSO iter 753/1250 | best_global_cost=4.184158 | iter_best=4.454825
2026-02-23 23:48:57 | INFO | underwater_sensor_ga.pso | PSO iter 754/1250 | best_global_cost=4.184158 | iter_best=4.641161
2026-02-23 23:48:59 | INFO | underwater_sensor_ga.pso | PSO iter 755/1250 | best_global_cost=4.184158 | iter_best=4.530483
2026-02-23 23:49:02 | INFO | underwater_sensor_ga.pso | PSO iter 756/1250 | best_global_cost=4.184158 | iter_best=4.469323
2026-02-23 23:49:04 | INFO | underwater_sensor_ga.pso | PSO iter 757/1250 | best_global_cost=4.184158 | iter_best=4.260786
2026-02-23 23:49:07 | INFO | underwater_sensor_ga.pso | PSO iter 758/1250 | best_global_cost=4.184158 | iter_best=4.478986
2026-02-23 23:49:10 | INFO | underwater_sensor_ga.pso | PSO iter 759/1250 | best_global_cost=4.184158 | iter_best=4.620383
2026-02-23 23:49:12 | INFO | underwater_sensor_ga.pso | PSO iter 760/1250 | best_global_cost=4.184158 | iter_best=4.513401
2026-02-23 23:49:15 | INFO | underwater_sensor_ga.pso | PSO iter 761/1250 | best_global_cost=4.184158 | iter_best=4.614386
2026-02-23 23:49:17 | INFO | underwater_sensor_ga.pso | PSO iter 762/1250 | best_global_cost=4.184158 | iter_best=4.455017
2026-02-23 23:49:20 | INFO | underwater_sensor_ga.pso | PSO iter 763/1250 | best_global_cost=4.184158 | iter_best=4.552925
2026-02-23 23:49:23 | INFO | underwater_sensor_ga.pso | PSO iter 764/1250 | best_global_cost=4.184158 | iter_best=4.606614
2026-02-23 23:49:26 | INFO | underwater_sensor_ga.pso | PSO iter 765/1250 | best_global_cost=4.184158 | iter_best=4.377235
2026-02-23 23:49:28 | INFO | underwater_sensor_ga.pso | PSO iter 766/1250 | best_global_cost=4.184158 | iter_best=4.307417
2026-02-23 23:49:31 | INFO | underwater_sensor_ga.pso | PSO iter 767/1250 | best_global_cost=4.184158 | iter_best=4.569251
2026-02-23 23:49:33 | INFO | underwater_sensor_ga.pso | PSO iter 768/1250 | best_global_cost=4.184158 | iter_best=4.733989
2026-02-23 23:49:35 | INFO | underwater_sensor_ga.pso | PSO iter 769/1250 | best_global_cost=4.184158 | iter_best=4.609735
2026-02-23 23:49:38 | INFO | underwater_sensor_ga.pso | PSO iter 770/1250 | best_global_cost=4.184158 | iter_best=4.620383
2026-02-23 23:49:40 | INFO | underwater_sensor_ga.pso | PSO iter 771/1250 | best_global_cost=4.184158 | iter_best=4.798509
2026-02-23 23:49:42 | INFO | underwater_sensor_ga.pso | PSO iter 772/1250 | best_global_cost=4.184158 | iter_best=4.349523
2026-02-23 23:49:45 | INFO | underwater_sensor_ga.pso | PSO iter 773/1250 | best_global_cost=4.184158 | iter_best=4.678188
2026-02-23 23:49:47 | INFO | underwater_sensor_ga.pso | PSO iter 774/1250 | best_global_cost=4.184158 | iter_best=4.399901
2026-02-23 23:49:49 | INFO | underwater_sensor_ga.pso | PSO iter 775/1250 | best_global_cost=4.184158 | iter_best=4.488273
2026-02-23 23:49:51 | INFO | underwater_sensor_ga.pso | PSO iter 776/1250 | best_global_cost=4.184158 | iter_best=4.448745
2026-02-23 23:49:54 | INFO | underwater_sensor_ga.pso | PSO iter 777/1250 | best_global_cost=4.184158 | iter_best=4.387559
2026-02-23 23:49:57 | INFO | underwater_sensor_ga.pso | PSO iter 778/1250 | best_global_cost=4.184158 | iter_best=4.472053
2026-02-23 23:49:59 | INFO | underwater_sensor_ga.pso | PSO iter 779/1250 | best_global_cost=4.184158 | iter_best=4.256343
2026-02-23 23:50:01 | INFO | underwater_sensor_ga.pso | PSO iter 780/1250 | best_global_cost=4.184158 | iter_best=4.258432
2026-02-23 23:50:03 | INFO | underwater_sensor_ga.pso | PSO iter 781/1250 | best_global_cost=4.184158 | iter_best=4.435188
2026-02-23 23:50:06 | INFO | underwater_sensor_ga.pso | PSO iter 782/1250 | best_global_cost=4.184158 | iter_best=4.594284
2026-02-23 23:50:08 | INFO | underwater_sensor_ga.pso | PSO iter 783/1250 | best_global_cost=4.184158 | iter_best=4.552925
2026-02-23 23:50:11 | INFO | underwater_sensor_ga.pso | PSO iter 784/1250 | best_global_cost=4.184158 | iter_best=4.517307
2026-02-23 23:50:13 | INFO | underwater_sensor_ga.pso | PSO iter 785/1250 | best_global_cost=4.184158 | iter_best=4.719752
2026-02-23 23:50:15 | INFO | underwater_sensor_ga.pso | PSO iter 786/1250 | best_global_cost=4.184158 | iter_best=4.423333
2026-02-23 23:50:18 | INFO | underwater_sensor_ga.pso | PSO iter 787/1250 | best_global_cost=4.184158 | iter_best=4.602570
2026-02-23 23:50:20 | INFO | underwater_sensor_ga.pso | PSO iter 788/1250 | best_global_cost=4.184158 | iter_best=4.602570
2026-02-23 23:50:23 | INFO | underwater_sensor_ga.pso | PSO iter 789/1250 | best_global_cost=4.184158 | iter_best=4.502548
2026-02-23 23:50:26 | INFO | underwater_sensor_ga.pso | PSO iter 790/1250 | best_global_cost=4.184158 | iter_best=4.583974
2026-02-23 23:50:28 | INFO | underwater_sensor_ga.pso | PSO iter 791/1250 | best_global_cost=4.184158 | iter_best=4.491652
2026-02-23 23:50:31 | INFO | underwater_sensor_ga.pso | PSO iter 792/1250 | best_global_cost=4.184158 | iter_best=4.504009
2026-02-23 23:50:34 | INFO | underwater_sensor_ga.pso | PSO iter 793/1250 | best_global_cost=4.184158 | iter_best=4.359346
2026-02-23 23:50:36 | INFO | underwater_sensor_ga.pso | PSO iter 794/1250 | best_global_cost=4.184158 | iter_best=4.508927
2026-02-23 23:50:39 | INFO | underwater_sensor_ga.pso | PSO iter 795/1250 | best_global_cost=4.184158 | iter_best=4.356657
2026-02-23 23:50:42 | INFO | underwater_sensor_ga.pso | PSO iter 796/1250 | best_global_cost=4.184158 | iter_best=4.610081
2026-02-23 23:50:44 | INFO | underwater_sensor_ga.pso | PSO iter 797/1250 | best_global_cost=4.184158 | iter_best=4.456026
2026-02-23 23:50:47 | INFO | underwater_sensor_ga.pso | PSO iter 798/1250 | best_global_cost=4.184158 | iter_best=4.600309
2026-02-23 23:50:50 | INFO | underwater_sensor_ga.pso | PSO iter 799/1250 | best_global_cost=4.184158 | iter_best=4.387760
2026-02-23 23:50:52 | INFO | underwater_sensor_ga.pso | PSO iter 800/1250 | best_global_cost=4.184158 | iter_best=4.536875
2026-02-23 23:50:54 | INFO | underwater_sensor_ga.pso | PSO iter 801/1250 | best_global_cost=4.184158 | iter_best=4.557400
2026-02-23 23:50:57 | INFO | underwater_sensor_ga.pso | PSO iter 802/1250 | best_global_cost=4.184158 | iter_best=4.300608
2026-02-23 23:51:00 | INFO | underwater_sensor_ga.pso | PSO iter 803/1250 | best_global_cost=4.184158 | iter_best=4.440950
2026-02-23 23:51:02 | INFO | underwater_sensor_ga.pso | PSO iter 804/1250 | best_global_cost=4.184158 | iter_best=4.574481
2026-02-23 23:51:04 | INFO | underwater_sensor_ga.pso | PSO iter 805/1250 | best_global_cost=4.184158 | iter_best=4.615255
2026-02-23 23:51:07 | INFO | underwater_sensor_ga.pso | PSO iter 806/1250 | best_global_cost=4.184158 | iter_best=4.715575
2026-02-23 23:51:09 | INFO | underwater_sensor_ga.pso | PSO iter 807/1250 | best_global_cost=4.184158 | iter_best=4.557400
2026-02-23 23:51:12 | INFO | underwater_sensor_ga.pso | PSO iter 808/1250 | best_global_cost=4.184158 | iter_best=4.714805
2026-02-23 23:51:15 | INFO | underwater_sensor_ga.pso | PSO iter 809/1250 | best_global_cost=4.184158 | iter_best=4.599891
2026-02-23 23:51:17 | INFO | underwater_sensor_ga.pso | PSO iter 810/1250 | best_global_cost=4.184158 | iter_best=4.704920
2026-02-23 23:51:20 | INFO | underwater_sensor_ga.pso | PSO iter 811/1250 | best_global_cost=4.184158 | iter_best=4.588502
2026-02-23 23:51:22 | INFO | underwater_sensor_ga.pso | PSO iter 812/1250 | best_global_cost=4.184158 | iter_best=4.707378
2026-02-23 23:51:24 | INFO | underwater_sensor_ga.pso | PSO iter 813/1250 | best_global_cost=4.184158 | iter_best=4.684530
2026-02-23 23:51:27 | INFO | underwater_sensor_ga.pso | PSO iter 814/1250 | best_global_cost=4.184158 | iter_best=4.504009
2026-02-23 23:51:29 | INFO | underwater_sensor_ga.pso | PSO iter 815/1250 | best_global_cost=4.184158 | iter_best=4.275585
2026-02-23 23:51:32 | INFO | underwater_sensor_ga.pso | PSO iter 816/1250 | best_global_cost=4.184158 | iter_best=4.465973
2026-02-23 23:51:34 | INFO | underwater_sensor_ga.pso | PSO iter 817/1250 | best_global_cost=4.184158 | iter_best=4.511143
2026-02-23 23:51:37 | INFO | underwater_sensor_ga.pso | PSO iter 818/1250 | best_global_cost=4.184158 | iter_best=4.426826
2026-02-23 23:51:39 | INFO | underwater_sensor_ga.pso | PSO iter 819/1250 | best_global_cost=4.184158 | iter_best=4.472053
2026-02-23 23:51:41 | INFO | underwater_sensor_ga.pso | PSO iter 820/1250 | best_global_cost=4.184158 | iter_best=4.396742
2026-02-23 23:51:44 | INFO | underwater_sensor_ga.pso | PSO iter 821/1250 | best_global_cost=4.184158 | iter_best=4.430731
2026-02-23 23:51:46 | INFO | underwater_sensor_ga.pso | PSO iter 822/1250 | best_global_cost=4.184158 | iter_best=4.511421
2026-02-23 23:51:48 | INFO | underwater_sensor_ga.pso | PSO iter 823/1250 | best_global_cost=4.184158 | iter_best=4.663992
2026-02-23 23:51:50 | INFO | underwater_sensor_ga.pso | PSO iter 824/1250 | best_global_cost=4.184158 | iter_best=4.321110
2026-02-23 23:51:53 | INFO | underwater_sensor_ga.pso | PSO iter 825/1250 | best_global_cost=4.184158 | iter_best=4.349523
2026-02-23 23:51:55 | INFO | underwater_sensor_ga.pso | PSO iter 826/1250 | best_global_cost=4.184158 | iter_best=4.433285
2026-02-23 23:51:57 | INFO | underwater_sensor_ga.pso | PSO iter 827/1250 | best_global_cost=4.184158 | iter_best=4.497076
2026-02-23 23:52:00 | INFO | underwater_sensor_ga.pso | PSO iter 828/1250 | best_global_cost=4.184158 | iter_best=4.645878
2026-02-23 23:52:02 | INFO | underwater_sensor_ga.pso | PSO iter 829/1250 | best_global_cost=4.184158 | iter_best=4.574481
2026-02-23 23:52:04 | INFO | underwater_sensor_ga.pso | PSO iter 830/1250 | best_global_cost=4.184158 | iter_best=4.602570
2026-02-23 23:52:06 | INFO | underwater_sensor_ga.pso | PSO iter 831/1250 | best_global_cost=4.184158 | iter_best=4.520724
2026-02-23 23:52:09 | INFO | underwater_sensor_ga.pso | PSO iter 832/1250 | best_global_cost=4.184158 | iter_best=4.560059
2026-02-23 23:52:11 | INFO | underwater_sensor_ga.pso | PSO iter 833/1250 | best_global_cost=4.184158 | iter_best=4.722034
2026-02-23 23:52:14 | INFO | underwater_sensor_ga.pso | PSO iter 834/1250 | best_global_cost=4.184158 | iter_best=4.711420
2026-02-23 23:52:16 | INFO | underwater_sensor_ga.pso | PSO iter 835/1250 | best_global_cost=4.184158 | iter_best=4.552925
2026-02-23 23:52:18 | INFO | underwater_sensor_ga.pso | PSO iter 836/1250 | best_global_cost=4.184158 | iter_best=4.497808
2026-02-23 23:52:20 | INFO | underwater_sensor_ga.pso | PSO iter 837/1250 | best_global_cost=4.184158 | iter_best=4.486475
2026-02-23 23:52:23 | INFO | underwater_sensor_ga.pso | PSO iter 838/1250 | best_global_cost=4.184158 | iter_best=4.544009
2026-02-23 23:52:25 | INFO | underwater_sensor_ga.pso | PSO iter 839/1250 | best_global_cost=4.184158 | iter_best=4.552925
2026-02-23 23:52:27 | INFO | underwater_sensor_ga.pso | PSO iter 840/1250 | best_global_cost=4.184158 | iter_best=4.377968
2026-02-23 23:52:30 | INFO | underwater_sensor_ga.pso | PSO iter 841/1250 | best_global_cost=4.184158 | iter_best=4.521822
2026-02-23 23:52:32 | INFO | underwater_sensor_ga.pso | PSO iter 842/1250 | best_global_cost=4.184158 | iter_best=4.630682
2026-02-23 23:52:34 | INFO | underwater_sensor_ga.pso | PSO iter 843/1250 | best_global_cost=4.184158 | iter_best=4.338844
2026-02-23 23:52:36 | INFO | underwater_sensor_ga.pso | PSO iter 844/1250 | best_global_cost=4.184158 | iter_best=4.694358
2026-02-23 23:52:39 | INFO | underwater_sensor_ga.pso | PSO iter 845/1250 | best_global_cost=4.184158 | iter_best=4.621192
2026-02-23 23:52:41 | INFO | underwater_sensor_ga.pso | PSO iter 846/1250 | best_global_cost=4.184158 | iter_best=4.603658
2026-02-23 23:52:43 | INFO | underwater_sensor_ga.pso | PSO iter 847/1250 | best_global_cost=4.184158 | iter_best=4.689320
2026-02-23 23:52:46 | INFO | underwater_sensor_ga.pso | PSO iter 848/1250 | best_global_cost=4.184158 | iter_best=4.455017
2026-02-23 23:52:48 | INFO | underwater_sensor_ga.pso | PSO iter 849/1250 | best_global_cost=4.184158 | iter_best=4.681409
2026-02-23 23:52:50 | INFO | underwater_sensor_ga.pso | PSO iter 850/1250 | best_global_cost=4.184158 | iter_best=4.469174
2026-02-23 23:52:53 | INFO | underwater_sensor_ga.pso | PSO iter 851/1250 | best_global_cost=4.184158 | iter_best=4.465973
2026-02-23 23:52:55 | INFO | underwater_sensor_ga.pso | PSO iter 852/1250 | best_global_cost=4.184158 | iter_best=4.474634
2026-02-23 23:52:57 | INFO | underwater_sensor_ga.pso | PSO iter 853/1250 | best_global_cost=4.184158 | iter_best=4.747033
2026-02-23 23:53:00 | INFO | underwater_sensor_ga.pso | PSO iter 854/1250 | best_global_cost=4.184158 | iter_best=4.603302
2026-02-23 23:53:02 | INFO | underwater_sensor_ga.pso | PSO iter 855/1250 | best_global_cost=4.184158 | iter_best=4.349523
2026-02-23 23:53:04 | INFO | underwater_sensor_ga.pso | PSO iter 856/1250 | best_global_cost=4.184158 | iter_best=4.521822
2026-02-23 23:53:07 | INFO | underwater_sensor_ga.pso | PSO iter 857/1250 | best_global_cost=4.184158 | iter_best=4.521822
2026-02-23 23:53:09 | INFO | underwater_sensor_ga.pso | PSO iter 858/1250 | best_global_cost=4.184158 | iter_best=4.638272
2026-02-23 23:53:12 | INFO | underwater_sensor_ga.pso | PSO iter 859/1250 | best_global_cost=4.184158 | iter_best=4.479186
2026-02-23 23:53:14 | INFO | underwater_sensor_ga.pso | PSO iter 860/1250 | best_global_cost=4.184158 | iter_best=4.614258
2026-02-23 23:53:16 | INFO | underwater_sensor_ga.pso | PSO iter 861/1250 | best_global_cost=4.184158 | iter_best=4.845907
2026-02-23 23:53:18 | INFO | underwater_sensor_ga.pso | PSO iter 862/1250 | best_global_cost=4.184158 | iter_best=4.493409
2026-02-23 23:53:21 | INFO | underwater_sensor_ga.pso | PSO iter 863/1250 | best_global_cost=4.184158 | iter_best=4.359346
2026-02-23 23:53:23 | INFO | underwater_sensor_ga.pso | PSO iter 864/1250 | best_global_cost=4.184158 | iter_best=4.565671
2026-02-23 23:53:26 | INFO | underwater_sensor_ga.pso | PSO iter 865/1250 | best_global_cost=4.184158 | iter_best=4.540319
2026-02-23 23:53:28 | INFO | underwater_sensor_ga.pso | PSO iter 866/1250 | best_global_cost=4.184158 | iter_best=4.796619
2026-02-23 23:53:30 | INFO | underwater_sensor_ga.pso | PSO iter 867/1250 | best_global_cost=4.184158 | iter_best=4.580754
2026-02-23 23:53:32 | INFO | underwater_sensor_ga.pso | PSO iter 868/1250 | best_global_cost=4.184158 | iter_best=4.504742
2026-02-23 23:53:35 | INFO | underwater_sensor_ga.pso | PSO iter 869/1250 | best_global_cost=4.184158 | iter_best=4.493631
2026-02-23 23:53:37 | INFO | underwater_sensor_ga.pso | PSO iter 870/1250 | best_global_cost=4.184158 | iter_best=4.590289
2026-02-23 23:53:39 | INFO | underwater_sensor_ga.pso | PSO iter 871/1250 | best_global_cost=4.184158 | iter_best=4.620383
2026-02-23 23:53:42 | INFO | underwater_sensor_ga.pso | PSO iter 872/1250 | best_global_cost=4.184158 | iter_best=4.602570
2026-02-23 23:53:44 | INFO | underwater_sensor_ga.pso | PSO iter 873/1250 | best_global_cost=4.184158 | iter_best=4.708641
2026-02-23 23:53:46 | INFO | underwater_sensor_ga.pso | PSO iter 874/1250 | best_global_cost=4.184158 | iter_best=4.658774
2026-02-23 23:53:48 | INFO | underwater_sensor_ga.pso | PSO iter 875/1250 | best_global_cost=4.184158 | iter_best=4.500765
2026-02-23 23:53:51 | INFO | underwater_sensor_ga.pso | PSO iter 876/1250 | best_global_cost=4.184158 | iter_best=4.553616
2026-02-23 23:53:53 | INFO | underwater_sensor_ga.pso | PSO iter 877/1250 | best_global_cost=4.184158 | iter_best=4.463169
2026-02-23 23:53:55 | INFO | underwater_sensor_ga.pso | PSO iter 878/1250 | best_global_cost=4.184158 | iter_best=4.497808
2026-02-23 23:53:58 | INFO | underwater_sensor_ga.pso | PSO iter 879/1250 | best_global_cost=4.184158 | iter_best=4.558927
2026-02-23 23:54:00 | INFO | underwater_sensor_ga.pso | PSO iter 880/1250 | best_global_cost=4.184158 | iter_best=4.552925
2026-02-23 23:54:02 | INFO | underwater_sensor_ga.pso | PSO iter 881/1250 | best_global_cost=4.184158 | iter_best=4.702532
2026-02-23 23:54:05 | INFO | underwater_sensor_ga.pso | PSO iter 882/1250 | best_global_cost=4.184158 | iter_best=4.632468
2026-02-23 23:54:07 | INFO | underwater_sensor_ga.pso | PSO iter 883/1250 | best_global_cost=4.184158 | iter_best=4.522427
2026-02-23 23:54:09 | INFO | underwater_sensor_ga.pso | PSO iter 884/1250 | best_global_cost=4.184158 | iter_best=4.566083
2026-02-23 23:54:12 | INFO | underwater_sensor_ga.pso | PSO iter 885/1250 | best_global_cost=4.184158 | iter_best=4.603865
2026-02-23 23:54:14 | INFO | underwater_sensor_ga.pso | PSO iter 886/1250 | best_global_cost=4.184158 | iter_best=4.595636
2026-02-23 23:54:16 | INFO | underwater_sensor_ga.pso | PSO iter 887/1250 | best_global_cost=4.184158 | iter_best=4.571500
2026-02-23 23:54:19 | INFO | underwater_sensor_ga.pso | PSO iter 888/1250 | best_global_cost=4.184158 | iter_best=4.578978
2026-02-23 23:54:21 | INFO | underwater_sensor_ga.pso | PSO iter 889/1250 | best_global_cost=4.184158 | iter_best=4.442144
2026-02-23 23:54:23 | INFO | underwater_sensor_ga.pso | PSO iter 890/1250 | best_global_cost=4.184158 | iter_best=4.342689
2026-02-23 23:54:26 | INFO | underwater_sensor_ga.pso | PSO iter 891/1250 | best_global_cost=4.184158 | iter_best=4.639005
2026-02-23 23:54:28 | INFO | underwater_sensor_ga.pso | PSO iter 892/1250 | best_global_cost=4.184158 | iter_best=4.734197
2026-02-23 23:54:31 | INFO | underwater_sensor_ga.pso | PSO iter 893/1250 | best_global_cost=4.184158 | iter_best=4.465973
2026-02-23 23:54:33 | INFO | underwater_sensor_ga.pso | PSO iter 894/1250 | best_global_cost=4.184158 | iter_best=4.637717
2026-02-23 23:54:35 | INFO | underwater_sensor_ga.pso | PSO iter 895/1250 | best_global_cost=4.184158 | iter_best=4.586633
2026-02-23 23:54:37 | INFO | underwater_sensor_ga.pso | PSO iter 896/1250 | best_global_cost=4.184158 | iter_best=4.601458
2026-02-23 23:54:39 | INFO | underwater_sensor_ga.pso | PSO iter 897/1250 | best_global_cost=4.184158 | iter_best=4.387760
2026-02-23 23:54:41 | INFO | underwater_sensor_ga.pso | PSO iter 898/1250 | best_global_cost=4.184158 | iter_best=4.359346
2026-02-23 23:54:44 | INFO | underwater_sensor_ga.pso | PSO iter 899/1250 | best_global_cost=4.184158 | iter_best=4.515024
2026-02-23 23:54:46 | INFO | underwater_sensor_ga.pso | PSO iter 900/1250 | best_global_cost=4.184158 | iter_best=4.543334
2026-02-23 23:54:48 | INFO | underwater_sensor_ga.pso | PSO iter 901/1250 | best_global_cost=4.184158 | iter_best=4.363591
2026-02-23 23:54:50 | INFO | underwater_sensor_ga.pso | PSO iter 902/1250 | best_global_cost=4.184158 | iter_best=4.549735
2026-02-23 23:54:52 | INFO | underwater_sensor_ga.pso | PSO iter 903/1250 | best_global_cost=4.184158 | iter_best=4.617215
2026-02-23 23:54:54 | INFO | underwater_sensor_ga.pso | PSO iter 904/1250 | best_global_cost=4.184158 | iter_best=4.498602
2026-02-23 23:54:56 | INFO | underwater_sensor_ga.pso | PSO iter 905/1250 | best_global_cost=4.184158 | iter_best=4.701508
2026-02-23 23:54:59 | INFO | underwater_sensor_ga.pso | PSO iter 906/1250 | best_global_cost=4.184158 | iter_best=4.392495
2026-02-23 23:55:01 | INFO | underwater_sensor_ga.pso | PSO iter 907/1250 | best_global_cost=4.184158 | iter_best=4.440219
2026-02-23 23:55:04 | INFO | underwater_sensor_ga.pso | PSO iter 908/1250 | best_global_cost=4.184158 | iter_best=4.697142
2026-02-23 23:55:06 | INFO | underwater_sensor_ga.pso | PSO iter 909/1250 | best_global_cost=4.184158 | iter_best=4.644651
2026-02-23 23:55:08 | INFO | underwater_sensor_ga.pso | PSO iter 910/1250 | best_global_cost=4.184158 | iter_best=4.652215
2026-02-23 23:55:10 | INFO | underwater_sensor_ga.pso | PSO iter 911/1250 | best_global_cost=4.184158 | iter_best=4.542601
2026-02-23 23:55:13 | INFO | underwater_sensor_ga.pso | PSO iter 912/1250 | best_global_cost=4.184158 | iter_best=4.741705
2026-02-23 23:55:15 | INFO | underwater_sensor_ga.pso | PSO iter 913/1250 | best_global_cost=4.184158 | iter_best=4.402182
2026-02-23 23:55:18 | INFO | underwater_sensor_ga.pso | PSO iter 914/1250 | best_global_cost=4.184158 | iter_best=4.542601
2026-02-23 23:55:20 | INFO | underwater_sensor_ga.pso | PSO iter 915/1250 | best_global_cost=4.184158 | iter_best=4.423867
2026-02-23 23:55:22 | INFO | underwater_sensor_ga.pso | PSO iter 916/1250 | best_global_cost=4.184158 | iter_best=4.426151
2026-02-23 23:55:24 | INFO | underwater_sensor_ga.pso | PSO iter 917/1250 | best_global_cost=4.184158 | iter_best=4.789226
2026-02-23 23:55:27 | INFO | underwater_sensor_ga.pso | PSO iter 918/1250 | best_global_cost=4.184158 | iter_best=4.644352
2026-02-23 23:55:29 | INFO | underwater_sensor_ga.pso | PSO iter 919/1250 | best_global_cost=4.184158 | iter_best=4.486120
2026-02-23 23:55:31 | INFO | underwater_sensor_ga.pso | PSO iter 920/1250 | best_global_cost=4.184158 | iter_best=4.703744
2026-02-23 23:55:33 | INFO | underwater_sensor_ga.pso | PSO iter 921/1250 | best_global_cost=4.184158 | iter_best=4.426151
2026-02-23 23:55:35 | INFO | underwater_sensor_ga.pso | PSO iter 922/1250 | best_global_cost=4.184158 | iter_best=4.433285
2026-02-23 23:55:38 | INFO | underwater_sensor_ga.pso | PSO iter 923/1250 | best_global_cost=4.184158 | iter_best=4.504009
2026-02-23 23:55:40 | INFO | underwater_sensor_ga.pso | PSO iter 924/1250 | best_global_cost=4.184158 | iter_best=4.695141
2026-02-23 23:55:42 | INFO | underwater_sensor_ga.pso | PSO iter 925/1250 | best_global_cost=4.184158 | iter_best=4.524712
2026-02-23 23:55:44 | INFO | underwater_sensor_ga.pso | PSO iter 926/1250 | best_global_cost=4.184158 | iter_best=4.691104
2026-02-23 23:55:47 | INFO | underwater_sensor_ga.pso | PSO iter 927/1250 | best_global_cost=4.184158 | iter_best=4.532433
2026-02-23 23:55:49 | INFO | underwater_sensor_ga.pso | PSO iter 928/1250 | best_global_cost=4.184158 | iter_best=4.486120
2026-02-23 23:55:51 | INFO | underwater_sensor_ga.pso | PSO iter 929/1250 | best_global_cost=4.184158 | iter_best=4.590029
2026-02-23 23:55:54 | INFO | underwater_sensor_ga.pso | PSO iter 930/1250 | best_global_cost=4.184158 | iter_best=4.680389
2026-02-23 23:55:56 | INFO | underwater_sensor_ga.pso | PSO iter 931/1250 | best_global_cost=4.184158 | iter_best=4.609318
2026-02-23 23:55:59 | INFO | underwater_sensor_ga.pso | PSO iter 932/1250 | best_global_cost=4.184158 | iter_best=4.702275
2026-02-23 23:56:01 | INFO | underwater_sensor_ga.pso | PSO iter 933/1250 | best_global_cost=4.184158 | iter_best=4.630583
2026-02-23 23:56:03 | INFO | underwater_sensor_ga.pso | PSO iter 934/1250 | best_global_cost=4.184158 | iter_best=4.431003
2026-02-23 23:56:06 | INFO | underwater_sensor_ga.pso | PSO iter 935/1250 | best_global_cost=4.184158 | iter_best=4.611783
2026-02-23 23:56:08 | INFO | underwater_sensor_ga.pso | PSO iter 936/1250 | best_global_cost=4.184158 | iter_best=4.540397
2026-02-23 23:56:10 | INFO | underwater_sensor_ga.pso | PSO iter 937/1250 | best_global_cost=4.184158 | iter_best=4.571467
2026-02-23 23:56:13 | INFO | underwater_sensor_ga.pso | PSO iter 938/1250 | best_global_cost=4.184158 | iter_best=4.626127
2026-02-23 23:56:15 | INFO | underwater_sensor_ga.pso | PSO iter 939/1250 | best_global_cost=4.184158 | iter_best=4.617014
2026-02-23 23:56:17 | INFO | underwater_sensor_ga.pso | PSO iter 940/1250 | best_global_cost=4.184158 | iter_best=4.552017
2026-02-23 23:56:20 | INFO | underwater_sensor_ga.pso | PSO iter 941/1250 | best_global_cost=4.184158 | iter_best=4.613799
2026-02-23 23:56:22 | INFO | underwater_sensor_ga.pso | PSO iter 942/1250 | best_global_cost=4.184158 | iter_best=4.521822
2026-02-23 23:56:24 | INFO | underwater_sensor_ga.pso | PSO iter 943/1250 | best_global_cost=4.184158 | iter_best=4.463272
2026-02-23 23:56:26 | INFO | underwater_sensor_ga.pso | PSO iter 944/1250 | best_global_cost=4.184158 | iter_best=4.652215
2026-02-23 23:56:29 | INFO | underwater_sensor_ga.pso | PSO iter 945/1250 | best_global_cost=4.184158 | iter_best=4.318612
2026-02-23 23:56:31 | INFO | underwater_sensor_ga.pso | PSO iter 946/1250 | best_global_cost=4.184158 | iter_best=4.717002
2026-02-23 23:56:33 | INFO | underwater_sensor_ga.pso | PSO iter 947/1250 | best_global_cost=4.184158 | iter_best=4.602384
2026-02-23 23:56:35 | INFO | underwater_sensor_ga.pso | PSO iter 948/1250 | best_global_cost=4.184158 | iter_best=4.472053
2026-02-23 23:56:38 | INFO | underwater_sensor_ga.pso | PSO iter 949/1250 | best_global_cost=4.184158 | iter_best=4.657223
2026-02-23 23:56:40 | INFO | underwater_sensor_ga.pso | PSO iter 950/1250 | best_global_cost=4.184158 | iter_best=4.572180
2026-02-23 23:56:42 | INFO | underwater_sensor_ga.pso | PSO iter 951/1250 | best_global_cost=4.184158 | iter_best=4.475796
2026-02-23 23:56:45 | INFO | underwater_sensor_ga.pso | PSO iter 952/1250 | best_global_cost=4.184158 | iter_best=4.530467
2026-02-23 23:56:47 | INFO | underwater_sensor_ga.pso | PSO iter 953/1250 | best_global_cost=4.184158 | iter_best=4.635815
2026-02-23 23:56:49 | INFO | underwater_sensor_ga.pso | PSO iter 954/1250 | best_global_cost=4.184158 | iter_best=4.597223
2026-02-23 23:56:52 | INFO | underwater_sensor_ga.pso | PSO iter 955/1250 | best_global_cost=4.184158 | iter_best=4.215260
2026-02-23 23:56:55 | INFO | underwater_sensor_ga.pso | PSO iter 956/1250 | best_global_cost=4.184158 | iter_best=4.725767
2026-02-23 23:56:57 | INFO | underwater_sensor_ga.pso | PSO iter 957/1250 | best_global_cost=4.184158 | iter_best=4.523243
2026-02-23 23:56:59 | INFO | underwater_sensor_ga.pso | PSO iter 958/1250 | best_global_cost=4.184158 | iter_best=4.709822
2026-02-23 23:57:02 | INFO | underwater_sensor_ga.pso | PSO iter 959/1250 | best_global_cost=4.184158 | iter_best=4.660906
2026-02-23 23:57:04 | INFO | underwater_sensor_ga.pso | PSO iter 960/1250 | best_global_cost=4.184158 | iter_best=4.596369
2026-02-23 23:57:06 | INFO | underwater_sensor_ga.pso | PSO iter 961/1250 | best_global_cost=4.184158 | iter_best=4.603658
2026-02-23 23:57:09 | INFO | underwater_sensor_ga.pso | PSO iter 962/1250 | best_global_cost=4.184158 | iter_best=4.602596
2026-02-23 23:57:11 | INFO | underwater_sensor_ga.pso | PSO iter 963/1250 | best_global_cost=4.184158 | iter_best=4.740039
2026-02-23 23:57:14 | INFO | underwater_sensor_ga.pso | PSO iter 964/1250 | best_global_cost=4.184158 | iter_best=4.622117
2026-02-23 23:57:16 | INFO | underwater_sensor_ga.pso | PSO iter 965/1250 | best_global_cost=4.184158 | iter_best=4.701008
2026-02-23 23:57:18 | INFO | underwater_sensor_ga.pso | PSO iter 966/1250 | best_global_cost=4.184158 | iter_best=4.493609
2026-02-23 23:57:21 | INFO | underwater_sensor_ga.pso | PSO iter 967/1250 | best_global_cost=4.184158 | iter_best=4.723890
2026-02-23 23:57:23 | INFO | underwater_sensor_ga.pso | PSO iter 968/1250 | best_global_cost=4.184158 | iter_best=4.669674
2026-02-23 23:57:26 | INFO | underwater_sensor_ga.pso | PSO iter 969/1250 | best_global_cost=4.184158 | iter_best=4.479186
2026-02-23 23:57:28 | INFO | underwater_sensor_ga.pso | PSO iter 970/1250 | best_global_cost=4.184158 | iter_best=4.630659
2026-02-23 23:57:31 | INFO | underwater_sensor_ga.pso | PSO iter 971/1250 | best_global_cost=4.184158 | iter_best=4.469395
2026-02-23 23:57:33 | INFO | underwater_sensor_ga.pso | PSO iter 972/1250 | best_global_cost=4.184158 | iter_best=4.557400
2026-02-23 23:57:36 | INFO | underwater_sensor_ga.pso | PSO iter 973/1250 | best_global_cost=4.184158 | iter_best=4.673064
2026-02-23 23:57:38 | INFO | underwater_sensor_ga.pso | PSO iter 974/1250 | best_global_cost=4.184158 | iter_best=4.544457
2026-02-23 23:57:41 | INFO | underwater_sensor_ga.pso | PSO iter 975/1250 | best_global_cost=4.184158 | iter_best=4.560059
2026-02-23 23:57:44 | INFO | underwater_sensor_ga.pso | PSO iter 976/1250 | best_global_cost=4.184158 | iter_best=4.661414
2026-02-23 23:57:46 | INFO | underwater_sensor_ga.pso | PSO iter 977/1250 | best_global_cost=4.184158 | iter_best=4.796159
2026-02-23 23:57:48 | INFO | underwater_sensor_ga.pso | PSO iter 978/1250 | best_global_cost=4.184158 | iter_best=4.655606
2026-02-23 23:57:50 | INFO | underwater_sensor_ga.pso | PSO iter 979/1250 | best_global_cost=4.184158 | iter_best=4.550267
2026-02-23 23:57:53 | INFO | underwater_sensor_ga.pso | PSO iter 980/1250 | best_global_cost=4.184158 | iter_best=4.583945
2026-02-23 23:57:55 | INFO | underwater_sensor_ga.pso | PSO iter 981/1250 | best_global_cost=4.184158 | iter_best=4.703393
2026-02-23 23:57:57 | INFO | underwater_sensor_ga.pso | PSO iter 982/1250 | best_global_cost=4.184158 | iter_best=4.338844
2026-02-23 23:58:00 | INFO | underwater_sensor_ga.pso | PSO iter 983/1250 | best_global_cost=4.184158 | iter_best=4.710595
2026-02-23 23:58:02 | INFO | underwater_sensor_ga.pso | PSO iter 984/1250 | best_global_cost=4.184158 | iter_best=4.697011
2026-02-23 23:58:04 | INFO | underwater_sensor_ga.pso | PSO iter 985/1250 | best_global_cost=4.184158 | iter_best=4.597332
2026-02-23 23:58:07 | INFO | underwater_sensor_ga.pso | PSO iter 986/1250 | best_global_cost=4.184158 | iter_best=4.504209
2026-02-23 23:58:09 | INFO | underwater_sensor_ga.pso | PSO iter 987/1250 | best_global_cost=4.184158 | iter_best=4.544457
2026-02-23 23:58:12 | INFO | underwater_sensor_ga.pso | PSO iter 988/1250 | best_global_cost=4.184158 | iter_best=4.595534
2026-02-23 23:58:14 | INFO | underwater_sensor_ga.pso | PSO iter 989/1250 | best_global_cost=4.184158 | iter_best=4.650017
2026-02-23 23:58:16 | INFO | underwater_sensor_ga.pso | PSO iter 990/1250 | best_global_cost=4.184158 | iter_best=4.623860
2026-02-23 23:58:18 | INFO | underwater_sensor_ga.pso | PSO iter 991/1250 | best_global_cost=4.184158 | iter_best=4.585058
2026-02-23 23:58:21 | INFO | underwater_sensor_ga.pso | PSO iter 992/1250 | best_global_cost=4.184158 | iter_best=4.352212
2026-02-23 23:58:23 | INFO | underwater_sensor_ga.pso | PSO iter 993/1250 | best_global_cost=4.184158 | iter_best=4.713565
2026-02-23 23:58:26 | INFO | underwater_sensor_ga.pso | PSO iter 994/1250 | best_global_cost=4.184158 | iter_best=4.459860
2026-02-23 23:58:28 | INFO | underwater_sensor_ga.pso | PSO iter 995/1250 | best_global_cost=4.184158 | iter_best=4.433085
2026-02-23 23:58:30 | INFO | underwater_sensor_ga.pso | PSO iter 996/1250 | best_global_cost=4.184158 | iter_best=4.504009
2026-02-23 23:58:33 | INFO | underwater_sensor_ga.pso | PSO iter 997/1250 | best_global_cost=4.184158 | iter_best=4.557400
2026-02-23 23:58:35 | INFO | underwater_sensor_ga.pso | PSO iter 998/1250 | best_global_cost=4.184158 | iter_best=4.307741
2026-02-23 23:58:37 | INFO | underwater_sensor_ga.pso | PSO iter 999/1250 | best_global_cost=4.184158 | iter_best=4.268657
2026-02-23 23:58:40 | INFO | underwater_sensor_ga.pso | PSO iter 1000/1250 | best_global_cost=4.184158 | iter_best=4.596166
2026-02-23 23:58:42 | INFO | underwater_sensor_ga.pso | PSO iter 1001/1250 | best_global_cost=4.184158 | iter_best=4.426151
2026-02-23 23:58:45 | INFO | underwater_sensor_ga.pso | PSO iter 1002/1250 | best_global_cost=4.184158 | iter_best=4.500765
2026-02-23 23:58:47 | INFO | underwater_sensor_ga.pso | PSO iter 1003/1250 | best_global_cost=4.184158 | iter_best=4.444715
2026-02-23 23:58:50 | INFO | underwater_sensor_ga.pso | PSO iter 1004/1250 | best_global_cost=4.184158 | iter_best=4.356457
2026-02-23 23:58:52 | INFO | underwater_sensor_ga.pso | PSO iter 1005/1250 | best_global_cost=4.184158 | iter_best=4.765719
2026-02-23 23:58:55 | INFO | underwater_sensor_ga.pso | PSO iter 1006/1250 | best_global_cost=4.184158 | iter_best=4.184158
2026-02-23 23:58:57 | INFO | underwater_sensor_ga.pso | PSO iter 1007/1250 | best_global_cost=4.184158 | iter_best=4.380626
2026-02-23 23:58:59 | INFO | underwater_sensor_ga.pso | PSO iter 1008/1250 | best_global_cost=4.184158 | iter_best=4.709472
2026-02-23 23:59:01 | INFO | underwater_sensor_ga.pso | PSO iter 1009/1250 | best_global_cost=4.184158 | iter_best=4.610081
2026-02-23 23:59:04 | INFO | underwater_sensor_ga.pso | PSO iter 1010/1250 | best_global_cost=4.184158 | iter_best=4.473840
2026-02-23 23:59:06 | INFO | underwater_sensor_ga.pso | PSO iter 1011/1250 | best_global_cost=4.184158 | iter_best=4.674835
2026-02-23 23:59:09 | INFO | underwater_sensor_ga.pso | PSO iter 1012/1250 | best_global_cost=4.184158 | iter_best=4.705685
2026-02-23 23:59:12 | INFO | underwater_sensor_ga.pso | PSO iter 1013/1250 | best_global_cost=4.184158 | iter_best=4.634828
2026-02-23 23:59:14 | INFO | underwater_sensor_ga.pso | PSO iter 1014/1250 | best_global_cost=4.184158 | iter_best=4.380925
2026-02-23 23:59:16 | INFO | underwater_sensor_ga.pso | PSO iter 1015/1250 | best_global_cost=4.184158 | iter_best=4.620383
2026-02-23 23:59:19 | INFO | underwater_sensor_ga.pso | PSO iter 1016/1250 | best_global_cost=4.184158 | iter_best=4.540780
2026-02-23 23:59:21 | INFO | underwater_sensor_ga.pso | PSO iter 1017/1250 | best_global_cost=4.184158 | iter_best=4.501993
2026-02-23 23:59:23 | INFO | underwater_sensor_ga.pso | PSO iter 1018/1250 | best_global_cost=4.184158 | iter_best=4.615066
2026-02-23 23:59:26 | INFO | underwater_sensor_ga.pso | PSO iter 1019/1250 | best_global_cost=4.184158 | iter_best=4.437559
2026-02-23 23:59:28 | INFO | underwater_sensor_ga.pso | PSO iter 1020/1250 | best_global_cost=4.184158 | iter_best=4.382153
2026-02-23 23:59:31 | INFO | underwater_sensor_ga.pso | PSO iter 1021/1250 | best_global_cost=4.184158 | iter_best=4.595436
2026-02-23 23:59:33 | INFO | underwater_sensor_ga.pso | PSO iter 1022/1250 | best_global_cost=4.184158 | iter_best=4.549534
2026-02-23 23:59:36 | INFO | underwater_sensor_ga.pso | PSO iter 1023/1250 | best_global_cost=4.184158 | iter_best=4.521822
2026-02-23 23:59:38 | INFO | underwater_sensor_ga.pso | PSO iter 1024/1250 | best_global_cost=4.184158 | iter_best=4.670411
2026-02-23 23:59:41 | INFO | underwater_sensor_ga.pso | PSO iter 1025/1250 | best_global_cost=4.184158 | iter_best=4.585058
2026-02-23 23:59:44 | INFO | underwater_sensor_ga.pso | PSO iter 1026/1250 | best_global_cost=4.184158 | iter_best=4.338844
2026-02-23 23:59:46 | INFO | underwater_sensor_ga.pso | PSO iter 1027/1250 | best_global_cost=4.184158 | iter_best=4.595636
2026-02-23 23:59:49 | INFO | underwater_sensor_ga.pso | PSO iter 1028/1250 | best_global_cost=4.184158 | iter_best=4.619176
2026-02-23 23:59:52 | INFO | underwater_sensor_ga.pso | PSO iter 1029/1250 | best_global_cost=4.184158 | iter_best=4.472053
2026-02-23 23:59:55 | INFO | underwater_sensor_ga.pso | PSO iter 1030/1250 | best_global_cost=4.184158 | iter_best=4.420423
2026-02-23 23:59:57 | INFO | underwater_sensor_ga.pso | PSO iter 1031/1250 | best_global_cost=4.184158 | iter_best=4.331710
2026-02-24 00:00:00 | INFO | underwater_sensor_ga.pso | PSO iter 1032/1250 | best_global_cost=4.184158 | iter_best=4.529716
2026-02-24 00:00:03 | INFO | underwater_sensor_ga.pso | PSO iter 1033/1250 | best_global_cost=4.184158 | iter_best=4.408230
2026-02-24 00:00:05 | INFO | underwater_sensor_ga.pso | PSO iter 1034/1250 | best_global_cost=4.184158 | iter_best=4.574481
2026-02-24 00:00:08 | INFO | underwater_sensor_ga.pso | PSO iter 1035/1250 | best_global_cost=4.184158 | iter_best=4.571467
2026-02-24 00:00:11 | INFO | underwater_sensor_ga.pso | PSO iter 1036/1250 | best_global_cost=4.184158 | iter_best=4.638945
2026-02-24 00:00:13 | INFO | underwater_sensor_ga.pso | PSO iter 1037/1250 | best_global_cost=4.184158 | iter_best=4.437996
2026-02-24 00:00:16 | INFO | underwater_sensor_ga.pso | PSO iter 1038/1250 | best_global_cost=4.184158 | iter_best=4.618046
2026-02-24 00:00:19 | INFO | underwater_sensor_ga.pso | PSO iter 1039/1250 | best_global_cost=4.184158 | iter_best=4.462529
2026-02-24 00:00:22 | INFO | underwater_sensor_ga.pso | PSO iter 1040/1250 | best_global_cost=4.184158 | iter_best=4.465973
2026-02-24 00:00:24 | INFO | underwater_sensor_ga.pso | PSO iter 1041/1250 | best_global_cost=4.184158 | iter_best=4.608212
2026-02-24 00:00:27 | INFO | underwater_sensor_ga.pso | PSO iter 1042/1250 | best_global_cost=4.184158 | iter_best=4.553224
2026-02-24 00:00:29 | INFO | underwater_sensor_ga.pso | PSO iter 1043/1250 | best_global_cost=4.184158 | iter_best=4.567348
2026-02-24 00:00:31 | INFO | underwater_sensor_ga.pso | PSO iter 1044/1250 | best_global_cost=4.184158 | iter_best=4.569598
2026-02-24 00:00:34 | INFO | underwater_sensor_ga.pso | PSO iter 1045/1250 | best_global_cost=4.184158 | iter_best=4.472783
2026-02-24 00:00:38 | INFO | underwater_sensor_ga.pso | PSO iter 1046/1250 | best_global_cost=4.184158 | iter_best=4.571467
2026-02-24 00:00:40 | INFO | underwater_sensor_ga.pso | PSO iter 1047/1250 | best_global_cost=4.184158 | iter_best=4.433285
2026-02-24 00:00:43 | INFO | underwater_sensor_ga.pso | PSO iter 1048/1250 | best_global_cost=4.184158 | iter_best=4.801979
2026-02-24 00:00:45 | INFO | underwater_sensor_ga.pso | PSO iter 1049/1250 | best_global_cost=4.184158 | iter_best=4.542601
2026-02-24 00:00:48 | INFO | underwater_sensor_ga.pso | PSO iter 1050/1250 | best_global_cost=4.184158 | iter_best=4.472053
2026-02-24 00:00:50 | INFO | underwater_sensor_ga.pso | PSO iter 1051/1250 | best_global_cost=4.184158 | iter_best=4.564533
2026-02-24 00:00:53 | INFO | underwater_sensor_ga.pso | PSO iter 1052/1250 | best_global_cost=4.184158 | iter_best=4.558863
2026-02-24 00:00:55 | INFO | underwater_sensor_ga.pso | PSO iter 1053/1250 | best_global_cost=4.184158 | iter_best=4.542601
2026-02-24 00:00:58 | INFO | underwater_sensor_ga.pso | PSO iter 1054/1250 | best_global_cost=4.184158 | iter_best=4.517578
2026-02-24 00:01:01 | INFO | underwater_sensor_ga.pso | PSO iter 1055/1250 | best_global_cost=4.184158 | iter_best=4.394693
2026-02-24 00:01:04 | INFO | underwater_sensor_ga.pso | PSO iter 1056/1250 | best_global_cost=4.184158 | iter_best=4.533371
2026-02-24 00:01:07 | INFO | underwater_sensor_ga.pso | PSO iter 1057/1250 | best_global_cost=4.184158 | iter_best=4.426151
2026-02-24 00:01:09 | INFO | underwater_sensor_ga.pso | PSO iter 1058/1250 | best_global_cost=4.184158 | iter_best=4.709174
2026-02-24 00:01:12 | INFO | underwater_sensor_ga.pso | PSO iter 1059/1250 | best_global_cost=4.184158 | iter_best=4.644352
2026-02-24 00:01:14 | INFO | underwater_sensor_ga.pso | PSO iter 1060/1250 | best_global_cost=4.184158 | iter_best=4.453077
2026-02-24 00:01:17 | INFO | underwater_sensor_ga.pso | PSO iter 1061/1250 | best_global_cost=4.184158 | iter_best=4.676737
2026-02-24 00:01:20 | INFO | underwater_sensor_ga.pso | PSO iter 1062/1250 | best_global_cost=4.184158 | iter_best=4.591816
2026-02-24 00:01:22 | INFO | underwater_sensor_ga.pso | PSO iter 1063/1250 | best_global_cost=4.184158 | iter_best=4.526299
2026-02-24 00:01:25 | INFO | underwater_sensor_ga.pso | PSO iter 1064/1250 | best_global_cost=4.184158 | iter_best=4.662740
2026-02-24 00:01:28 | INFO | underwater_sensor_ga.pso | PSO iter 1065/1250 | best_global_cost=4.184158 | iter_best=4.498044
2026-02-24 00:01:31 | INFO | underwater_sensor_ga.pso | PSO iter 1066/1250 | best_global_cost=4.184158 | iter_best=4.595636
2026-02-24 00:01:35 | INFO | underwater_sensor_ga.pso | PSO iter 1067/1250 | best_global_cost=4.184158 | iter_best=4.585766
2026-02-24 00:01:38 | INFO | underwater_sensor_ga.pso | PSO iter 1068/1250 | best_global_cost=4.184158 | iter_best=4.549735
2026-02-24 00:01:41 | INFO | underwater_sensor_ga.pso | PSO iter 1069/1250 | best_global_cost=4.184158 | iter_best=4.598450
2026-02-24 00:01:44 | INFO | underwater_sensor_ga.pso | PSO iter 1070/1250 | best_global_cost=4.184158 | iter_best=4.637717
2026-02-24 00:01:47 | INFO | underwater_sensor_ga.pso | PSO iter 1071/1250 | best_global_cost=4.184158 | iter_best=4.565266
2026-02-24 00:01:51 | INFO | underwater_sensor_ga.pso | PSO iter 1072/1250 | best_global_cost=4.184158 | iter_best=4.753078
2026-02-24 00:01:54 | INFO | underwater_sensor_ga.pso | PSO iter 1073/1250 | best_global_cost=4.184158 | iter_best=4.662540
2026-02-24 00:01:56 | INFO | underwater_sensor_ga.pso | PSO iter 1074/1250 | best_global_cost=4.184158 | iter_best=4.305923
2026-02-24 00:01:58 | INFO | underwater_sensor_ga.pso | PSO iter 1075/1250 | best_global_cost=4.184158 | iter_best=4.747643
2026-02-24 00:02:01 | INFO | underwater_sensor_ga.pso | PSO iter 1076/1250 | best_global_cost=4.184158 | iter_best=4.564959
2026-02-24 00:02:04 | INFO | underwater_sensor_ga.pso | PSO iter 1077/1250 | best_global_cost=4.184158 | iter_best=4.574483
2026-02-24 00:02:07 | INFO | underwater_sensor_ga.pso | PSO iter 1078/1250 | best_global_cost=4.184158 | iter_best=4.423137
2026-02-24 00:02:09 | INFO | underwater_sensor_ga.pso | PSO iter 1079/1250 | best_global_cost=4.184158 | iter_best=4.619681
2026-02-24 00:02:11 | INFO | underwater_sensor_ga.pso | PSO iter 1080/1250 | best_global_cost=4.184158 | iter_best=4.336628
2026-02-24 00:02:14 | INFO | underwater_sensor_ga.pso | PSO iter 1081/1250 | best_global_cost=4.184158 | iter_best=4.647909
2026-02-24 00:02:16 | INFO | underwater_sensor_ga.pso | PSO iter 1082/1250 | best_global_cost=4.184158 | iter_best=4.552925
2026-02-24 00:02:19 | INFO | underwater_sensor_ga.pso | PSO iter 1083/1250 | best_global_cost=4.184158 | iter_best=4.542601
2026-02-24 00:02:22 | INFO | underwater_sensor_ga.pso | PSO iter 1084/1250 | best_global_cost=4.184158 | iter_best=4.700346
2026-02-24 00:02:24 | INFO | underwater_sensor_ga.pso | PSO iter 1085/1250 | best_global_cost=4.184158 | iter_best=4.602570
2026-02-24 00:02:27 | INFO | underwater_sensor_ga.pso | PSO iter 1086/1250 | best_global_cost=4.184158 | iter_best=4.473029
2026-02-24 00:02:29 | INFO | underwater_sensor_ga.pso | PSO iter 1087/1250 | best_global_cost=4.184158 | iter_best=4.426826
2026-02-24 00:02:31 | INFO | underwater_sensor_ga.pso | PSO iter 1088/1250 | best_global_cost=4.184158 | iter_best=4.356457
2026-02-24 00:02:34 | INFO | underwater_sensor_ga.pso | PSO iter 1089/1250 | best_global_cost=4.184158 | iter_best=4.588502
2026-02-24 00:02:36 | INFO | underwater_sensor_ga.pso | PSO iter 1090/1250 | best_global_cost=4.184158 | iter_best=4.562861
2026-02-24 00:02:39 | INFO | underwater_sensor_ga.pso | PSO iter 1091/1250 | best_global_cost=4.184158 | iter_best=4.557400
2026-02-24 00:02:41 | INFO | underwater_sensor_ga.pso | PSO iter 1092/1250 | best_global_cost=4.184158 | iter_best=4.489678
2026-02-24 00:02:43 | INFO | underwater_sensor_ga.pso | PSO iter 1093/1250 | best_global_cost=4.184158 | iter_best=4.558139
2026-02-24 00:02:45 | INFO | underwater_sensor_ga.pso | PSO iter 1094/1250 | best_global_cost=4.184158 | iter_best=4.546290
2026-02-24 00:02:48 | INFO | underwater_sensor_ga.pso | PSO iter 1095/1250 | best_global_cost=4.184158 | iter_best=4.586807
2026-02-24 00:02:50 | INFO | underwater_sensor_ga.pso | PSO iter 1096/1250 | best_global_cost=4.184158 | iter_best=4.567348
2026-02-24 00:02:52 | INFO | underwater_sensor_ga.pso | PSO iter 1097/1250 | best_global_cost=4.184158 | iter_best=4.557306
2026-02-24 00:02:54 | INFO | underwater_sensor_ga.pso | PSO iter 1098/1250 | best_global_cost=4.184158 | iter_best=4.556668
2026-02-24 00:02:57 | INFO | underwater_sensor_ga.pso | PSO iter 1099/1250 | best_global_cost=4.184158 | iter_best=4.646119
2026-02-24 00:02:59 | INFO | underwater_sensor_ga.pso | PSO iter 1100/1250 | best_global_cost=4.184158 | iter_best=4.426151
2026-02-24 00:03:01 | INFO | underwater_sensor_ga.pso | PSO iter 1101/1250 | best_global_cost=4.184158 | iter_best=4.534938
2026-02-24 00:03:04 | INFO | underwater_sensor_ga.pso | PSO iter 1102/1250 | best_global_cost=4.184158 | iter_best=4.472907
2026-02-24 00:03:07 | INFO | underwater_sensor_ga.pso | PSO iter 1103/1250 | best_global_cost=4.184158 | iter_best=4.463424
2026-02-24 00:03:09 | INFO | underwater_sensor_ga.pso | PSO iter 1104/1250 | best_global_cost=4.184158 | iter_best=4.678767
2026-02-24 00:03:11 | INFO | underwater_sensor_ga.pso | PSO iter 1105/1250 | best_global_cost=4.184158 | iter_best=4.677241
2026-02-24 00:03:14 | INFO | underwater_sensor_ga.pso | PSO iter 1106/1250 | best_global_cost=4.184158 | iter_best=4.585912
2026-02-24 00:03:16 | INFO | underwater_sensor_ga.pso | PSO iter 1107/1250 | best_global_cost=4.184158 | iter_best=4.588801
2026-02-24 00:03:19 | INFO | underwater_sensor_ga.pso | PSO iter 1108/1250 | best_global_cost=4.184158 | iter_best=4.590690
2026-02-24 00:03:22 | INFO | underwater_sensor_ga.pso | PSO iter 1109/1250 | best_global_cost=4.184158 | iter_best=4.618790
2026-02-24 00:03:24 | INFO | underwater_sensor_ga.pso | PSO iter 1110/1250 | best_global_cost=4.184158 | iter_best=4.560889
2026-02-24 00:03:27 | INFO | underwater_sensor_ga.pso | PSO iter 1111/1250 | best_global_cost=4.184158 | iter_best=4.589088
2026-02-24 00:03:29 | INFO | underwater_sensor_ga.pso | PSO iter 1112/1250 | best_global_cost=4.184158 | iter_best=4.537918
2026-02-24 00:03:31 | INFO | underwater_sensor_ga.pso | PSO iter 1113/1250 | best_global_cost=4.184158 | iter_best=4.669375
2026-02-24 00:03:34 | INFO | underwater_sensor_ga.pso | PSO iter 1114/1250 | best_global_cost=4.184158 | iter_best=4.489678
2026-02-24 00:03:38 | INFO | underwater_sensor_ga.pso | PSO iter 1115/1250 | best_global_cost=4.184158 | iter_best=4.644352
2026-02-24 00:03:41 | INFO | underwater_sensor_ga.pso | PSO iter 1116/1250 | best_global_cost=4.184158 | iter_best=4.598450
2026-02-24 00:03:44 | INFO | underwater_sensor_ga.pso | PSO iter 1117/1250 | best_global_cost=4.184158 | iter_best=4.831917
2026-02-24 00:03:48 | INFO | underwater_sensor_ga.pso | PSO iter 1118/1250 | best_global_cost=4.184158 | iter_best=4.617014
2026-02-24 00:03:52 | INFO | underwater_sensor_ga.pso | PSO iter 1119/1250 | best_global_cost=4.184158 | iter_best=4.631437
2026-02-24 00:03:55 | INFO | underwater_sensor_ga.pso | PSO iter 1120/1250 | best_global_cost=4.184158 | iter_best=4.468662
2026-02-24 00:03:59 | INFO | underwater_sensor_ga.pso | PSO iter 1121/1250 | best_global_cost=4.184158 | iter_best=4.643956
2026-02-24 00:04:01 | INFO | underwater_sensor_ga.pso | PSO iter 1122/1250 | best_global_cost=4.184158 | iter_best=4.511876
2026-02-24 00:04:05 | INFO | underwater_sensor_ga.pso | PSO iter 1123/1250 | best_global_cost=4.184158 | iter_best=4.753005
2026-02-24 00:04:07 | INFO | underwater_sensor_ga.pso | PSO iter 1124/1250 | best_global_cost=4.184158 | iter_best=4.593046
2026-02-24 00:04:10 | INFO | underwater_sensor_ga.pso | PSO iter 1125/1250 | best_global_cost=4.184158 | iter_best=4.665543
2026-02-24 00:04:13 | INFO | underwater_sensor_ga.pso | PSO iter 1126/1250 | best_global_cost=4.184158 | iter_best=4.605584
2026-02-24 00:04:15 | INFO | underwater_sensor_ga.pso | PSO iter 1127/1250 | best_global_cost=4.184158 | iter_best=4.679053
2026-02-24 00:04:17 | INFO | underwater_sensor_ga.pso | PSO iter 1128/1250 | best_global_cost=4.184158 | iter_best=4.525241
2026-02-24 00:04:20 | INFO | underwater_sensor_ga.pso | PSO iter 1129/1250 | best_global_cost=4.184158 | iter_best=4.430271
2026-02-24 00:04:23 | INFO | underwater_sensor_ga.pso | PSO iter 1130/1250 | best_global_cost=4.184158 | iter_best=4.605584
2026-02-24 00:04:25 | INFO | underwater_sensor_ga.pso | PSO iter 1131/1250 | best_global_cost=4.184158 | iter_best=4.541060
2026-02-24 00:04:28 | INFO | underwater_sensor_ga.pso | PSO iter 1132/1250 | best_global_cost=4.184158 | iter_best=4.702240
2026-02-24 00:04:31 | INFO | underwater_sensor_ga.pso | PSO iter 1133/1250 | best_global_cost=4.184158 | iter_best=4.493631
2026-02-24 00:04:33 | INFO | underwater_sensor_ga.pso | PSO iter 1134/1250 | best_global_cost=4.184158 | iter_best=4.597223
2026-02-24 00:04:36 | INFO | underwater_sensor_ga.pso | PSO iter 1135/1250 | best_global_cost=4.184158 | iter_best=4.641891
2026-02-24 00:04:39 | INFO | underwater_sensor_ga.pso | PSO iter 1136/1250 | best_global_cost=4.184158 | iter_best=4.613979
2026-02-24 00:04:41 | INFO | underwater_sensor_ga.pso | PSO iter 1137/1250 | best_global_cost=4.184158 | iter_best=4.352212
2026-02-24 00:04:44 | INFO | underwater_sensor_ga.pso | PSO iter 1138/1250 | best_global_cost=4.184158 | iter_best=4.331710
2026-02-24 00:04:46 | INFO | underwater_sensor_ga.pso | PSO iter 1139/1250 | best_global_cost=4.184158 | iter_best=4.630874
2026-02-24 00:04:49 | INFO | underwater_sensor_ga.pso | PSO iter 1140/1250 | best_global_cost=4.184158 | iter_best=4.425562
2026-02-24 00:04:53 | INFO | underwater_sensor_ga.pso | PSO iter 1141/1250 | best_global_cost=4.184158 | iter_best=4.621192
2026-02-24 00:04:55 | INFO | underwater_sensor_ga.pso | PSO iter 1142/1250 | best_global_cost=4.184158 | iter_best=4.480773
2026-02-24 00:04:59 | INFO | underwater_sensor_ga.pso | PSO iter 1143/1250 | best_global_cost=4.184158 | iter_best=4.423870
2026-02-24 00:05:01 | INFO | underwater_sensor_ga.pso | PSO iter 1144/1250 | best_global_cost=4.184158 | iter_best=4.630994
2026-02-24 00:05:05 | INFO | underwater_sensor_ga.pso | PSO iter 1145/1250 | best_global_cost=4.184158 | iter_best=4.500671
2026-02-24 00:05:08 | INFO | underwater_sensor_ga.pso | PSO iter 1146/1250 | best_global_cost=4.184158 | iter_best=4.478986
2026-02-24 00:05:11 | INFO | underwater_sensor_ga.pso | PSO iter 1147/1250 | best_global_cost=4.184158 | iter_best=4.752333
2026-02-24 00:05:13 | INFO | underwater_sensor_ga.pso | PSO iter 1148/1250 | best_global_cost=4.184158 | iter_best=4.596021
2026-02-24 00:05:16 | INFO | underwater_sensor_ga.pso | PSO iter 1149/1250 | best_global_cost=4.184158 | iter_best=4.679253
2026-02-24 00:05:19 | INFO | underwater_sensor_ga.pso | PSO iter 1150/1250 | best_global_cost=4.184158 | iter_best=4.406436
2026-02-24 00:05:22 | INFO | underwater_sensor_ga.pso | PSO iter 1151/1250 | best_global_cost=4.184158 | iter_best=4.497076
2026-02-24 00:05:24 | INFO | underwater_sensor_ga.pso | PSO iter 1152/1250 | best_global_cost=4.184158 | iter_best=4.554452
2026-02-24 00:05:27 | INFO | underwater_sensor_ga.pso | PSO iter 1153/1250 | best_global_cost=4.184158 | iter_best=4.630332
2026-02-24 00:05:29 | INFO | underwater_sensor_ga.pso | PSO iter 1154/1250 | best_global_cost=4.184158 | iter_best=4.554005
2026-02-24 00:05:32 | INFO | underwater_sensor_ga.pso | PSO iter 1155/1250 | best_global_cost=4.184158 | iter_best=4.479186
2026-02-24 00:05:34 | INFO | underwater_sensor_ga.pso | PSO iter 1156/1250 | best_global_cost=4.184158 | iter_best=4.430271
2026-02-24 00:05:36 | INFO | underwater_sensor_ga.pso | PSO iter 1157/1250 | best_global_cost=4.184158 | iter_best=4.596366
2026-02-24 00:05:39 | INFO | underwater_sensor_ga.pso | PSO iter 1158/1250 | best_global_cost=4.184158 | iter_best=4.708641
2026-02-24 00:05:41 | INFO | underwater_sensor_ga.pso | PSO iter 1159/1250 | best_global_cost=4.184158 | iter_best=4.639005
2026-02-24 00:05:43 | INFO | underwater_sensor_ga.pso | PSO iter 1160/1250 | best_global_cost=4.184158 | iter_best=4.528956
2026-02-24 00:05:46 | INFO | underwater_sensor_ga.pso | PSO iter 1161/1250 | best_global_cost=4.184158 | iter_best=4.449633
2026-02-24 00:05:49 | INFO | underwater_sensor_ga.pso | PSO iter 1162/1250 | best_global_cost=4.184158 | iter_best=4.460944
2026-02-24 00:05:53 | INFO | underwater_sensor_ga.pso | PSO iter 1163/1250 | best_global_cost=4.184158 | iter_best=4.629066
2026-02-24 00:05:55 | INFO | underwater_sensor_ga.pso | PSO iter 1164/1250 | best_global_cost=4.184158 | iter_best=4.582328
2026-02-24 00:05:57 | INFO | underwater_sensor_ga.pso | PSO iter 1165/1250 | best_global_cost=4.184158 | iter_best=4.568509
2026-02-24 00:06:01 | INFO | underwater_sensor_ga.pso | PSO iter 1166/1250 | best_global_cost=4.184158 | iter_best=4.465218
2026-02-24 00:06:03 | INFO | underwater_sensor_ga.pso | PSO iter 1167/1250 | best_global_cost=4.184158 | iter_best=4.610591
2026-02-24 00:06:06 | INFO | underwater_sensor_ga.pso | PSO iter 1168/1250 | best_global_cost=4.184158 | iter_best=4.540319
2026-02-24 00:06:09 | INFO | underwater_sensor_ga.pso | PSO iter 1169/1250 | best_global_cost=4.184158 | iter_best=4.377235
2026-02-24 00:06:11 | INFO | underwater_sensor_ga.pso | PSO iter 1170/1250 | best_global_cost=4.184158 | iter_best=4.809692
2026-02-24 00:06:14 | INFO | underwater_sensor_ga.pso | PSO iter 1171/1250 | best_global_cost=4.184158 | iter_best=4.624148
2026-02-24 00:06:16 | INFO | underwater_sensor_ga.pso | PSO iter 1172/1250 | best_global_cost=4.184158 | iter_best=4.670107
2026-02-24 00:06:20 | INFO | underwater_sensor_ga.pso | PSO iter 1173/1250 | best_global_cost=4.184158 | iter_best=4.606614
2026-02-24 00:06:24 | INFO | underwater_sensor_ga.pso | PSO iter 1174/1250 | best_global_cost=4.184158 | iter_best=4.475796
2026-02-24 00:06:27 | INFO | underwater_sensor_ga.pso | PSO iter 1175/1250 | best_global_cost=4.184158 | iter_best=4.462529
2026-02-24 00:06:30 | INFO | underwater_sensor_ga.pso | PSO iter 1176/1250 | best_global_cost=4.184158 | iter_best=4.480773
2026-02-24 00:06:32 | INFO | underwater_sensor_ga.pso | PSO iter 1177/1250 | best_global_cost=4.184158 | iter_best=4.472907
2026-02-24 00:06:35 | INFO | underwater_sensor_ga.pso | PSO iter 1178/1250 | best_global_cost=4.184158 | iter_best=4.637717
2026-02-24 00:06:37 | INFO | underwater_sensor_ga.pso | PSO iter 1179/1250 | best_global_cost=4.184158 | iter_best=4.477718
2026-02-24 00:06:40 | INFO | underwater_sensor_ga.pso | PSO iter 1180/1250 | best_global_cost=4.184158 | iter_best=4.696879
2026-02-24 00:06:43 | INFO | underwater_sensor_ga.pso | PSO iter 1181/1250 | best_global_cost=4.184158 | iter_best=4.644352
2026-02-24 00:06:45 | INFO | underwater_sensor_ga.pso | PSO iter 1182/1250 | best_global_cost=4.184158 | iter_best=4.426151
2026-02-24 00:06:48 | INFO | underwater_sensor_ga.pso | PSO iter 1183/1250 | best_global_cost=4.184158 | iter_best=4.590762
2026-02-24 00:06:51 | INFO | underwater_sensor_ga.pso | PSO iter 1184/1250 | best_global_cost=4.184158 | iter_best=4.547518
2026-02-24 00:06:54 | INFO | underwater_sensor_ga.pso | PSO iter 1185/1250 | best_global_cost=4.184158 | iter_best=4.546930
2026-02-24 00:06:56 | INFO | underwater_sensor_ga.pso | PSO iter 1186/1250 | best_global_cost=4.184158 | iter_best=4.283856
2026-02-24 00:06:59 | INFO | underwater_sensor_ga.pso | PSO iter 1187/1250 | best_global_cost=4.184158 | iter_best=4.445448
2026-02-24 00:07:01 | INFO | underwater_sensor_ga.pso | PSO iter 1188/1250 | best_global_cost=4.184158 | iter_best=4.513350
2026-02-24 00:07:04 | INFO | underwater_sensor_ga.pso | PSO iter 1189/1250 | best_global_cost=4.184158 | iter_best=4.543276
2026-02-24 00:07:07 | INFO | underwater_sensor_ga.pso | PSO iter 1190/1250 | best_global_cost=4.184158 | iter_best=4.620869
2026-02-24 00:07:09 | INFO | underwater_sensor_ga.pso | PSO iter 1191/1250 | best_global_cost=4.184158 | iter_best=4.472907
2026-02-24 00:07:12 | INFO | underwater_sensor_ga.pso | PSO iter 1192/1250 | best_global_cost=4.184158 | iter_best=4.599956
2026-02-24 00:07:14 | INFO | underwater_sensor_ga.pso | PSO iter 1193/1250 | best_global_cost=4.184158 | iter_best=4.674292
2026-02-24 00:07:16 | INFO | underwater_sensor_ga.pso | PSO iter 1194/1250 | best_global_cost=4.184158 | iter_best=4.685074
2026-02-24 00:07:20 | INFO | underwater_sensor_ga.pso | PSO iter 1195/1250 | best_global_cost=4.184158 | iter_best=4.504209
2026-02-24 00:07:22 | INFO | underwater_sensor_ga.pso | PSO iter 1196/1250 | best_global_cost=4.184158 | iter_best=4.534191
2026-02-24 00:07:24 | INFO | underwater_sensor_ga.pso | PSO iter 1197/1250 | best_global_cost=4.184158 | iter_best=4.634027
2026-02-24 00:07:27 | INFO | underwater_sensor_ga.pso | PSO iter 1198/1250 | best_global_cost=4.184158 | iter_best=4.479186
2026-02-24 00:07:30 | INFO | underwater_sensor_ga.pso | PSO iter 1199/1250 | best_global_cost=4.184158 | iter_best=4.387559
2026-02-24 00:07:32 | INFO | underwater_sensor_ga.pso | PSO iter 1200/1250 | best_global_cost=4.184158 | iter_best=4.459138
2026-02-24 00:07:35 | INFO | underwater_sensor_ga.pso | PSO iter 1201/1250 | best_global_cost=4.184158 | iter_best=4.505040
2026-02-24 00:07:38 | INFO | underwater_sensor_ga.pso | PSO iter 1202/1250 | best_global_cost=4.184158 | iter_best=4.380626
2026-02-24 00:07:41 | INFO | underwater_sensor_ga.pso | PSO iter 1203/1250 | best_global_cost=4.184158 | iter_best=4.352942
2026-02-24 00:07:43 | INFO | underwater_sensor_ga.pso | PSO iter 1204/1250 | best_global_cost=4.184158 | iter_best=4.726184
2026-02-24 00:07:46 | INFO | underwater_sensor_ga.pso | PSO iter 1205/1250 | best_global_cost=4.184158 | iter_best=4.440950
2026-02-24 00:07:48 | INFO | underwater_sensor_ga.pso | PSO iter 1206/1250 | best_global_cost=4.184158 | iter_best=4.409988
2026-02-24 00:07:51 | INFO | underwater_sensor_ga.pso | PSO iter 1207/1250 | best_global_cost=4.184158 | iter_best=4.405916
2026-02-24 00:07:53 | INFO | underwater_sensor_ga.pso | PSO iter 1208/1250 | best_global_cost=4.184158 | iter_best=4.582270
2026-02-24 00:07:56 | INFO | underwater_sensor_ga.pso | PSO iter 1209/1250 | best_global_cost=4.184158 | iter_best=4.640961
2026-02-24 00:07:59 | INFO | underwater_sensor_ga.pso | PSO iter 1210/1250 | best_global_cost=4.184158 | iter_best=4.590029
2026-02-24 00:08:01 | INFO | underwater_sensor_ga.pso | PSO iter 1211/1250 | best_global_cost=4.184158 | iter_best=4.663683
2026-02-24 00:08:04 | INFO | underwater_sensor_ga.pso | PSO iter 1212/1250 | best_global_cost=4.184158 | iter_best=4.472352
2026-02-24 00:08:06 | INFO | underwater_sensor_ga.pso | PSO iter 1213/1250 | best_global_cost=4.184158 | iter_best=4.617215
2026-02-24 00:08:09 | INFO | underwater_sensor_ga.pso | PSO iter 1214/1250 | best_global_cost=4.184158 | iter_best=4.602925
2026-02-24 00:08:11 | INFO | underwater_sensor_ga.pso | PSO iter 1215/1250 | best_global_cost=4.184158 | iter_best=4.384369
2026-02-24 00:08:13 | INFO | underwater_sensor_ga.pso | PSO iter 1216/1250 | best_global_cost=4.184158 | iter_best=4.791375
2026-02-24 00:08:16 | INFO | underwater_sensor_ga.pso | PSO iter 1217/1250 | best_global_cost=4.184158 | iter_best=4.634027
2026-02-24 00:08:18 | INFO | underwater_sensor_ga.pso | PSO iter 1218/1250 | best_global_cost=4.184158 | iter_best=4.516431
2026-02-24 00:08:21 | INFO | underwater_sensor_ga.pso | PSO iter 1219/1250 | best_global_cost=4.184158 | iter_best=4.517578
2026-02-24 00:08:23 | INFO | underwater_sensor_ga.pso | PSO iter 1220/1250 | best_global_cost=4.184158 | iter_best=4.655355
2026-02-24 00:08:27 | INFO | underwater_sensor_ga.pso | PSO iter 1221/1250 | best_global_cost=4.184158 | iter_best=4.479916
2026-02-24 00:08:30 | INFO | underwater_sensor_ga.pso | PSO iter 1222/1250 | best_global_cost=4.184158 | iter_best=4.479186
2026-02-24 00:08:33 | INFO | underwater_sensor_ga.pso | PSO iter 1223/1250 | best_global_cost=4.184158 | iter_best=4.563265
2026-02-24 00:08:36 | INFO | underwater_sensor_ga.pso | PSO iter 1224/1250 | best_global_cost=4.184158 | iter_best=4.640961
2026-02-24 00:08:39 | INFO | underwater_sensor_ga.pso | PSO iter 1225/1250 | best_global_cost=4.184158 | iter_best=4.648612
2026-02-24 00:08:42 | INFO | underwater_sensor_ga.pso | PSO iter 1226/1250 | best_global_cost=4.184158 | iter_best=4.477718
2026-02-24 00:08:46 | INFO | underwater_sensor_ga.pso | PSO iter 1227/1250 | best_global_cost=4.184158 | iter_best=4.632510
2026-02-24 00:08:50 | INFO | underwater_sensor_ga.pso | PSO iter 1228/1250 | best_global_cost=4.184158 | iter_best=4.583308
2026-02-24 00:08:52 | INFO | underwater_sensor_ga.pso | PSO iter 1229/1250 | best_global_cost=4.184158 | iter_best=4.560602
2026-02-24 00:08:55 | INFO | underwater_sensor_ga.pso | PSO iter 1230/1250 | best_global_cost=4.184158 | iter_best=4.380925
2026-02-24 00:08:57 | INFO | underwater_sensor_ga.pso | PSO iter 1231/1250 | best_global_cost=4.184158 | iter_best=4.557400
2026-02-24 00:09:00 | INFO | underwater_sensor_ga.pso | PSO iter 1232/1250 | best_global_cost=4.184158 | iter_best=4.682446
2026-02-24 00:09:02 | INFO | underwater_sensor_ga.pso | PSO iter 1233/1250 | best_global_cost=4.184158 | iter_best=4.590289
2026-02-24 00:09:05 | INFO | underwater_sensor_ga.pso | PSO iter 1234/1250 | best_global_cost=4.184158 | iter_best=4.725767
2026-02-24 00:09:07 | INFO | underwater_sensor_ga.pso | PSO iter 1235/1250 | best_global_cost=4.184158 | iter_best=4.663968
2026-02-24 00:09:09 | INFO | underwater_sensor_ga.pso | PSO iter 1236/1250 | best_global_cost=4.184158 | iter_best=4.468662
2026-02-24 00:09:12 | INFO | underwater_sensor_ga.pso | PSO iter 1237/1250 | best_global_cost=4.184158 | iter_best=4.620383
2026-02-24 00:09:14 | INFO | underwater_sensor_ga.pso | PSO iter 1238/1250 | best_global_cost=4.184158 | iter_best=4.630583
2026-02-24 00:09:16 | INFO | underwater_sensor_ga.pso | PSO iter 1239/1250 | best_global_cost=4.184158 | iter_best=4.423870
2026-02-24 00:09:20 | INFO | underwater_sensor_ga.pso | PSO iter 1240/1250 | best_global_cost=4.184158 | iter_best=4.542601
2026-02-24 00:09:22 | INFO | underwater_sensor_ga.pso | PSO iter 1241/1250 | best_global_cost=4.184158 | iter_best=4.503101
2026-02-24 00:09:25 | INFO | underwater_sensor_ga.pso | PSO iter 1242/1250 | best_global_cost=4.184158 | iter_best=4.735104
2026-02-24 00:09:28 | INFO | underwater_sensor_ga.pso | PSO iter 1243/1250 | best_global_cost=4.184158 | iter_best=4.500192
2026-02-24 00:09:30 | INFO | underwater_sensor_ga.pso | PSO iter 1244/1250 | best_global_cost=4.184158 | iter_best=4.712546
2026-02-24 00:09:32 | INFO | underwater_sensor_ga.pso | PSO iter 1245/1250 | best_global_cost=4.184158 | iter_best=4.526314
2026-02-24 00:09:35 | INFO | underwater_sensor_ga.pso | PSO iter 1246/1250 | best_global_cost=4.184158 | iter_best=4.700275
2026-02-24 00:09:37 | INFO | underwater_sensor_ga.pso | PSO iter 1247/1250 | best_global_cost=4.184158 | iter_best=4.646139
2026-02-24 00:09:40 | INFO | underwater_sensor_ga.pso | PSO iter 1248/1250 | best_global_cost=4.184158 | iter_best=4.706389
2026-02-24 00:09:43 | INFO | underwater_sensor_ga.pso | PSO iter 1249/1250 | best_global_cost=4.184158 | iter_best=4.617025
2026-02-24 00:09:46 | INFO | underwater_sensor_ga.pso | PSO iter 1250/1250 | best_global_cost=4.184158 | iter_best=4.688127
2026-02-24 00:09:46 | INFO | underwater_sensor_ga.pso_runner | Final best cost (N=5): 4.184158
2026-02-24 00:09:46 | INFO | underwater_sensor_ga.pso_runner | All PSO experiments finished. Outputs saved under 'outputs'
